时间,MA5,MA10,MA20,MA60,EMA20,ATR14,RSI14,MACD,MACD_SIGNAL,MACD_HIST,BOLL_UP,BOLL_LOW,BOLL_MID,BOLL_WIDTH,KDJ_K,KDJ_D,KDJ_J,WILLIAMS_R14,CCI20,STOCH_RSI,VOL_MA20,OBV,OI_MA20,OI_CHANGE,OI_CHANGE_PCT
2024-11-18,764.0,764.0,764.0,764.0,764.0,30.0,0.0,0.0,0.0,0.0,764.0,764.0,764.0,0.0,46.66666666666666,46.66666666666666,46.66666666666667,-53.333333333333336,0.0,0.0,89550.0,0,10593.0,0.0,0.0
2024-11-19,768.0,768.0,768.0,768.0,764.7619047619048,23.25,99.9999999975,0.6381766381766738,0.1276353276353347,0.510541310541339,779.3137084989847,756.6862915010153,768.0,22.62741699796948,55.55555555555555,49.629629629629626,67.4074074074074,-26.666666666666668,35.355339059327726,100.0,77869.5,66189,11006.5,827.0,7.807042386481644
2024-11-20,768.6666666666666,768.6666666666666,768.6666666666666,768.6666666666666,765.2607709750567,19.0,80.0,0.9713557519825144,0.2963794125047707,0.6749763394777437,776.9933306645312,760.3400026688021,768.6666666666666,16.653327995729114,59.25925925925925,52.83950617283951,72.09876543209876,-33.333333333333336,23.48980879373406,80.00000000200001,60251.333333333336,41174,10687.0,-1372.0,-12.014010507880911
2024-11-21,780.125,780.125,780.125,780.125,769.9502213583846,25.875,96.3302752293578,4.771181487847571,1.191339827573331,3.57984166027424,826.4598321100516,733.7901678899484,780.125,92.6696642201032,72.83950617283949,59.50617283950616,99.50617283950616,-0.0,73.93894624329273,96.33027523176604,95624.75,242919,16754.0,24907.0,247.88017515923565
2024-11-22,786.0,786.0,786.0,786.0,773.7168669433004,25.7,88.23529411764706,7.295020095857808,2.4120758812302263,4.882944214627582,833.9635278102018,738.0364721897982,786.0,95.92705562040352,74.31724653946875,64.44319740616035,94.06534480608556,-22.727272727272727,69.24086096770439,88.23529411985295,133096.8,-40066,18878.4,-7579.0,-21.682162780718063
2024-11-25,792.7,787.9166666666666,787.9166666666666,787.9166666666666,775.9819272344147,25.58333333333333,73.42657342657343,8.231987437223552,3.576058192428892,4.65592924479466,831.8321157326465,744.0012176006868,787.9166666666666,87.83089813195966,70.10760158908306,66.33133213380125,77.66014049964667,-38.31168831168832,36.40601006801749,73.42657342840909,142931.83333333334,-232173,20102.33333333333,-1154.0,-4.215371127995327
2024-11-26,797.7,789.2142857142857,789.2142857142857,789.2142857142857,777.9836484501848,23.785714285714285,72.91666666666667,8.832380796558823,4.627322713254879,4.205058083303944,829.8871970224981,748.5413744060733,789.2142857142857,81.34582261642481,67.08472140570906,66.58246189110386,68.08924043491947,-38.96103896103896,27.56935207511071,72.91666666848958,135623.0,-323943,21091.85714285714,807.0,3.077568453969959
2024-11-27,803.0,790.125,790.125,790.125,779.7471105025481,21.9375,72.41379310344828,9.162234502060072,5.534305071015918,3.627929431044155,828.1315783779598,752.1184216220402,790.125,76.01315675591968,64.85301773367617,66.00598050529463,62.54709219043926,-39.61038961038961,20.43138459016421,72.41379310525863,126043.75,-382932,21568.375,-2125.0,-7.861926079396209
2024-11-28,799.6,790.9444444444445,790.9444444444445,790.9444444444445,781.4378618832578,21.83333333333333,72.7891156462585,9.396026043383811,6.306649265489497,3.089376777894316,826.8347092959486,755.0541795929403,790.9444444444445,71.78052970300837,63.79811571855467,65.27002557638131,60.85429600290138,-38.31168831168832,33.28683879296847,72.78911564807822,125906.55555555556,-258123,21827.777777777777,-1001.0,-4.01943462897526
2024-11-29,798.0,792.0,792.0,792.0,783.3485417039,20.55,74.19354838709677,9.791207153613072,7.003560843114213,2.787646310498859,826.4899341193276,757.5100658806724,792.0,68.97986823865517,62.88831124239523,64.47612079838595,59.71269213041381,-33.11688311688312,27.58172778073321,74.19354838895161,117175.8,-219524,21736.5,-2988.0,-12.500522946910433
2024-12-02,798.7,795.7,792.8181818181819,792.8181818181819,785.0296329701953,19.545454545454547,73.71794871794872,9.949355235375492,7.592719721566469,2.3566355138090227,825.9852520152093,759.6511116211544,792.8181818181819,66.33414039405488,61.39220749493016,63.448149697234015,57.28032309032244,-33.76623376623377,27.85444849632749,73.71794871979166,108679.54545454546,-243241,21612.454545454544,-543.0,-2.5962228065981363
2024-12-03,799.4,798.55,793.4583333333334,793.4583333333334,786.5030012587481,18.416666666666668,73.2484076433121,9.919991422108184,8.058174061674812,1.8618173604333703,825.3913835629888,761.5252831036779,793.4583333333334,63.86610045931093,59.28972025085739,62.062006548441815,53.74514765568856,-34.41558441558441,20.641767635263445,73.24840764514332,101229.16666666669,-262516,21264.416666666668,-2936.0,-14.411937954054588
2024-12-04,800.1,801.55,793.9615384615385,793.9615384615385,787.7884297102959,17.884615384615383,72.78481012658227,9.744051210322027,8.395349491404255,1.3487017189177717,824.7496896955807,763.1733872274962,793.9615384615385,61.57630246808458,48.20227925399626,57.4420974502933,29.722642861402164,-35.064935064935064,29.77359615140745,72.78481012840189,95704.76923076923,-291928,20944.153846153848,-335.0,-1.9213122275751335
2024-12-05,799.6,799.6,794.0357142857143,794.0357142857143,788.4752459283629,18.0,68.45238095238095,9.096302597551244,8.535540112633655,0.5607624849175892,823.6212208354119,764.4502077360168,794.0357142857143,59.17101309939517,44.11401950266418,52.9994048010836,26.34324890582533,-41.55844155844156,-0.041049666485736,68.45238095409226,90210.14285714286,-310708,20524.214285714286,-2036.0,-11.905736506637044
2024-12-06,797.9,797.95,793.9666666666667,793.9666666666667,788.9061748875665,16.357142857142858,66.86046511627907,8.325601518057965,8.493552393718517,-0.1679508756605514,822.4809905525082,765.4523427808252,793.9666666666667,57.02864777168293,39.46225638801951,48.487021996728906,21.41272517060069,-51.908396946564885,-3.935237786868007,0.0,85079.0,-323951,20070.266666666663,-1350.0,-8.961168270826414
2024-12-09,796.8,797.75,794.0625,794.0625,789.5341582316078,15.678571428571429,64.59627329192547,7.826327435628059,8.360107402100425,-0.5337799664723661,821.6206204003466,766.5043795996534,794.0625,55.11624080069328,39.00658362375904,45.32687587240562,26.36599912646585,-50.4,9.476944382525051,0.0,80389.6875,-313901,19662.1875,-174.0,-1.2686839227123548
2024-12-10,797.5,798.45,794.6470588235294,794.6470588235294,790.9118574476452,16.107142857142858,69.54022988505747,8.024032044144633,8.292892330509266,-0.2688602863646334,821.762010201603,767.5321074454558,794.6470588235294,54.22990275614711,47.69751077562771,46.117087506812986,50.85835731325717,-38.983050847457626,38.95894330534971,15.579366897624976,76827.29411764706,-294072,19279.117647058825,-391.0,-2.8875267705486984
2024-12-11,798.2,799.15,795.1388888888889,795.1388888888889,792.110728166917,13.142857142857142,37.2093023255814,8.047600816695876,8.243834027746589,-0.1962332110507123,821.7732443135823,768.5045334641956,795.1388888888889,53.26871084938671,55.19015338258222,49.14144279873607,67.28757455027451,-54.02298850574713,32.04496564235532,0.0,72992.05555555556,-301865,18829.88888888889,-1957.0,-14.882129277566536
2024-12-12,800.1,799.85,795.6315789473684,795.6315789473684,793.2906588176868,11.714285714285714,43.58974358974359,8.054127908390456,8.205892803875363,-0.1517648954849075,821.8694694987217,769.3936883960151,795.6315789473684,52.475781102706605,61.35483909716008,53.21257489821073,77.63936749505876,-34.375,34.459836786127816,17.251781349144434,69481.0,-295583,18428.78947368421,16.0,0.1429464844098893
2024-12-13,801.7,799.8,795.9,795.9,794.024881787431,10.392857142857142,55.73770491803278,7.688254514038363,8.102365145907964,-0.414110631869601,821.5506899466046,770.2493100533953,795.9,51.30137989320929,61.37106232208332,55.93207070616826,72.24904555391342,-44.44444444444444,18.482857865327244,50.09809463638479,66372.3,-302890,18052.5,-306.0,-2.729949148006061
2024-12-16,803.2,800.0,797.85,796.2380952380952,794.8796549505329,9.821428571428571,59.375,7.473530293232102,7.976598175372791,-0.5030678821406891,818.7862440707372,776.9137559292628,797.85,41.87248814147438,63.7210590919152,58.52840016808391,74.10637693957776,-38.095238095238095,26.83782160079663,59.93280933062881,62204.8,-296690,18058.1,-198.0,-1.8160139411171228
2024-12-17,803.9,800.7,799.625,796.75,796.0815925742917,10.428571428571429,65.27777777777777,7.579104988689096,7.897099538036052,-0.317994549346956,817.0602184415702,782.1897815584298,799.625,34.87043688314043,64.70292828349902,60.586576206555605,72.93563243738583,-33.333333333333336,58.55003035151195,75.89305837277439,59922.05,-276156,18124.35,2040.0,19.056515646893967
2024-12-18,804.9,801.55,801.55,797.2608695652174,797.2642980434067,9.464285714285714,65.27777777777777,7.655220718876762,7.848723774204194,-0.1935030553274312,812.5135760589328,790.5864239410671,801.55,21.92715211786572,64.44676093216874,61.87330444842665,69.59367389965294,-30.55555555555556,77.68972350497285,75.89305837277439,59274.9,-264084,18236.85,-447.0,-3.5072577481365275
2024-12-19,806.1,803.1,801.35,797.8125,798.5248410868918,9.178571428571429,63.23529411764706,7.787160727213291,7.836411164806013,-0.0492504375927227,811.4291603660333,791.2708396339667,801.35,20.158320732066613,64.53313473909289,62.7599145453154,68.07957512664788,-25.0,75.55410204361864,71.28720005764659,49645.95,-254918,17148.65,893.0,7.261343307854928
2024-12-20,811.7,806.7,802.325,799.06,801.4272371738545,9.857142857142858,76.92307692307693,9.277573432010172,8.124643618246846,1.1529298137633257,817.9632627921999,786.6867372078002,802.325,31.27652558439968,75.82632263029473,67.11538390697518,93.2482000769338,-1.0869565217391304,148.93580570426383,100.0,36662.95,-231593,16703.3,5278.0,40.012129482222726
2024-12-23,815.7,809.45,803.6,799.9807692307693,803.4817860144398,10.857142857142858,69.56521739130434,9.8609158824122,8.471898071079918,1.3890178113322822,821.5666357451807,785.6333642548193,803.6,35.93327149036145,70.87608500556235,68.36895093983757,75.89035313701189,-28.82882882882883,132.3313647556126,81.47277712495101,30489.1,-300223,16399.9,1685.0,9.123395960799186
2024-12-24,820.0,811.95,805.2,801.0555555555555,805.9120921083027,10.678571428571429,73.01587301587301,10.684207934637016,8.914360043791337,1.7698478908456785,826.1445382906984,784.2554617093017,805.2,41.88907658139669,72.45397536956189,69.73062574974568,77.90067460919431,-18.01801801801802,109.23691597166652,90.16159016159013,26813.35,-281968,16134.25,1562.0,7.750322516622021
2024-12-25,823.0,813.95,806.55,801.8571428571429,807.587130955131,10.178571428571429,72.44094488188976,10.768733526156325,9.285234740264334,1.4834987858919906,828.5856171016976,784.5143828983023,806.55,44.071234203395306,69.03435756344777,69.49853635431305,68.10599998171722,-31.0,90.95371444362864,88.71391076115484,24810.7,-300904,15875.65,-1984.0,-9.136120832565853
2024-12-26,824.1,815.1,807.475,802.3448275862069,808.3883565784517,10.571428571428571,66.66666666666666,10.113946071920282,9.450977006595524,0.6629690653247575,829.4641719764644,785.4858280235356,807.475,43.97834395292875,59.18079977914062,66.05929082925557,45.42381767891072,-51.11111111111112,49.69085530309126,74.17417417417413,19690.6,-323311,15595.05,-1441.0,-7.30285830123657
2024-12-27,823.2,817.45,808.625,803.0833333333334,809.9227988090754,10.964285714285714,69.33333333333334,10.163739991570992,9.593529603590618,0.5702103879803744,831.6784276478746,785.5715723521254,808.625,46.106855295749256,59.72413678969736,63.947572816069496,51.27726473695307,-35.36585365853659,60.23419393574829,80.88888888888889,18631.5,-305894,15379.95,-1678.0,-9.173910666447982
2024-12-30,823.3,819.5,809.75,803.741935483871,811.2158655891635,10.392857142857142,64.44444444444444,10.00715414523961,9.676254511920416,0.3308996333191931,833.424325422502,786.075674577498,809.75,47.34865084500393,57.25198862902901,61.71571142038934,48.32454304630835,-37.80487804878049,56.913035097063535,68.57857857857856,17881.1,-314603,15154.8,-744.0,-4.478420514055259
2024-12-31,823.0,821.5,811.1,804.484375,812.7667355330527,10.857142857142858,66.90140845070422,10.089519603011354,9.758907530138606,0.3306120728727482,835.6176628061013,786.5823371938988,811.1,49.03532561220254,59.13573435483654,60.85571906520508,55.695764934099486,-28.04878048780488,62.60061451916013,69.93499458288187,17696.8,-299014,15123.1,933.0,5.879387485033716
2025-01-02,824.1,823.55,812.55,805.2272727272727,814.3127607203811,11.392857142857142,67.13286713286713,10.15872878385244,9.838871780881371,0.3198570029710659,837.724966680582,787.3750333194179,812.55,50.349933361164176,61.06124980380916,60.92422931140644,61.3352907886146,-24.390243902439025,71.000529140137,53.78787878787877,17511.4,-273310,15192.2,1681.0,10.004761337935951
2025-01-03,826.7,825.4,814.25,805.9264705882352,815.7115454136782,11.571428571428571,70.58823529411765,10.09718351204583,9.890534127114265,0.2066493849315662,839.0237127234749,789.4762872765251,814.25,49.547425446949774,60.7074998692061,60.85198616400632,60.418527279605655,-26.31578947368421,55.92303201524083,63.90008058017728,17280.25,-273310,15297.6,-1310.0,-7.087594005302167
2025-01-06,829.9,826.55,816.625,806.9142857142857,818.0723506123755,12.5,74.19354838709677,10.851275581005892,10.082682417892592,0.7685931631133016,841.9229612242817,791.3270387757183,816.625,50.59592244856344,68.0758332461374,63.25993519138335,77.70762935564554,-12.5,88.83878724996907,80.05865102639285,18732.6,-231020,15833.75,7265.0,42.30478076049613
2025-01-07,834.8,829.05,819.25,808.0555555555555,820.9226029350064,12.178571428571429,75.15527950310559,11.916717793655494,10.449489493045172,1.467228300610321,846.1621377429354,792.3378622570646,819.25,53.824275485870885,77.76484121171065,68.09490386482578,97.1047159054804,-2.3529411764705883,100.29222773806784,87.08485190698622,20010.3,-195416,16541.15,3251.0,13.303052622964229
2025-01-08,839.2,831.1,821.525,809.1756756756756,823.6442597983391,12.678571428571429,75.30864197530865,12.735321033837977,10.906655801203732,1.8286652326342436,850.6137480507135,792.4362519492864,821.525,58.177496101427096,78.43498777409923,71.54159850125026,92.22176631979715,-17.821782178217823,104.96476212145691,88.20528517498211,21123.95,-153314,17322.25,1083.0,3.9113005164505674
2025-01-09,842.8,833.45,823.7,810.171052631579,825.868616008021,13.0,72.39263803680981,13.03211478573212,11.331747598109413,1.7003671876227084,853.6075769311848,793.7924230688153,823.7,59.81515386236947,76.70859650056228,73.2639311676876,83.59792716631162,-23.95833333333333,82.81074986158818,63.694428103201886,21932.65,-177281,18136.35,-1297.0,-4.5078548588905925
2025-01-10,849.4,838.05,826.575,811.5,829.3097001977333,12.928571428571429,71.15384615384616,14.312712570996837,11.927940592686896,2.3847719783099404,859.6033371157492,793.5466628842508,826.575,66.05667423149839,83.34880216142355,76.62555483226625,96.79529681973816,-3.0303030303030303,99.2606182172297,61.756993006993056,23382.9,-141994,19174.4,4495.0,16.360327570518663
2025-01-13,855.2,842.55,830.0,812.95,833.1373477979492,12.892857142857142,79.24528301886792,15.751212686848248,12.692595011519169,3.058617675329081,865.9400084936873,794.0599915063127,830.0,71.88001698737457,82.39513640029863,78.54874868827704,90.0879118243418,-17.77777777777778,119.53628102311544,100.0,25886.1,-84623,20302.75,1500.0,4.691898654989046
2025-01-14,857.9,846.35,832.925,814.1341463414634,835.8385527695731,13.535714285714286,69.93865030674846,16.060565054687913,13.366189020152916,2.694376034534997,869.133860503299,796.7161394967009,832.925,72.41772100659819,76.86741287085435,77.98830341580282,74.6256317809574,-29.62962962962963,86.35651214612597,37.12090929630332,27319.2,-119485,21319.35,-2433.0,-7.269196295189717
2025-01-15,859.0,849.1,835.3,815.1071428571429,837.6634525058042,14.607142857142858,69.0909090909091,15.601390242543062,13.813229264630946,1.7881609779121153,870.7094843078429,799.890515692157,835.3,70.81896861568589,69.47856014752114,75.15172232637559,58.13223578981223,-39.25925925925926,62.01304199267179,31.39325263971159,29277.7,-179189,22117.9,-2321.0,-7.47817121500145
2025-01-16,862.5,852.65,838.1,816.2558139534884,840.2193141719182,14.678571428571429,78.69822485207101,15.8216790336827,14.214919218441295,1.6067598152414018,873.4428322220177,802.7571677779823,838.1,70.68566444403541,69.06047312015428,73.12130592430182,60.93880751185921,-25.75757575757576,72.89351198216023,96.30387045945992,29997.55,-152720,22941.15,47.0,0.1636718205878296
2025-01-17,863.0,856.2,840.8,817.3522727272727,842.5317604412594,14.642857142857142,76.31578947368422,15.813965932339784,14.534728561220994,1.2792373711187892,875.5099257758991,806.0900742241008,840.8,69.41985155179827,66.91943629255707,71.05401604705358,58.65027678356404,-27.2,67.94613457975619,80.20724616072766,30685.2,-152720,23715.05,-94.0,-0.3268087473490277
2025-01-20,861.9,858.55,842.55,818.3888888888889,844.5763546849489,15.035714285714286,76.82119205298014,15.58782072835504,14.745346994647804,0.8424737337072372,878.2695214207346,806.8304785792653,842.55,71.43904284146925,62.79477571018956,68.30093593476558,51.78245526103754,-28.45528455284553,66.5083608315288,80.3619928856066,31133.4,-185009,24226.0,19.0,0.0662736753985093
2025-01-21,860.9,859.4,844.225,819.2173913043479,845.711939953049,15.0,68.35443037974684,14.63471185653384,14.723219967025011,-0.0885081104911726,879.2189468449827,809.2310531550173,844.225,69.9878936899654,53.55149549510473,63.38445578821196,33.88557490889026,-42.73504273504273,41.70269998761157,10.085215520807552,28619.95,-203370,24605.7,-940.0,-3.27663134411601
2025-01-22,861.3,860.15,845.625,820.0212765957447,846.7869932908538,15.107142857142858,67.94871794871794,13.761082833237538,14.53079254026752,-0.7697097070299819,880.2931637665938,810.9568362334062,845.625,69.33632753318761,47.25655255229204,58.00848804290532,25.75268157106548,-41.88034188034188,29.1142962669268,0.0,28727.45,-182965,24784.55,-2455.0,-8.847484503387637
2025-01-23,860.6,861.55,847.5,820.875,848.1406129774392,14.857142857142858,69.51219512195122,13.238882512042665,14.27241053462255,-1.033528022579885,881.1717904733949,813.8282095266051,847.5,67.34358094678987,46.615479479305804,54.21081852170549,31.42480139450645,-38.3177570093458,36.19112594412953,13.84028829581666,28286.7,-172844,25039.55,-461.0,-1.8226386747321357
2025-01-24,861.8,862.4,850.225,821.8877551020408,850.2700784081593,14.607142857142858,68.75,13.436715508120187,14.105271529322078,-0.6685560212018906,881.9266934629846,818.5233065370154,850.225,63.40338692596925,60.52143076398164,56.314355935797536,68.93558042034985,-24.17582417582417,55.84455798024327,7.093147751606054,27941.45,-157342,25402.45,717.0,2.887403350515472
2025-01-27,864.0,862.95,852.75,822.95,852.6253090359537,14.214285714285714,67.53246753246754,13.797562265638362,14.043729676585336,-0.246167410946974,883.8635441822197,821.6364558177803,852.75,62.2270883644394,72.14249230419288,61.59040139192932,93.24667412872,-16.883116883116884,68.16776260372276,0.0,27626.3,-146228,25835.0,-285.0,-1.1155035422130033
2025-02-05,866.2,863.55,854.95,823.8235294117648,854.0419462706247,14.535714285714286,60.8433734939759,13.324749186592612,13.899933578586792,-0.5751843919941795,883.469430126439,826.4305698735611,854.95,57.03886025287784,67.21264192828545,63.464481570714696,74.70896264342696,-37.17948717948718,55.770969848973074,0.0,28078.95,-163990,26302.05,-54.0,-0.2137428752374881
2025-02-06,872.8,867.05,858.075,825.0961538461538,857.4665228162796,15.785714285714286,70.873786407767,14.597334390342098,14.039413740937851,0.5579206494042452,887.6087006432347,828.5412993567654,858.075,59.06740128646925,78.14176128552364,68.35690814231768,97.71146757193556,-0.0,84.08138593302422,54.507456958328646,28983.65,-130307,27139.6,8343.0,33.09401031336772
2025-02-07,878.6,869.6,861.125,826.3207547169811,860.5649492147293,15.178571428571429,65.9090909090909,15.428022690825514,14.317135530915388,1.1108871599101278,890.6151857001879,831.6348142998121,861.125,58.980371400375816,83.5551816809858,73.42299932187372,103.81954639920994,-5.154639175257732,99.40268126678949,27.528216070526128,28775.15,-130307,27990.7,1952.0,5.817661609990155
2025-02-10,884.1,872.95,864.575,827.6481481481482,864.1301921466599,14.607142857142858,66.10169491525424,16.54120557364513,14.761949539461336,1.779256034183792,894.3836441012986,834.7663558987015,864.575,59.61728820259714,89.03678778732387,78.62759547702376,109.8551724079241,-0.0,109.29796709307904,29.450379148042025,29404.0,-103573,29167.4,5202.0,14.65145754119137
2025-02-11,887.6,875.8,867.175,828.8272727272728,866.8320786088827,14.392857142857142,68.02325581395348,16.786107198946638,15.1667810713584,1.6193261275882396,897.2123013715313,837.1376986284686,867.175,60.07460274306277,88.44282584514401,81.89933893306385,101.52979966930435,-11.818181818181818,91.2647904216726,40.21250121873648,28766.35,-133110,29946.7,-683.0,-1.6778441054364102
2025-02-12,892.5,879.35,869.375,829.9553571428571,869.2290235032749,13.178571428571429,73.125,16.746800982884224,15.482785053663564,1.26401592922066,899.9396424553117,838.8103575446883,869.375,61.12928491062348,85.62855056342934,83.14240947651902,90.60083273724996,-16.9811320754717,89.56473501199271,68.78593531643043,28688.4,-167155,30700.95,2750.0,6.870877473515891
2025-02-13,889.5,881.15,870.65,830.7456140350877,869.7786403124869,13.714285714285714,55.99999999999999,15.169033423486326,15.420034727628115,-0.2510013041417913,899.8193783200626,841.4806216799374,870.65,58.33875664012521,69.78411307403226,78.68964400902344,51.97305120404991,-49.0566037735849,32.32787783599389,0.0,29028.85,-216066,31398.7,-47.0,-0.1098798335437467
2025-02-14,886.7,882.65,872.1,831.5258620689655,870.3711507589168,14.0,56.49717514124293,13.839796350755703,15.103987052253636,-1.264190701497931,899.1235764511383,845.0764235488617,872.1,54.04715290227659,57.92625082128467,71.76851294644385,30.241726570966307,-47.16981132075472,31.580015529707136,2.3878322623309187,29856.15,-175553,32089.7,-1432.0,-3.351510754323961
2025-02-17,884.4,884.25,873.325,832.457627118644,871.90723163902,13.964285714285714,61.42131979695432,13.478259654448266,14.778841572692563,-1.3005819182442977,900.6404573552469,846.0095426447532,873.325,54.6309147104937,59.23153563524241,67.5895205093767,42.51556588697383,-27.358490566037737,40.13477862001942,31.65734188002522,29840.45,-140580,32649.95,1880.0,4.552609274730601
2025-02-18,882.9,885.25,874.1,833.3333333333334,873.1541619591133,13.892857142857142,65.4054054054054,12.92174788777504,14.40742283570906,-1.4856749479340188,901.8348346422252,846.3651653577748,874.1,55.46966928445045,58.78593603753003,64.65499235209447,47.04782340840114,-30.18867924528302,40.70995198691644,54.92207536003157,28128.7,-163716,33094.6,-812.0,-1.880718008106541
2025-02-19,882.3,887.4,875.475,835.4166666666666,874.6632893915786,13.714285714285714,66.66666666666666,12.65756632827015,14.05745153422128,-1.3998852059511293,903.3062111807852,847.6437888192147,875.475,55.66242236157064,59.190624025020014,62.83353624306965,51.90479958892074,-26.666666666666668,46.75282787641441,62.28710462287101,27692.65,-137575,33674.25,267.0,0.6302669782593195
2025-02-20,886.7,888.1,877.575,837.5,876.7905951638093,14.535714285714286,68.0,12.944517342011068,13.834864695779236,-0.8903473537681688,905.2389134119372,849.9110865880629,877.575,55.327826823874375,67.41740526399184,64.36149258337704,73.52923062522143,-11.627906976744184,68.4618265598758,70.07299270072994,26418.0,-103364,34427.55,1152.0,2.70232230823364
2025-02-21,890.5,888.6,879.1,839.5833333333334,878.5248241958274,14.25,63.24324324324324,12.86227648563124,13.640347053749638,-0.7780705681183964,907.0898477835692,851.110152216431,879.1,55.97969556713815,70.75138845556445,66.49145787410617,79.27124961848102,-17.94871794871795,63.28168004086073,42.296310909449616,26577.2,-133017,35189.4,218.0,0.49792152025947
2025-02-24,888.1,886.25,879.6,840.5833333333334,878.1415076057485,15.25,49.76958525345622,11.015936481508902,13.115464939301493,-2.099528457792591,906.8389040663689,852.3610959336312,879.6,54.477808132737664,50.931033163924695,61.304649637379015,30.183800217016056,-70.51282051282051,0.9169807800908374,0.0,27620.5,-176802,35904.5,-1029.0,-2.3386363636363594
2025-02-25,884.5,883.7,879.75,841.5416666666666,877.0804116432963,15.142857142857142,49.76958525345622,8.845545464244879,12.261481044290171,-3.415935580045293,906.6582260949872,852.8417739050128,879.75,53.81645218997437,41.36142951669054,54.65690959714952,14.770469355772576,-77.77777777777777,-52.7210292803243,0.0,28811.1,-232903,36558.65,-1200.0,-2.7925810430290188
2025-02-26,879.2,880.75,880.05,842.625,875.6918010106014,14.285714285714286,34.80662983425414,6.685318365656144,11.146248508563367,-4.460930142907223,905.9829093908432,854.1170906091568,880.05,51.86581878168636,31.64836041853444,46.98739320427783,0.9702948470476542,-87.77777777777777,-56.32891081319728,0.0,29318.95,-261421,37215.9,-878.0,-2.1019367503770536
2025-02-27,872.7,879.7,880.425,843.75,874.6259152000679,14.535714285714286,36.21621621621621,5.076190942366907,9.932236995324075,-4.8560460529571685,905.1429351036746,855.7070648963253,880.425,49.43587020734935,28.39057361235629,40.78845334030399,3.594814156460899,-78.125,-77.56960224474183,3.678617790539929,30030.6,-226783,37935.6,-1206.0,-2.949160002934492
2025-02-28,866.7,878.6,880.625,844.8916666666667,873.70916137149,14.392857142857142,30.58823529411764,3.7975162837516336,8.705292853009587,-4.907776569257953,904.738492619606,856.511507380394,880.625,48.2269852392119,26.565937963793083,36.04761488146703,7.602584128445187,-77.08333333333333,-72.17959956554013,0.0,30360.05,-210073,38605.6,-1455.0,-3.666187920477737
2025-03-03,862.4,875.25,879.75,845.8166666666667,871.7368602884909,14.535714285714286,28.41530054644809,1.7951641576710244,7.323267113941875,-5.528102956270851,906.5327517158652,852.9672482841347,879.75,53.565503431730576,20.79704506228181,30.96409160840529,0.462951970034851,-90.74074074074076,-98.81312972093188,0.0,31699.9,-252372,39269.0,585.0,1.5301318267419983
2025-03-04,859.7,872.1,878.675,846.6833333333333,870.0000164514918,14.321428571428571,28.96174863387978,0.2457980855833739,5.907773308270175,-5.661975222686801,907.8771538499076,849.4728461500922,878.675,58.40430769981549,17.259758436582935,26.39598055113117,-1.012685792513544,-89.81481481481481,-92.56499441906072,1.3804527885146098,32171.55,-231825,39865.6,-1621.0,-4.176005358476953
2025-03-05,858.5,868.85,878.125,847.6083333333333,868.7143005989687,14.892857142857142,38.06451612903226,-0.7315775901046209,4.579903128595216,-5.311480718699837,908.5999681576624,847.6500318423377,878.125,60.94993631532452,18.41341253129553,23.73512454451929,7.769988504848001,-79.82456140350877,-68.13014821462957,24.376124401061613,35303.7,-151420,40353.35,-2231.0,-5.99795676954511
2025-03-06,857.7,865.2,876.65,848.6083333333333,867.9319862562098,14.5,40.372670807453424,-1.1699023777222235,3.4299420273317285,-4.599844405053952,907.557502070056,845.7424979299439,876.65,61.81500414011225,23.630919709508376,23.700389599515653,23.491979929493823,-72.80701754385964,-61.99672952443324,30.20705076979536,34888.35,-126044,40372.75,-1024.0,-2.9286429286429327
2025-03-07,856.7,861.7,875.15,849.6083333333333,867.1765589937137,14.285714285714286,31.205673758865245,-1.5398730531751426,2.4359790112303545,-3.975852064405497,906.2408685189585,844.0591314810416,875.15,62.18173703791672,32.42061313967225,26.60713077956785,44.04757785988105,-73.6842105263158,-48.48081081673343,7.0491206222023575,34552.8,-140867,40231.15,-1268.0,-3.735894640700044
2025-03-10,858.5,860.45,873.35,850.725,866.6835533752648,14.214285714285714,33.80281690140845,-1.652643547581988,1.6182544994678862,-3.270898047049874,903.0060990443166,843.6939009556835,873.35,59.31219808863307,40.50263098200372,31.238964180379803,59.029964585251534,-70.17543859649123,-45.50074721580926,13.61009791493298,33991.6,-125357,39792.9,-731.0,-2.2373213356594146
2025-03-11,859.1,859.4,871.55,851.7833333333333,865.713691149049,13.964285714285714,27.58620689655173,-2.160909393084921,0.8624217209573248,-3.023331114042246,900.6774874700133,842.4225125299866,871.55,58.25497494002661,40.22014479260018,34.23269105111993,52.19505227556069,-79.82456140350877,-50.09432065300385,0.0,33233.35,-139729,39398.05,185.0,0.5791747542420733
2025-03-12,854.6,856.55,868.65,852.425,862.6933396110444,14.535714285714286,13.793103448275858,-4.329369421406909,-0.175936507515522,-4.153432913891387,900.615606517005,836.684393482995,868.65,63.93121303400994,28.40073144903504,32.28870451709163,20.62478531292186,-97.08029197080292,-94.39862895035156,0.0,34056.25,-190232,39219.75,7081.0,22.040651165686185
2025-03-13,850.3,854.0,866.85,853.0083333333333,860.4368310766592,14.821428571428571,18.88888888888889,-5.580107398908126,-1.2567706857940428,-4.323336713114083,901.2701593317208,832.4298406682792,866.85,68.84031866344162,26.62612865833105,30.401179230838107,19.07602751331695,-83.06451612903226,-92.30339317872522,14.164212799371812,33132.85,-159789,38888.85,-3099.0,-7.903999183840038
2025-03-14,847.0,851.85,865.225,853.675,858.8237995455489,13.928571428571429,29.054054054054063,-6.1374649892705975,-2.2329095464893536,-3.904555442781244,900.8730973139556,829.5769026860444,865.225,71.29619462791129,28.73976342789836,29.84737396319152,26.52454235731203,-67.74193548387096,-70.28346275509513,42.41924123770416,31885.1,-144231,38524.35,-2104.0,-5.826802182281421
2025-03-17,841.1,849.8,862.525,854.1416666666667,856.3167710174014,13.714285714285714,27.74193548387096,-7.381691420588368,-3.262665921309156,-4.119025499279212,899.5420302200997,825.5079697799002,862.525,74.03406044019948,22.090245215668503,27.26166438068385,11.747406885637808,-91.39784946236558,-79.16793773948837,52.479530035611205,31175.45,-165011,38111.55,914.0,2.687840023525956
2025-03-18,836.6,847.85,859.975,854.6916666666667,854.1913642538393,13.178571428571429,30.872483221476514,-8.152732739477415,-4.240679284942808,-3.912053454534607,897.4961869972713,822.4538130027288,859.975,75.04237399454246,19.55139154728777,24.69157343621849,9.27102776942634,-87.91208791208791,-70.19128189777099,64.25755371561146,30690.5,-151574,37701.65,-754.0,-2.159282911881788
2025-03-19,836.8,845.7,857.275,855.225,852.3636152772832,13.0,29.931972789115648,-8.58414422590647,-5.109372273135541,-3.4747719527709293,893.7592792388576,820.7907207611423,857.275,72.9685584777153,20.44166843893259,23.274938437123197,14.775128442551384,-81.25,-69.63377857037027,60.7190821534093,30257.85,-134086,37291.7,266.0,0.7785745646128994
2025-03-20,837.4,843.85,854.525,855.8,851.3766042984943,13.107142857142858,35.625,-8.265915114408813,-5.740680841390196,-2.525234273018617,886.4021903272211,822.6478096727789,854.525,63.75438065444223,27.66286667858664,24.73758118427768,33.51343766720456,-66.66666666666667,-46.94214568149573,82.1378928283642,29630.5,-112422,36769.9,-1085.0,-3.151229996224336
2025-03-21,837.4,842.2,851.95,856.3833333333333,850.6264515081615,12.785714285714286,43.16546762589928,-7.802733729453166,-6.153091419002791,-1.6496423104503757,877.8138133712964,826.0861866287037,851.95,51.72762674259275,34.64561482276146,28.040259063772268,47.85632634073984,-63.54166666666666,-34.81301874229822,100.0,29508.75,-85204,36172.6,-1292.0,-3.8745276794817984
2025-03-24,839.4,840.25,850.35,856.9166666666666,849.8525037454795,12.785714285714286,42.142857142857146,-7.430694368254763,-6.4086120088531855,-1.022082359401577,874.2226886453512,826.4773113546488,850.35,47.74537729070244,40.839012032378605,32.30651005330771,57.90401599052039,-65.625,-38.137854874340086,96.51846042471044,28130.35,-101421,35628.3,31.0,0.096711798839455
2025-03-25,839.7,838.15,848.775,857.025,848.4855986268624,11.535714285714286,35.81081081081081,-7.612934818959616,-6.649476570874472,-0.9634582480851436,872.1742240087253,825.3757759912746,848.775,46.79844801745071,40.994123963614726,35.20238135674339,52.5776091773574,-76.54320987654322,-43.60601549891536,74.96062363038712,26004.7,-115009,35140.8,-64.0,-0.1994701573944213
2025-03-26,839.7,838.25,847.4,857.225,847.2012559004945,11.321428571428571,31.91489361702128,-7.708844746788714,-6.861350206057321,-0.8474945407313923,870.6347289973206,824.1652710026793,847.4,46.46945799464129,40.37289423661272,36.925885650033166,47.26691140977181,-77.77777777777777,-64.3960204465961,61.69673663024727,25621.15,-135856,34704.25,141.0,0.4403360294806591
2025-03-27,837.9,837.65,845.825,857.2916666666666,845.8487553385427,11.071428571428571,31.25,-7.855681929597381,-7.060216550765333,-0.7954653788320476,868.4414239343654,823.2085760656347,845.825,45.23284786873069,37.06019036064036,36.97065388690223,37.23926330811664,-81.57894736842105,-55.16971513554612,59.43306587837838,24355.6,-145183,34325.5,-50.0,-0.1554629687208542
2025-03-28,835.0,836.2,844.025,857.3833333333333,844.2441119729672,11.142857142857142,27.70270270270269,-8.2002901847369,-7.288231277559647,-0.9120589071772534,865.9350433591535,822.1149566408465,844.025,43.82008671830704,29.054619660716764,34.33197581150707,18.499907359136145,-91.66666666666669,-63.19258641756843,47.35607651570487,24320.1,-161183,34097.9,1568.0,4.882909815645231
2025-03-31,830.8,835.1,842.45,857.475,842.0780060707798,11.428571428571429,26.973684210526315,-8.975122405319325,-7.6256095031115825,-1.349512902207743,866.1029735529114,818.7970264470887,842.45,47.305947105822725,24.057246440477844,30.907066021164,10.357607279105537,-88.75,-88.34205768448285,44.87408872688478,23270.0,-182480,33891.9,1017.0,3.019596199524943
2025-04-01,830.3,835.0,841.425,857.6166666666667,841.2134340640389,10.678571428571429,49.23076923076923,-8.562525171811899,-7.8129926368516465,-0.7495325349602524,864.8372662407188,818.0127337592811,841.425,46.8245324814377,32.70483096031856,31.50632100088219,35.1018508791913,-50.0,-54.20058886712606,100.0,23564.5,-156043,33606.15,-3216.0,-9.26881286566562
2025-04-02,828.9,834.3,840.0,857.6916666666667,839.9550117722257,10.142857142857142,41.53846153846154,-8.54054699545361,-7.95850350857204,-0.5820434868815703,863.0148693354167,816.9851306645833,840.0,46.02973867083347,33.26155397354571,32.091398658436695,35.60186460376373,-65.625,-49.57322545553709,65.43883583447021,20125.5,-167668,33451.45,390.0,1.238842476414348
2025-04-03,828.1,833.0,838.425,857.7166666666667,838.911677317728,9.928571428571429,38.21138211382114,-8.3462273758513,-8.036048282027892,-0.3101790938234074,859.7847629594573,817.0652370405426,838.425,42.71952591891477,35.733691349595446,33.30549622215628,40.59008160447378,-62.5,-50.52861363543295,50.49042987019228,19233.9,-160124,33313.5,-689.0,-2.161839917166075
2025-04-07,826.0,830.5,836.35,857.5416666666666,836.967708049373,10.035714285714286,38.52459016393443,-8.936475794956777,-8.21613378461367,-0.7203420103431082,856.933846502588,815.766153497412,836.35,41.167693005176034,28.437845515114915,31.682945986475826,21.947644572393106,-87.14285714285714,-78.65184524444386,51.897658399123294,19811.0,-186489,33132.3,-2133.0,-6.840484895131804
2025-04-08,825.4,828.1,834.175,857.3666666666667,835.2088787113374,10.178571428571429,36.97478991596639,-9.29708095756132,-8.4323232192032,-0.8647577383581204,852.4053246499371,815.9446753500628,834.175,36.460649299874376,25.34154240014753,29.569144791033057,16.88633761837648,-87.14285714285714,-80.17176301836734,44.93448129592903,19886.8,-186489,32937.5,-1003.0,-3.452786670797614
2025-04-09,822.1,826.2,832.175,856.9666666666667,833.4270807388291,10.321428571428571,34.710743801652896,-9.633200888860417,-8.672498753134644,-0.9607021357257716,848.798619847738,815.5513801522619,832.175,33.24723969547608,24.30176900750576,27.813352863190627,17.27860129613604,-84.41558441558442,-100.627679296083,34.76223226936362,20179.45,-206714,32757.65,484.0,1.7257362903800866
2025-04-10,821.0,824.95,831.6,856.5416666666666,832.3864063827501,10.392857142857142,33.61344537815127,-9.308130169634865,-8.799625036434689,-0.5085051332001758,848.7452003411115,814.4547996588885,831.6,34.29040068222298,31.58579472295256,29.070833483111272,36.615717202635125,-68.83116883116882,-50.4095077478134,29.832123845445444,18619.2,-187416,32027.3,-3929.0,-13.771468629512796
2025-04-11,822.3,825.2,831.425,856.3083333333333,832.6829391082025,11.071428571428571,44.366197183098585,-7.910332538678745,-8.6217665368835,0.7114339982047557,848.3218231208991,814.5281768791008,831.425,33.79364624179834,47.9389169120759,35.36019462609948,73.09636148402872,-30.55555555555556,6.17297285643569,78.14371449250295,18627.1,-156815,31500.15,965.0,3.922604772163729
2025-04-14,825.5,825.75,830.975,856.1,832.855992526469,10.892857142857142,44.366197183098585,-6.804817784639795,-8.25837678643476,1.4535590017949644,846.9732729331048,814.9767270668953,830.975,31.996545866209544,57.76572955428716,42.828706268828704,87.63977612520405,-33.333333333333336,26.817212001793944,78.14371449250295,18446.2,-168755,31061.9,-326.0,-1.2751310334037425
2025-04-15,827.5,826.45,830.775,855.5416666666666,832.4411360953767,10.785714285714286,45.00000000000001,-6.339758444186145,-7.874653117985037,1.5348946737988918,846.7929997437096,814.7570002562903,830.775,32.0359994874193,57.865325079202194,47.840912538953205,77.91415015970017,-41.935483870967744,-3.610670775925436,80.99135970895864,18002.8,-180667,30554.05,-478.0,-1.8938193343898568
2025-04-16,829.3,825.7,830.35,854.8083333333333,831.7800755148646,10.964285714285714,43.44827586206897,-6.14246399289982,-7.528215292967994,1.3857513000681738,846.4585136038781,814.2414863961219,830.35,32.217027207756246,54.70591564419932,50.129246907368575,63.8592531178608,-51.61290322580645,-26.00203007997229,74.01953866177416,17941.5,-192878,30114.7,616.0,2.4876827396817625
2025-04-17,830.1,825.55,829.925,854.225,831.2772111801156,11.071428571428571,45.45454545454546,-5.838116898667977,-7.190195614107991,1.3520787154400145,845.9653274674542,813.8846725325457,829.925,32.08065493490858,53.67491150473502,51.31113510649072,58.40246430122363,-48.38709677419355,-22.772742065822637,83.03361031873993,17654.65,-181127,29665.5,69.0,0.27188903774924
2025-04-18,827.4,824.85,828.925,853.675,830.3936672581999,10.928571428571429,45.138888888888886,-5.892111432832053,-6.930578777852804,1.038467345020751,844.2745242511569,813.575475748843,828.925,30.69904850231387,48.14886573433947,50.25704531577364,43.93250657147115,-62.903225806451616,-41.36416893748899,81.61538072861399,17099.3,-191684,29290.4,397.0,1.5601053169332246
2025-04-21,822.8,824.15,827.325,852.7916666666666,828.5942703764665,10.892857142857142,43.33333333333333,-6.704875111361389,-6.885438044554522,0.1805629331931326,842.9464259070176,811.7035740929825,827.325,31.24285181403502,33.17451264009729,44.56286775721486,10.397802405862151,-96.7741935483871,-90.12754445360362,62.23785871964674,16897.65,-214869,29184.3,4088.0,15.817984832069332
2025-04-22,815.7,821.6,824.85,851.6,825.2043398644221,11.357142857142858,25.60975609756099,-8.741030413783392,-7.256556518400296,-1.484473895383096,845.290156555174,804.409843444826,824.85,40.88031311034797,23.75032868816944,37.625354734199725,-3.9997234038911382,-95.09803921568628,-155.0029789331994,0.0,18159.5,-256323,29353.85,5544.0,18.52198316183349
2025-04-23,810.3,819.8,823.0,850.5083333333333,822.6610694011438,11.607142857142858,32.12121212121211,-9.797949463672126,-7.764835107454663,-2.033114356217463,845.9278043110618,800.0721956889382,823.0,45.85560862212356,21.06231062871427,32.10434003237124,-1.0217481785996796,-84.31372549019608,-123.81476610407094,32.8119180633146,18785.8,-230209,29387.15,-2789.0,-7.861652948472209
2025-04-24,803.6,816.85,820.9,849.45,819.8362056486538,12.214285714285714,29.310344827586206,-10.953108839355082,-8.402489853834746,-2.550618985520336,846.7122777803617,795.0877222196383,820.9,51.624555560723365,19.649017054656863,27.95256570646645,3.041919751037696,-84.34782608695652,-121.79465486861984,18.64765941051814,19211.7,-259574,29453.45,801.0,2.450515495456917
2025-04-25,798.4,812.9,819.05,848.4333333333333,817.5660908249725,11.607142857142858,35.84905660377359,-11.494010243786306,-9.02079393182506,-2.473216311961247,846.4647482398191,791.6352517601808,819.05,54.82949647963824,20.79165239541227,25.56559460278173,11.24376798067336,-79.1304347826087,-90.89251977574013,51.59692210393168,19516.75,-244146,29409.85,-2248.0,-6.712852365026278
2025-04-28,795.0,808.9,817.325,847.325,815.3693202702133,11.464285714285714,35.185185185185176,-11.906465643340312,-9.59792827412811,-2.308537369212201,846.3952868741849,788.2547131258152,817.325,58.14057374836966,21.15276826360818,24.09465248972388,15.268999811376789,-81.73913043478261,-86.78469797902835,48.25160355886603,19127.15,-252354,29260.05,-556.0,-1.779769526248398
2025-04-29,793.8,804.75,815.6,845.9333333333333,812.6674802444787,11.428571428571429,32.94797687861271,-12.692218840787518,-10.216786387459992,-2.4754324533275263,847.5763070182652,783.6236929817348,815.6,63.95261403653035,16.229505083540207,21.472936687662656,5.742641875295313,-94.78260869565216,-85.21736634724363,36.97807343300923,18646.9,-264046,29043.4,-320.0,-1.0428888019814897
2025-04-30,791.8,801.05,813.375,844.4916666666667,810.3658154592903,11.214285714285714,29.268292682926827,-13.043538652567804,-10.782136840481556,-2.261401812086248,846.4281868039193,780.3218131960807,813.375,66.10637360783858,16.138818991863687,19.694897455729667,9.026662064131727,-87.60330578512396,-83.12086763905327,18.43575418994406,17854.1,-253465,28905.95,-1632.0,-5.374785930707415
2025-05-06,791.1,797.35,811.45,843.1916666666667,808.3785949393579,10.357142857142858,17.14285714285714,-13.090372822451856,-11.243784036875615,-1.8465887855762395,845.3894197140489,777.5105802859512,811.45,67.87883942809776,17.505244407274205,18.965013106244516,14.58570700933359,-84.95575221238938,-68.70800051305774,0.0,17895.8,-241006,28775.05,521.0,1.8133092022831756
2025-05-07,790.4,794.4,809.625,841.5666666666667,806.8663478022762,11.142857142857142,20.83333333333333,-12.73857198321616,-11.542741626143725,-1.1958303570724365,843.5162735236179,775.7337264763821,809.625,67.78254704723577,24.888553742780505,20.93952665175651,32.78660792482849,-79.0909090909091,-42.24288962026673,13.035168195718647,18281.65,-225745,28646.0,-652.0,-2.2288312309848517
2025-05-08,787.5,791.25,807.7,839.7333333333333,804.3076480115833,11.714285714285714,19.10828025477707,-13.314926630730042,-11.897178627060988,-1.417748003669054,843.7721499220668,771.6278500779333,807.7,72.14429984413346,17.8502307970738,19.909761366862277,13.73116965749685,-98.1132075471698,-65.75505899222534,6.942090808157557,17992.2,-246321,28742.55,2379.0,8.317890982832775
2025-05-09,787.0,790.4,806.0,837.8416666666667,802.4212053438134,11.607142857142858,24.375,-13.255775125155536,-12.168897926679898,-1.086877198475639,843.1185866337105,768.8814133662895,806.0,74.23717326742099,18.81839285842656,19.545971864050365,17.363234847178937,-89.42307692307692,-61.13112506480411,25.54472477064221,17774.4,-233651,28875.8,-269.0,-0.8683021304067173
2025-05-12,790.1,790.95,805.375,836.3666666666667,802.5715667396407,12.821428571428571,38.57868020304569,-11.502812833036955,-12.035680907951312,0.5328680749143562,842.1686994034242,768.5813005965758,805.375,73.58739880684834,39.42731566905856,26.173086465719763,65.93577407573615,-48.97959183673469,-15.539935537729905,76.56736231279257,18243.25,-204049,28781.8,-4061.0,-13.223275048028391
2025-05-13,789.8,790.45,803.65,834.6333333333333,801.1837984787226,13.75,34.54545454545455,-11.274676418037645,-11.883480009968578,0.6088035919309345,840.2978261005314,767.0021738994685,803.65,73.29565220106292,35.96229646754441,29.43615646632798,49.014576469977285,-79.54545454545455,-33.767586538309914,66.44628099173556,18394.2,-226366,28889.8,111.0,0.4165103189493369
2025-05-14,790.1,790.25,801.575,833.2833333333333,800.4996271950347,13.5,41.70616113744075,-10.488818241977924,-11.604547656370448,1.1157294143925238,835.204991314146,767.9450086858541,801.575,67.25998262829194,40.10389656976079,32.99206983413892,54.32755004100454,-51.61290322580645,-28.138968425351564,100.0,17667.5,-210299,28885.7,-1277.0,-4.7718695116027
2025-05-15,791.7,789.6,799.25,831.8166666666667,799.3091865097933,12.785714285714286,47.31182795698925,-10.2322191782049,-11.330081960737338,1.097862782532438,829.5615402723827,768.9384597276173,799.25,60.623080544765344,36.4133504013459,34.13249668987458,40.97505782428856,-70.96774193548387,-31.650323165558884,100.0,17666.05,-222210,28914.7,336.0,1.318474336838804
2025-05-16,791.4,789.2,796.975,830.0916666666667,797.7559306517178,13.071428571428571,41.621621621621614,-10.313433938175308,-11.126752356224934,0.8133184180496258,824.7683634638136,769.1816365361865,796.975,55.58672692762707,28.576642203047808,32.280545194265656,21.168836220612107,-87.09677419354838,-45.65315866197742,81.13887818572134,17859.55,-237992,29046.85,1585.0,6.138652207591022
2025-05-19,787.2,788.65,794.85,828.3916666666667,796.3506039229827,12.75,44.25287356321839,-10.259531725181432,-10.953308230016232,0.6937765048348012,819.8154498098991,769.884550190101,794.85,49.93089961979808,26.297471613626072,30.28618733405246,18.320040172773297,-78.26086956521739,-58.06745336202267,89.86059414284709,18096.1,-237992,29193.45,905.0,3.3023170954205483
2025-05-20,784.9,787.35,792.35,826.5166666666667,794.460070216032,12.892857142857142,39.226519337016576,-10.618901424685646,-10.886426868950116,0.2675254442644714,813.7265735031812,770.9734264968189,792.35,42.75314700636227,18.49783131729661,26.35673532846718,2.7800232949554697,-97.10144927536231,-67.72785082766356,73.19991898369548,18041.4,-248649,29395.2,1172.0,4.139879901095012
2025-05-21,782.1,786.1,790.25,824.5666666666667,793.082920671648,13.0,42.16216216216216,-10.500243480710992,-10.809190191302294,0.3089467105913019,807.1444089163144,773.3555910836856,790.25,33.788817832628865,17.887443100419965,23.53363791911811,6.595053463023675,-83.33333333333333,-72.1750522897189,82.93058842957008,18112.85,-236663,29596.3,384.0,1.302489654704564
2025-05-22,780.0,785.85,788.55,822.6083333333333,791.598832988634,12.607142857142858,44.57142857142856,-10.487047160152995,-10.744761585072435,0.2577144249194383,803.1243104919531,773.9756895080468,788.55,29.148620983906312,15.165702807687383,20.74432621530787,4.008455992446422,-90.27777777777776,-87.61560067193714,90.91649694501017,17455.65,-246704,29609.75,335.0,1.1216768231433694
2025-05-23,778.4,784.9,787.65,820.95,790.0179917516213,12.285714285714286,42.37288135593221,-10.556627853047305,-10.70713483866741,0.1505069856201064,803.2539805987568,772.0460194012431,787.65,31.20796119751367,12.193801871791592,17.89415143413578,0.7931027471032195,-94.5945945945946,-90.28099705515504,83.62905174496876,15820.85,-255462,29324.8,-424.0,-1.403927022284035
2025-05-26,774.5,780.85,785.9,819.225,787.4924687276573,12.464285714285714,36.86868686868687,-11.408218106989692,-10.847351492331866,-0.5608666146578276,804.0270370906079,767.772962909392,785.9,36.254074181215856,9.081582200242016,14.956628356171192,-2.6685101116163388,-97.89473684210526,-122.58640717309544,62.97224307180598,15252.2,-270203,29274.35,1901.0,6.384121973335133
2025-05-27,770.2,777.55,784.0,817.4333333333333,784.3979478964519,12.142857142857142,32.057416267942585,-12.62347294290464,-11.202575782446422,-1.4208971604582192,806.445255037185,761.554744962815,784.0,44.89051007437001,7.552515474318648,12.488590728887011,-2.319635034818077,-96.49122807017544,-130.90758942718975,45.91314592720487,14749.4,-289512,29191.8,159.0,0.5019256266178385
2025-05-28,765.8,773.95,782.1,815.6583333333333,781.8838576205993,11.75,38.42105263157895,-13.192422196765053,-11.600545065310149,-1.5918771314549025,806.6069270551059,757.5930729448942,782.1,49.013854110211696,11.994717275919392,12.323966244564472,11.336219338629231,-84.55284552845528,-112.92269200600865,61.23799096334448,14959.7,-269878,29153.85,-1356.0,-4.259195275936801
2025-05-29,763.5,771.75,780.675,814.0083333333333,780.3711092757803,12.071428571428571,40.60913705583757,-12.849662527319538,-11.850368557712027,-0.9992939696075104,805.4588551013413,755.8911448986586,780.675,49.56771020268275,23.762243949712023,16.136725479613656,39.01328088990875,-71.54471544715447,-71.18731350633604,56.06063978223093,15592.85,-249007,29091.9,-1036.0,-3.398838620780153
2025-05-30,761.5,769.95,779.575,812.5416666666666,778.9071941066584,10.964285714285714,25.625,-12.51445580593247,-11.983186007356116,-0.5312697985763535,805.1181008297755,754.0318991702246,779.575,51.08620165955085,30.90998911715961,21.06114669212897,50.60767396722089,-70.79646017699115,-63.713737429519256,0.0,15543.95,-259721,28992.35,-1072.0,-3.640686024791984
2025-06-03,761.8,768.15,778.4,811.0666666666667,777.5826994298338,10.214285714285714,32.03125,-12.109214576288082,-12.00839172114251,-0.1008228551455712,804.37286032928,752.42713967072,778.4,51.94572065856005,36.548688396946986,26.223660593734976,57.19874400337101,-66.3265306122449,-53.568010402308325,29.539820266501398,15763.05,-259721,29004.2,596.0,2.100588587741869
2025-06-04,762.5,766.35,776.85,809.4333333333333,775.7652994841353,10.75,22.480620155038764,-12.17223965760627,-12.041161308435262,-0.1310783491710072,803.7182947571664,749.9817052428336,776.85,53.73658951433276,34.782458931297995,29.07659337292265,46.19419004804868,-79.59183673469387,-65.33608643394602,0.0,16207.45,-281068,28948.55,-829.0,-2.861679726604305
2025-06-05,760.2,763.0,774.55,807.5333333333333,772.9781281046938,10.928571428571429,20.56737588652481,-13.0401682579826,-12.24096269834473,-0.7992055596378709,803.5670548761291,745.5329451238708,774.55,58.034109752258246,23.717406483299197,27.290197743048164,16.571823963801258,-98.95833333333331,-86.61553520184162,0.0,16529.25,-302765,29028.35,2057.0,7.309879175550815
2025-06-06,760.7,762.1,773.975,806.0083333333333,772.5516397137706,12.035714285714286,41.71428571428572,-11.816577637103592,-12.156085686096503,0.3395080489929114,802.9930978012013,744.9569021987987,773.975,58.036195602402586,40.40176825662569,31.660721247574003,57.883862274729054,-43.03797468354431,-33.20145084468247,88.09724801620804,17775.05,-257273,28924.05,-1303.0,-4.314998178627016
2025-06-09,762.1,761.8,773.35,804.5083333333333,772.4991025981734,12.142857142857142,43.95604395604395,-10.444059884140415,-11.813680525705289,1.3696206415648715,801.9490430461926,744.7509569538074,773.35,57.19808609238521,55.34981271753188,39.557085070893294,86.93526801080904,-33.333333333333336,-9.76945717813898,97.43633034195253,18485.9,-230386,28854.9,434.0,1.5020419464248702
2025-06-10,763.3,762.55,771.7,803.0833333333334,772.3563309221569,13.035714285714286,46.78362573099415,-9.329476916614908,-11.316839803887213,1.9873628872723048,796.3947682505315,747.0052317494686,771.7,49.38953650106282,56.50771828227615,45.20729614135425,79.10856256411995,-41.1764705882353,12.056698276426598,100.0,18717.05,-264611,28715.35,-5469.0,-18.64770867430442
2025-06-11,764.6,763.55,770.55,801.9333333333333,771.6557279771896,13.035714285714286,41.477272727272734,-8.828541806255998,-10.81918020436097,1.990638398104972,794.1673442065044,746.9326557934955,770.55,47.234688413008826,52.57377297249783,47.66278841840211,62.39574208068926,-55.294117647058826,-18.76563391738113,79.75929801095917,18568.35,-283954,28546.75,-470.0,-1.969906534221888
2025-06-12,768.3,764.25,769.1,800.7,771.0218491222192,13.25,42.69005847953216,-8.33546111516273,-10.32243638652132,1.986975271358592,790.0676442468687,748.1323557531314,769.1,41.93528849373729,49.95114276597894,48.42557320092772,53.0022818960814,-55.294117647058826,-33.20699083758277,84.38538205980066,18508.35,-283954,28381.55,-1209.0,-5.169096583864208
2025-06-13,768.1,764.4,768.075,799.4333333333333,770.6864349201031,13.535714285714286,45.614035087719294,-7.654723125102123,-9.78889373423748,2.1341706091353583,787.063292792086,749.0867072079141,768.075,37.97658558417197,50.16350694202518,49.00488444796021,52.48075193015512,-49.41176470588236,-2.01530157456104,95.53868058851444,18673.35,-268743,28140.45,-1182.0,-5.329125338142471
2025-06-16,772.1,767.1,768.525,798.7583333333333,772.7162982610457,14.428571428571429,64.46700507614213,-5.079732128614751,-8.847061413112936,3.767329284498185,789.3411753906626,747.7088246093374,768.525,41.63235078132516,66.41724835561536,54.80900575051193,89.63373356582221,-1.075268817204301,89.23857927408373,100.0,19374.05,-238947,27869.55,989.0,4.709972378321736
2025-06-17,776.5,769.9,769.025,798.075,774.6480793790414,15.071428571428571,70.87912087912088,-2.9246282752002344,-7.6625747855303965,4.737946510330162,791.7023130312185,746.3476869687814,769.025,45.35462606243709,69.96122567969985,59.8597457269079,90.16418558528376,-22.950819672131143,123.43664106254984,100.0,20884.3,-191800,27657.8,2088.0,9.496520671305774
2025-06-18,782.6,773.6,769.975,797.4166666666666,776.6339765810374,15.178571428571429,70.7182320441989,-1.0033972985911532,-6.330739288142548,5.327341989551395,795.3966546730514,744.5533453269486,769.975,50.84330934610284,73.30748378646656,64.34232508009413,91.23780119921145,-18.852459016393443,112.82015382563564,99.68021615043236,21955.0,-159729,27353.85,-672.0,-2.791277258566982
2025-06-19,789.2,778.75,770.875,796.6833333333333,778.6688359542719,15.035714285714286,68.82352941176471,0.7127055725252376,-4.922050316008991,5.634755888534229,798.9292238118308,742.8207761881692,770.875,56.10844762366151,76.26439513157177,68.31634843058669,92.16048853354197,-14.754098360655735,93.9765899413832,95.91429105140624,22413.7,-138569,27008.4,-446.0,-1.905738580523864
2025-06-20,798.1,783.1,772.6,796.1583333333333,781.8432325300556,15.535714285714286,73.9795918367347,3.165917729980833,-3.304456706811026,6.470374436791859,806.0862108305726,739.1137891694275,772.6,66.97242166114506,84.17626342104785,73.60298676074041,105.32281674166272,-0.0,108.57278786378912,100.0,23102.8,-114746,26604.5,-834.0,-3.632878860478284
2025-06-23,803.5,787.8,774.8,795.7666666666667,785.3819722890979,15.642857142857142,75.71428571428571,5.61027577095058,-1.5215102112587051,7.131785982209284,814.2079874350908,735.3920125649091,774.8,78.81597487018166,86.98170647822943,78.06255999990341,104.81999943488148,-6.410256410256411,116.95821494155778,100.0,24009.85,-87847,26212.9,-178.0,-0.8045925055372272
2025-06-24,806.2,791.35,776.95,795.2833333333333,787.3932130234696,15.714285714285714,71.62162162162161,6.46428533842311,0.0756488986776577,6.3886364397454525,818.4011760991177,735.4988239008824,776.95,82.90235219823535,82.67916234351098,79.60142744777261,88.83463213498771,-22.435897435897434,80.7156535531073,92.57861572761443,24367.4,-109739,25621.6,-2093.0,-9.537480063795856
2025-06-25,809.3,795.95,779.75,794.8833333333333,789.6414784498058,15.607142857142858,81.15942028985506,7.418688442985058,1.544256807539138,5.87443163544592,822.503270111925,736.996729888075,779.75,85.50654022384992,81.23055267345177,80.14446918966567,83.40271964102396,-17.449664429530202,70.0648617739873,100.0,23951.85,-98741,24940.7,-1633.0,-8.225871448720534
2025-06-26,813.3,801.25,782.75,794.6333333333333,792.3422900260149,14.464285714285714,77.96610169491525,8.640301263448237,2.9634656987209578,5.676835564727279,827.4531142209654,738.0468857790346,782.75,89.4062284419308,83.7833314119308,81.35742326375404,88.63514770828431,-8.88888888888889,77.03066075351404,91.95275762254636,23580.3,-86538,24206.0,-2432.0,-13.348701904605086
2025-06-27,814.7,806.4,785.4,794.4666666666667,794.8811195473468,14.357142857142858,77.32558139534883,9.578712433173678,4.286515045611502,5.292197387562176,832.1587312420735,738.6412687579265,785.4,93.51746248414702,84.74444316350943,82.48642989700583,89.26046969651662,-7.407407407407407,73.03671714011513,90.33863051776642,23158.75,-74098,23282.95,-4803.0,-30.423766390067776
2025-06-30,808.1,805.8,786.45,793.875,794.0352986380757,15.214285714285714,56.35593220338983,7.5722971110704975,4.943671458703301,2.6286256523671963,832.2124300054099,740.6875699945901,786.45,91.5248600108198,57.35099629704048,74.10795203035072,23.837084830420025,-56.2962962962963,7.694036613049057,37.49459237973979,23664.3,-94923,22965.95,11049.0,100.59176984705024
2025-07-01,804.2,805.2,787.55,793.1083333333333,793.3652701963542,15.357142857142858,59.73451327433629,5.993797390208215,5.153696645004285,0.8401007452039302,832.1852468701353,742.9147531298646,787.55,89.2704937402707,44.75573666179511,64.32388024083218,5.619449503720944,-54.81481481481482,-5.734986809564799,44.30657019693631,23929.1,-74664,22621.55,48.0,0.217855035628367
2025-07-02,800.6,804.95,789.275,792.525,793.3304825586063,15.571428571428571,61.76470588235294,5.167408179957647,5.156438951994958,0.0109692279626889,831.7998843557947,746.7501156442053,789.275,85.04976871158942,40.706722991921374,56.45149449119525,9.217179993373634,-51.66666666666666,6.852362182628335,45.436758394344885,23680.6,-58287,22260.4,-1164.0,-5.2715003849463375
2025-07-03,795.5,804.4,791.575,791.9166666666666,793.2513889815962,15.571428571428571,60.68376068376069,4.4211783636079645,5.00938683431756,-0.5882084707095956,829.032730563228,754.1172694367721,791.575,74.91546112645597,37.64506170475918,50.182683562383225,12.569817989511094,-58.333333333333336,7.669463709202518,17.44846718850189,23245.8,-71288,21827.7,626.0,2.992780991537991
2025-07-04,790.7,802.7,792.9,791.525,793.4179233643013,14.285714285714286,51.57894736842105,3.985571774005052,4.804623822255059,-0.8190520482500068,828.7617227401968,757.0382772598032,792.9,71.7234454803936,37.975495681960666,46.11362093557571,21.699245174730574,-63.04347826086956,6.710311500782065,0.0,21396.4,-62784,21452.45,-154.0,-0.7148493710253945
2025-07-07,790.9,799.5,793.65,791.0,792.8066925677011,13.535714285714286,47.05882352941176,2.9606883003959865,4.4358367178832445,-1.475148417487258,828.2774913601137,759.0225086398863,793.65,69.25498272022742,32.13517893948893,41.45414027021345,13.4972562780399,-80.43478260869566,-13.355467735327965,0.0,20873.4,-79211,21071.7,324.0,1.5147973257281675
2025-07-08,790.6,797.4,794.375,790.4833333333333,792.110817085063,13.214285714285714,45.04950495049505,2.0043187606692072,3.949533126440437,-1.9452143657712304,827.58386850479,761.16613149521,794.375,66.41773700957992,27.105270808144137,36.67118378285701,7.973444858718381,-83.69565217391305,-23.21070039299317,0.0,19953.2,-95032,20946.3,-362.0,-1.667203979182974
2025-07-09,788.7,794.65,795.3,789.8333333333334,791.290739267438,12.892857142857142,42.7860696517413,1.0726409872573868,3.374154698603828,-2.301513711346441,825.9995628290492,764.6004371709507,795.3,61.399125658098455,22.236847205429427,31.85973825704782,2.9910651021926427,-88.04347826086956,-36.64305377648423,0.0,19595.95,-107230,20824.95,-389.0,-1.821928715282661
2025-07-10,787.6,791.55,796.4,789.025,790.8820974324439,12.178571428571429,36.11111111111112,0.6096724640743787,2.821258251697938,-2.211585787623559,823.9425030395606,768.8574969604393,796.4,55.085006079121285,29.458711145083036,31.05939588639289,26.25734166246332,-80.43478260869566,-38.54818193866608,0.0,19701.5,-90252,20847.2,1663.0,7.933403301211706
2025-07-11,785.8,788.25,797.325,788.2166666666667,790.4171357722112,12.0,30.35714285714286,0.1602279235283958,2.2890521860640294,-2.128824262535633,821.8591330437928,772.7908669562073,797.325,49.06826608758547,32.6472708446895,31.58868753915843,34.76443745575165,-81.81818181818181,-37.31434162476126,0.0,19940.35,-110240,20909.2,-387.0,-1.710497237569064
2025-07-14,786.0,788.45,797.125,787.5416666666666,790.1869323653339,11.285714285714286,37.41496598639456,-0.0341827897030952,1.8244051909106045,-1.8585879806137,821.9058818499898,772.3441181500102,797.125,49.561763699979565,35.65373611868189,32.94370373233292,41.07380089137983,-77.27272727272727,-43.87843105120718,13.892729786769513,18985.45,-99542,20945.25,470.0,2.1134994154150544
2025-07-15,786.9,788.75,796.975,786.95,790.1691292829212,11.0,35.21126760563381,-0.0265651685630246,1.4542111190158789,-1.4807762875789034,821.8969307353774,772.0530692646226,796.975,49.843861470754746,41.36175000504719,35.749719156571004,52.585811701999546,-72.72727272727273,-29.98911651604489,10.195822103632606,17477.35,-82557,20835.75,-823.0,-3.6242733838294905
2025-07-16,789.6,789.15,797.05,786.4583333333334,790.8196883988335,10.714285714285714,35.21126760563381,0.5381103484960477,1.2709909649119129,-0.732880616415865,821.9622671114367,772.1377328885632,797.05,49.82453422287358,59.00307143193622,43.50083658169274,90.00754113242317,-56.81818181818182,-11.837128644804473,10.334865070173477,16891.85,-62196,20887.3,2549.0,11.64724697281243
2025-07-17,798.8,793.2,798.8,786.6416666666667,794.836860932278,12.642857142857142,56.60377358490566,3.8461825017647016,1.7860292722824704,2.060153229482231,828.45840610403,769.1415938959699,798.8,59.31681220806013,72.0456613284559,53.015778163947125,110.10542765747348,-1.7857142857142858,94.32965186598472,83.56786773521802,19257.35,6274,21458.95,9956.0,40.74650077760498
2025-07-18,807.3,796.55,799.625,786.925,798.042874176823,11.821428571428571,77.41935483870968,6.035171425245608,2.6358577028750982,3.399313722370509,831.652742908133,767.597257091867,799.625,64.0554858162659,72.27286512806151,59.43480715198525,97.94898108021404,-26.277372262773724,112.4870465224664,100.0,21056.0,-53522,22041.05,-625.0,-1.8173887758069165
2025-07-21,817.3,801.65,800.575,787.675,801.8483147314114,13.035714285714286,79.65116279069767,8.439249112585458,3.7965359848171705,4.642713127768287,835.9724054951696,765.1775945048305,800.575,70.7948109903391,73.40120833098838,64.09027421165297,92.02307656965922,-24.34210526315789,120.12597559827384,100.0,22159.1,-4561,22478.8,-3065.0,-9.07744706056568
2025-07-22,826.9,806.9,802.15,788.3333333333334,805.2913323760389,12.964285714285714,78.125,10.226611983149835,5.082551184483704,5.144060798666133,841.2653489862454,763.0346510137546,802.15,78.23069797249082,74.0452499984367,67.40859947391422,87.31855104748166,-24.34210526315789,97.57499196361698,96.9039595619208,22157.1,-4561,22908.0,-2264.0,-7.374592833876226
2025-07-23,832.1,810.85,802.75,788.8333333333334,806.9778721497495,14.928571428571429,66.13756613756614,10.31384372523712,6.128809692634388,4.185034032602733,842.7940546871749,762.7059453128251,802.75,80.08810937434987,67.5040895681188,67.44042950531575,67.63140969372492,-44.078947368421055,62.09115196964188,72.585728103841,23390.5,-40227,23253.9,-3299.0,-11.601491067660708
2025-07-24,831.0,814.9,803.225,789.3583333333333,808.9323605164401,15.607142857142858,66.83937823834196,10.623625361057748,7.02777282631906,3.595852534738688,844.2442188588404,762.2057811411596,803.225,82.03843771768084,65.18413227443747,66.68833042835632,62.175735966599774,-38.1578947368421,56.69154242605308,74.00945475815287,23841.2,-19010,23691.2,-604.0,-2.4028324780204446
2025-07-25,831.3,819.3,803.775,789.95,810.9388023720172,15.714285714285714,73.62637362637363,10.944695014637318,7.811157263982713,3.1335377506546056,845.9631437572713,761.5868562427287,803.775,84.37628751454258,64.34810696230103,65.90825593967122,61.227809007560666,-34.86842105263158,57.538618611854055,87.77784978290457,24048.05,-2433,24360.45,-164.0,-0.6684873435780392
2025-07-28,829.9,823.6,806.025,790.6833333333333,812.8493926223013,17.071428571428573,75.13812154696133,11.151291523685243,8.47918411592322,2.672107407762025,849.0139520691068,763.0360479308931,806.025,85.97790413821372,64.00185548086256,65.27278912006834,61.459988202451,-33.55263157894737,53.38575907626942,90.84464758642198,25151.85,40468,24468.65,-172.0,-0.7058147646600177
2025-07-29,828.3,827.6,808.175,791.375,814.4827838011297,17.678571428571427,75.97765363128491,11.106302560418726,9.00460780482232,2.101694755596405,851.4577606377068,764.8922393622931,808.175,86.56552127541363,60.50416096384989,63.68324640132886,54.14599008889195,-35.333333333333336,51.38186388294158,92.54775900938002,25187.4,19498,24522.0,-1049.0,-4.335248171260897
2025-07-30,828.7,830.4,809.775,791.9666666666667,815.4844234391173,17.928571428571427,70.87912087912088,10.5456268477692,9.312811613411696,1.2328152343575027,853.0616516437374,766.4883483562626,809.775,86.5733032874748,49.80580427893023,59.05743236052932,31.302548115732066,-42.85714285714285,42.05644625235451,82.20465297129157,25053.55,5798,24609.1,-489.0,-2.112493519958525
2025-07-31,827.5,829.25,811.225,792.45,816.0573354925348,18.035714285714285,68.98395721925132,9.70697064158776,9.39164341904691,0.3153272225408496,854.015155040862,768.434844959138,811.225,85.58031008172406,40.02205133746864,52.71230535284243,14.64154330672106,-47.61904761904762,27.48669116989393,75.99633048857513,25293.7,-12006,24627.2,-754.0,-3.327596098680441
2025-08-01,825.8,828.55,812.55,793.1416666666667,816.5756844932457,18.428571428571427,68.30601092896174,8.939283065330642,9.301171348303656,-0.3618882829730143,854.8632429189225,770.2367570810774,812.55,84.62648583784517,35.01470089164576,46.81310386577688,11.41789494338353,-49.29577464788732,16.430070389582973,74.4707951841682,25812.5,-12006,24536.95,-2321.0,-10.595754393973976
2025-08-04,828.0,828.95,815.3,794.1,818.9970478748413,19.892857142857142,73.63636363636363,9.871273903700969,9.415191859383118,0.4560820443178492,857.7702992194478,772.8297007805521,815.3,84.94059843889568,50.657948742578654,48.0947188247108,55.784408578314384,-20.863309352517987,49.24749837375855,86.46531651506774,26770.95,23590,24663.1,4652.0,23.754084967320253
2025-08-05,827.8,828.05,817.475,794.5166666666667,819.9497099819993,20.357142857142858,63.793103448275865,9.45193596904869,9.422540681316232,0.0293952877324574,857.9270183609377,777.0229816390623,817.475,80.9040367218754,49.23090302645341,48.47344689195833,50.74581529544355,-48.24561403508772,35.504802852215114,31.19368445239543,27179.15,-395,24730.8,-1531.0,-6.317049017989762
2025-08-06,829.3,829.0,819.925,795.2583333333333,821.1449756979994,18.428571428571427,49.70059880239521,9.294882761340432,9.397009097321074,-0.1021263359806425,857.549565043822,782.3004349561779,819.925,75.24913008764406,51.66118172778053,49.536025170565736,55.91149484221012,-54.54545454545455,30.54653653535625,0.0,27141.0,11040,24799.45,-370.0,-1.6295970050649644
2025-08-07,831.5,829.5,822.2,795.9,822.2264065839042,17.785714285714285,52.531645569620245,9.06591078651104,9.330789435159067,-0.264878648648029,856.8249073720966,787.5750926279035,822.2,69.24981474419315,53.28136752866528,50.78447262326559,58.27515733946467,-54.54545454545455,31.70968130279801,9.452398854094136,26987.95,11040,24733.9,-1021.0,-4.571300649205279
2025-08-08,833.3,829.55,824.425,796.6083333333333,823.0143678616276,16.642857142857142,44.75524475524475,8.62365740695509,9.189363029518272,-0.5657056225631827,854.7014021362469,794.148597863753,824.425,60.55280427249386,52.429124246163326,51.33268983089817,54.62199307669364,-50.0,17.720165668992824,0.0,26640.35,-1996,24654.5,-664.0,-3.115323261705916
2025-08-11,831.4,829.7,826.65,797.4333333333333,823.9177613986155,16.5,46.25850340136054,8.338431455371847,9.019176714688989,-0.6807452593171401,851.7542038836431,801.5457961163569,826.65,50.20840776728619,53.79332920758714,52.15290295646116,57.07418170983911,-44.44444444444444,29.293525708877496,4.814678624202435,26809.55,12086,24481.4,-1404.0,-6.799031476997575
2025-08-12,830.5,829.15,828.375,798.125,823.9732126939855,14.928571428571429,51.127819548872175,7.381762331420646,8.69169383803532,-1.3099315066146744,846.7020722961228,810.0479277038772,828.375,36.65414459224553,46.97333058283587,50.42637883191939,40.067234084668826,-66.66666666666667,-6.863535130038793,20.41025988394409,26747.1,-3650,24290.0,-1189.0,-6.177907097578716
2025-08-13,826.6,827.95,829.175,798.7333333333333,822.9281448183679,14.821428571428571,40.13605442176871,5.630733674975431,8.079501805423343,-2.4487681304479114,842.430683984415,815.9193160155849,829.175,26.5113679688302,34.385729160487074,45.07949560810862,12.998196265243976,-90.78947368421052,-113.57941227047418,0.0,26396.85,-17006,23917.5,-1073.0,-5.942293847261448
2025-08-14,822.0,826.75,828.0,799.225,821.6492738832852,14.785714285714286,36.24161073825504,3.915474942148308,7.246696432768337,-3.3312214906200293,843.758038884126,812.241961115874,828.0,31.51607776825199,26.4532312050306,38.87074080708261,1.618212000926576,-89.41176470588235,-123.76886269165756,0.0,23707.55,-31690,23078.35,623.0,3.668158266603872
2025-08-15,818.9,826.1,827.325,799.85,821.0160097039247,13.785714285714286,39.87341772151899,2.9657369042678283,6.390504527068235,-3.424767622800407,844.1155832004273,810.5344167995728,827.325,33.5811664008545,27.72320676826601,35.15489612747708,12.85982804984387,-73.86363636363636,-93.82155908191376,9.13983053884063,21438.4,-17277,22317.85,948.0,5.3842221843585
2025-08-18,814.6,823.0,825.975,800.45,820.0621040178366,13.392857142857142,38.41463414634147,1.8687542602958729,5.486154473713763,-3.6174002134178895,843.4783079580297,808.4716920419703,825.975,35.006615916059445,25.23889460226743,31.84956228574053,12.017559235321222,-82.95454545454545,-76.73497122228962,5.811038286594338,19739.65,-32263,21655.35,-1105.0,-5.95526812180005
2025-08-19,811.8,821.15,824.6,801.2333333333333,819.1514274447093,13.321428571428571,40.64516129032258,0.9481125391178012,4.578546086794571,-3.6304335476767697,842.4431764932247,806.7568235067754,824.6,35.686352986449265,23.13223604115126,28.94378687087744,11.5091343816989,-84.0909090909091,-82.81928191511459,11.775851451849755,19147.1,-42264,21050.4,-1113.0,-6.378223495702007
2025-08-20,810.3,818.45,823.725,802.075,817.851291497594,13.142857142857142,39.87341772151899,-0.1828530548435765,3.626266258466941,-3.809119313310518,843.5092973353258,803.9407026646743,823.725,39.56859467065146,18.491666132697333,25.4597466248174,4.555505148457193,-92.3076923076923,-96.73427135279285,9.712076432647455,17948.8,-53964,20483.65,-2535.0,-15.51692477198996
2025-08-21,809.3,815.65,822.575,802.85,816.5797399263946,12.928571428571429,39.375,-1.1466254939319924,2.6716879079871547,-3.818313401919147,844.0380036648121,801.111996335188,822.575,42.9260073296241,14.520759877938572,21.813417709191125,-0.0645557845665294,-94.50549450549453,-81.9255524761089,8.379221732745965,17222.0,-60645,19905.85,-825.0,-5.977394580495576
2025-08-22,806.5,812.7,821.125,803.4333333333333,815.0959551714998,11.607142857142858,17.460317460317455,-2.1678531827456027,1.7037796898406032,-3.871632872586206,844.3240811977759,797.9259188022241,821.125,46.39816239555171,12.750682023888874,18.792505814090376,0.6670344434858748,-92.04545454545456,-89.39176557191679,0.0,16727.1,-67324,19285.9,-1007.0,-7.759882869692536
2025-08-25,805.0,809.8,819.75,804.075,813.9915784884998,11.285714285714286,25.71428571428572,-2.7438252673402985,0.8142586984044229,-3.5580839657447214,843.7313524046881,795.7686475953119,819.75,47.96270480937619,16.500454682592583,18.02848877025778,13.444386507262188,-86.04651162790698,-66.86479870138625,23.53480378115157,15008.65,-58792,18523.35,-3024.0,-25.26315789473684
2025-08-26,807.5,809.65,819.4,805.0416666666666,814.849523394357,12.178571428571429,43.065693430656935,-1.60826122800745,0.3297547131220483,-1.9380159411294984,842.951958237948,795.8480417620519,819.4,47.103916475896085,40.82486452523715,25.62728068858424,71.22003219854298,-40.69767441860465,6.0390860245253934,73.00942778824384,14338.85,-51218,18000.6,3747.0,41.88464118041584
2025-08-27,809.3,809.8,818.875,805.975,814.8162354520373,12.071428571428571,38.31168831168832,-1.3783092173848672,-0.0118580729793347,-1.3664511444055325,842.3694002286759,795.3805997713241,818.875,46.98880045735177,47.09961728583062,32.784726220999694,75.72939941549247,-60.0,-7.346789576471481,61.93322806226034,14135.25,-60846,16910.55,-11835.0,-93.24036870716142
2025-08-28,812.7,811.0,818.875,807.225,815.4527844566053,12.142857142857142,44.51219512195122,-0.624035599747458,-0.1342935783329594,-0.4897420214144986,842.3694002286759,795.3805997713241,818.875,46.98880045735177,59.469920295816905,41.67979091260543,95.05017906223986,-43.52941176470589,-4.636480438448984,80.35011801730923,13770.6,-50335,16541.75,13671.0,1593.3566433566434
2025-08-29,816.5,811.5,818.8,808.0833333333334,815.8858526035953,11.928571428571429,42.331288343558285,-0.1456270890656696,-0.1365602804795014,-0.0090668085861682,842.2686801369051,795.3313198630948,818.8,46.93736027381033,65.9624030042288,49.77399494314655,98.33921912639332,-40.78947368421053,7.293164502083701,73.87233783434063,13157.0,-56943,15582.55,-14129.0,-97.24688553926627
2025-09-01,819.5,812.25,817.625,808.8583333333333,816.1348190223005,11.428571428571429,46.0,0.1111958419705843,-0.0870090559894843,0.1982048979600686,838.4016949400409,796.8483050599591,817.625,41.5533898800818,68.53633884492447,56.02810957707252,93.55279738062838,-26.31578947368421,3.831939349297294,100.0,11696.5,-63329,14375.75,-300.0,-75.0
2025-09-02,817.0,812.25,816.7,809.5166666666667,815.5981695916051,11.142857142857142,48.25174825174825,-0.3270334381801376,-0.135013932427615,-0.1920195057525226,836.9858519533598,796.4141480466403,816.7,40.57170390671945,60.89557092585608,57.65059669333371,67.38551939090084,-54.3859649122807,-18.68789255646672,100.0,11074.4,-74872,13939.75,13885.0,13885.0
2025-09-03,813.8,811.55,815.0,810.075,813.9697724876428,11.357142857142858,43.125,-1.623913547264806,-0.4327938553950531,-1.1911196918697526,835.4089763532966,794.5910236467034,815.0,40.81795270659313,42.85693428955378,52.71937589207373,23.13205108451388,-93.22033898305084,-72.57659563693605,83.35008111031001,11200.9,-88837,12828.5,-13875.0,-99.21344297461566
2025-09-04,808.9,810.8,813.225,810.6083333333333,812.3536036792959,10.857142857142858,38.15789473684211,-2.741139689171405,-0.8944630221503236,-1.8466766670210808,833.3991757804624,793.0508242195376,813.225,40.34835156092481,33.88529918820494,46.441350324117465,8.773196916379888,-84.05797101449275,-92.81942203155944,67.21862786020569,11001.5,-98766,11768.3,0.0,0.0
2025-09-05,804.9,810.7,811.7,811.15,811.1770699955534,10.928571428571429,42.66666666666666,-3.34590501756918,-1.3847514212340948,-1.9611535963350848,830.9665513260662,792.4334486739339,811.7,38.53310265213236,30.80275984527672,41.22848683117056,9.951305873489048,-75.3623188405797,-72.36050800632228,81.86157173756308,10733.25,-91095,10741.2,-2.0,-1.8181818181818188
2025-09-08,802.7,811.1,810.45,811.4083333333333,810.8268728531198,11.535714285714286,48.17073170731708,-3.183303437053837,-1.7444618243980432,-1.438841612655794,827.100904827633,793.7990951723671,810.45,33.30180965526597,36.221447739988406,39.5594738007765,29.54539561841221,-53.6231884057971,-31.734053469206334,99.73688606749084,10708.95,-77499,9784.2,-2.0,-1.851851851851849
2025-09-09,801.7,809.35,809.5,811.6166666666667,810.3195516290131,11.535714285714286,50.0,-3.179176233663725,-2.0314047062511795,-1.1477715274125453,824.8965136176633,794.1034863823367,809.5,30.79302723532669,38.28904596807308,39.13599785654203,36.59514219113518,-59.42028985507246,-29.20355612836472,100.0,10245.45,-83965,9635.95,14986.0,14137.735849056602
2025-09-10,803.3,808.55,809.175,811.8,809.9557848072023,11.392857142857142,51.265822784810126,-3.059940661393284,-2.2371118972796005,-0.8228287641136838,824.534807427519,793.8151925724809,809.175,30.71961485503812,40.677545796897206,39.64984716999376,42.73294305070411,-56.52173913043478,-29.3344237011769,100.0,9784.9,-79820,9519.25,-442.0,-2.9287039491121103
2025-09-11,804.8,806.85,808.925,811.9083333333333,809.4361862541355,11.142857142857142,52.25806451612903,-3.091195518886366,-2.407928621600954,-0.6832668972854119,824.4246604377049,793.425339562295,808.925,30.99932087540992,40.8749776212119,40.05822398706647,42.50848488950275,-62.31884057971015,-28.46824689860753,100.0,9242.55,-83657,8662.9,-14170.0,-96.7235494880546
2025-09-12,804.4,804.65,808.075,811.675,808.3470256585035,10.928571428571429,46.625766871165645,-3.598974162006129,-2.646137729681989,-0.9528364323241404,824.0297880950466,792.1202119049535,808.075,31.90957619009305,34.59461784916952,38.23702194110082,27.309809665306915,-81.15942028985508,-53.85101809825282,60.05510761127711,8848.3,-90185,7759.15,0.0,0.0
2025-09-15,803.8,803.25,807.75,811.4333333333333,807.9806422624556,10.178571428571429,36.496350364963504,-3.43727396317388,-2.8043649763803677,-0.6329089867935123,823.7187194226696,791.7812805773304,807.75,31.937438845339106,42.32233782537227,39.59879390252463,47.76942567106755,-61.76470588235294,-40.10791361087193,0.0,8548.55,-81194,6911.15,10.0,2.083333333333326
2025-09-16,804.0,802.85,807.55,811.4333333333333,807.8396287136503,10.107142857142858,43.54838709677419,-3.111870400406019,-2.865866061185498,-0.2460043392205211,823.4738318583366,791.6261681416634,807.55,31.8476637166732,50.43711410580374,43.21156730361767,64.88820771017586,-54.54545454545455,-4.708314341523561,44.74155960561696,8451.1,-73142,6118.35,-9.0,-1.8367346938775508
2025-09-17,804.5,803.9,807.725,811.4,807.9501402647312,9.714285714285714,39.130434782608695,-2.622031479144425,-2.8170991447772837,0.195067665632858,823.6308909973945,791.8191090026055,807.725,31.811781994789044,59.2061380860397,48.54309089775835,80.53223246260242,-46.96969696969697,1.0182365230430774,16.711915927306734,8193.5,-66594,5451.8,-10.0,-2.079002079002079
2025-09-18,803.9,804.35,807.575,811.125,807.3358411918997,9.928571428571429,35.43307086614173,-2.806664444205694,-2.815012204662966,0.0083477604572719,823.6644702408602,791.4855297591399,807.575,32.17894048172025,51.43657068983844,49.50758416178505,55.29454374594522,-68.25396825396825,-20.82171851646367,0.0,8175.0,-72905,4825.25,-25.0,-5.307855626326963
2025-09-19,805.3,804.85,807.775,810.8916666666667,807.1133801260045,10.0,39.69465648854962,-2.6401328419693755,-2.780036332124248,0.1399034901548725,823.6178964656402,791.9321035343597,807.775,31.685792931280503,53.20996604547789,50.74171145634933,58.14647522373501,-54.23728813559322,-23.93793807586568,25.32889884574252,8096.9,-67788,4248.8,-5.0,-1.1210762331838595
2025-09-22,805.9,804.85,807.975,811.25,807.1502010663851,10.107142857142858,47.5,-2.280142181049314,-2.6800575019092614,0.3999153208599475,823.6911499235975,792.2588500764025,807.975,31.43229984719505,58.2803282408449,53.25458371784785,68.331817286839,-28.88888888888889,-5.248129055833925,71.72025966183574,8138.7,-58420,4450.65,12542.0,2843.9909297052154
2025-09-23,805.6,804.8,807.075,811.55,806.9454200124436,9.678571428571429,56.43564356435643,-2.171543889091595,-2.5783547793457284,0.4068108902541336,821.1435352546195,793.0064647453806,807.075,28.13707050923881,57.27460479214222,54.59459074261264,62.63463289120139,-40.0,-5.260322710171142,100.0,8143.3,-66086,4447.05,-362.0,-2.7882615728260007
2025-09-24,804.4,804.45,806.5,811.7166666666667,806.5696657255443,9.571428571428571,55.88235294117647,-2.221256977853045,-2.506935219047192,0.2856782411941467,820.2266548230631,792.7733451769369,806.5,27.45330964612617,53.095350563182535,54.09484401613594,51.09636365727573,-51.16279069767442,-18.091642510042128,97.3656054849557,7907.45,-70997,5038.05,57.0,0.4516282386498593
2025-09-25,805.6,804.75,805.8,811.9666666666667,806.6582689897782,9.25,57.14285714285714,-1.8759181502118736,-2.3807318052801287,0.5048136550682552,817.5983049629996,794.0016950370003,805.8,23.59660992599925,58.20391791931467,55.46453531719551,63.68268312355298,-33.333333333333336,-2.336652271828159,100.0,7655.9,-65517,4930.1,-308.0,-2.429405268969864
2025-09-26,806.3,805.8,805.225,812.1916666666667,806.8336719431327,8.321428571428571,51.086956521739125,-1.5042034772714032,-2.205426139678384,0.7012226624069804,815.0683787523949,795.3816212476052,805.225,19.68675750478974,59.79026626719744,56.906445633862816,65.55790753386668,-26.31578947368421,23.634071361136364,72.10520387474655,7622.45,-59578,5495.2,-668.0,-5.40016168148747
2025-09-29,806.9,806.4,804.825,812.5833333333334,807.1828460437866,8.285714285714286,55.434782608695656,-1.0362879531467115,-1.9715985023720493,0.9353105492253376,812.8857887820868,796.7642112179133,804.825,16.12157756417355,65.78610343739088,59.866331568372175,77.6256471754283,-15.789473684210526,56.81296379814715,92.13223699031316,7644.9,-52743,6040.25,-701.0,-5.990428986498031
2025-09-30,809.3,807.45,805.15,813.1083333333333,808.1178130872356,9.357142857142858,60.19417475728156,-0.1393594034404941,-1.6051506825857385,1.4657912791452443,814.5817492935713,795.7182507064286,805.15,18.863498587142654,62.7462911804828,60.82631810574238,66.58623732996365,-36.61971830985915,143.18680084530453,100.0,8065.0,-32798,5818.95,-1442.0,-13.107899281883462
2025-10-09,814.4,809.4,806.65,813.8583333333333,810.0589737455941,10.035714285714286,69.67213114754098,1.4823294534910474,-0.9876546553703814,2.469984108861429,820.2499226003968,793.0500773996032,806.65,27.19984520079356,70.61873957486732,64.09045859545068,83.67530153370058,-11.688311688311687,155.2480218996598,100.0,7920.95,-21714,6317.35,519.0,5.429438225755834
2025-10-10,817.1,811.35,807.85,814.425,811.1009762460137,10.178571428571429,68.54838709677419,2.1377001595941465,-0.3625836923774758,2.500283851971622,822.0852416650755,793.6147583349245,807.85,28.470483330150955,67.91249304991155,65.36447008027098,73.00853898919269,-31.16883116883117,115.06663542596766,96.71794715879724,7793.65,-29097,6779.55,-724.0,-7.183965072435006
2025-10-13,816.0,811.15,808.0,814.7083333333334,810.3294546987743,11.428571428571429,48.9795918367347,1.1909085457479025,-0.0518852447524001,1.2427937905003024,821.9472691158311,794.0527308841689,808.0,27.89453823166218,54.218084797502016,61.64900831934799,39.35623775381008,-73.17073170731707,-19.794447651750566,39.564523264536746,8061.65,-42128,7155.9,-1719.0,-18.37716484926235
2025-10-14,811.4,809.15,807.0,814.7,808.1552209179387,11.892857142857142,39.080459770114935,-0.8009185995248345,-0.201691915706887,-0.5992266838179474,823.6954138045514,790.3045861954486,807.0,33.39082760910287,37.54889863693117,53.61563842520905,5.415419060375413,-95.78947368421052,-99.91919520933676,10.652713228682524,7985.0,-54191,7483.35,-980.0,-12.83562540929928
2025-10-15,806.6,807.95,806.375,814.75,806.7118665448016,11.964285714285714,41.11111111111112,-1.913593216481786,-0.5440721758618668,-1.3695210406199192,824.204233829509,788.545766170491,806.375,35.658467659018015,30.295756986024287,45.84234461214746,-0.797418266222067,-84.21052631578948,-84.92742317012286,16.58351659859672,8064.75,-46130,7028.15,-667.0,-10.022539444027046
2025-10-16,800.3,807.35,805.9,814.75,805.7869268738682,11.964285714285714,47.39884393063584,-2.4444511845650823,-0.92414797760251,-1.5203032069625722,824.2147912613633,787.5852087386367,805.9,36.62958252272665,28.26734676261268,39.98401199563587,4.834016296566318,-75.78947368421052,-61.02129769696905,27.19166291338738,8098.8,-41304,6552.05,-860.0,-14.362057448229791
2025-10-17,803.2,810.15,807.45,814.7916666666666,808.6167433620712,14.214285714285714,62.55144032921811,0.2387165177578936,-0.6915750785304293,0.9302915962883228,830.0189586542398,784.8810413457603,807.45,45.13791730847947,51.52463640383329,43.83088679836834,66.9121356147632,-1.96078431372549,113.29190933038096,76.72343321660644,8511.0,-29223,7240.4,9119.0,177.82761310452418
2025-10-20,809.5,812.75,809.275,814.8916666666667,811.0818154228264,13.892857142857142,61.25,2.258420939603525,-0.1015758749036385,2.3599968145071637,834.3862786569982,784.1637213430017,809.275,50.2225573139965,65.46086871366664,51.04088077013444,94.30084460073108,-6.666666666666667,103.65354941166343,72.46920234062213,8688.85,-39308,7998.15,1388.0,9.74240190917386
2025-10-21,819.6,815.5,810.95,814.8916666666667,813.6454520492239,13.857142857142858,63.63636363636363,4.094275732335973,0.7375944465442837,3.356681285791689,839.0155248340463,782.8844751659537,810.95,56.1310496680926,75.45876096062624,59.18017416696503,108.01593454794865,-4.545454545454546,97.72716297819832,80.26989948763895,8705.1,-29992,8828.9,1470.0,9.401982731052128
2025-10-22,827.3,816.95,812.2,814.7833333333333,815.345885187393,14.214285714285714,61.35458167330677,4.967446572997233,1.5835648718348736,3.383881701162359,841.6250162098055,782.7749837901946,812.2,58.8500324196109,78.18462851920538,65.51499228437848,103.52390098885915,-16.363636363636363,73.2032092727425,72.81106556220453,8746.4,-38870,9677.8,354.0,2.069570301081547
2025-10-23,833.6,816.95,813.175,814.875,816.598658026689,14.357142857142858,58.467741935483865,5.35562946442144,2.3379777903521872,3.017651674069253,843.4340134461912,782.9159865538087,813.175,60.51802689238252,78.18369174007631,69.73789210294441,95.07529101434012,-21.818181818181817,54.67857673892768,63.37438032128912,9015.25,-50795,10559.0,636.0,3.6428203218970223
2025-10-24,832.3,817.75,814.55,814.9,817.7797382146234,14.535714285714286,58.29959514170041,5.638614584888501,2.99810514925945,2.640509435629051,845.0733301625244,784.0266698374755,814.55,61.04666032504883,78.48609752368725,72.65396057652535,90.15037141801103,-20.90909090909091,49.54197171294363,62.82473139328863,9264.5,-39499,11475.05,672.0,3.7137330754352105
2025-10-27,822.8,816.15,813.65,814.1833333333333,814.8483345751355,17.5,42.81345565749235,2.44564150736403,2.887612420880366,-0.4419709135163359,846.3433117254721,780.9566882745279,813.65,65.38662345094417,56.18081432708627,67.16291182671233,34.21661932783414,-88.4297520661157,-52.05282129489193,12.202654249653174,11922.5,-97776,12281.5,-2197.0,-11.706719241221297
2025-10-28,812.4,816.0,812.575,813.4333333333333,812.1008741394083,16.392857142857142,40.18987341772152,-0.1636182144271742,2.277366293818858,-2.440984508246032,847.4601876272641,777.689812372736,812.575,69.77037525452806,40.75966134202446,58.36182833181637,5.555327362440636,-90.08264462809916,-80.42284103159515,3.62652185269366,12259.3,-113880,12462.25,28.0,0.1689800844900446
2025-10-29,803.5,815.4,811.675,812.7166666666667,809.71031469756,15.571428571428571,35.932203389830505,-2.126273344441074,1.3966383661668715,-3.522911710607945,848.2699018594831,775.0800981405168,811.675,73.18980371896623,31.02985687264441,49.25117117875905,-5.412771739584883,-88.4297520661157,-72.2831336330617,0.0,12198.25,-107435,12663.15,41.0,0.2470177129774597
2025-10-30,795.0,814.3,810.825,812.0666666666667,807.4521894882686,15.178571428571429,37.5886524822695,-3.719507154629241,0.373409262007649,-4.09291641663689,849.0229263697299,772.6270736302702,810.825,76.39585273945977,23.99235637239655,40.83156624330488,-9.686063369420124,-90.08264462809916,-67.56055013815299,5.979062630661342,12337.25,-115126,12856.0,-104.0,-0.6250375623535032
2025-10-31,786.7,809.5,809.825,811.5,805.5519809655764,14.035714285714286,43.77510040160642,-4.805721596746707,-0.6624169097432223,-4.143304687003485,849.411381230763,770.2386187692371,809.825,79.17276246152596,20.127135653223046,33.93008937994428,-7.47877180021942,-87.60330578512396,-58.82927457983173,28.30945584339583,12609.3,-104205,13022.05,-844.0,-5.104324160870877
2025-11-03,785.7,804.25,808.5,810.8416666666667,803.308935159331,13.821428571428571,47.598253275109165,-6.040724688471073,-1.7380784654887926,-4.302646222982281,850.0007926366909,766.9992073633091,808.5,83.0015852733818,17.711019728411323,28.523732829433293,-3.914406473632617,-87.31343283582089,-71.83730713515452,42.10937917433732,13249.35,-122945,13283.65,1243.0,7.921738576253912
2025-11-04,783.8,798.1,806.8,809.75,800.7557032393947,13.964285714285714,42.79475982532751,-7.378225974711427,-2.86610796733332,-4.512118007378107,850.6735023735996,762.9264976264003,806.8,87.7470047471993,13.46023904759102,23.50256823548587,-6.624419328198677,-95.5223880597015,-69.42552908358766,24.770851649819555,13202.9,-128851,13618.95,773.0,4.564780914137234
2025-11-05,782.1,792.8,804.875,808.9083333333333,798.6361124546904,13.678571428571429,41.77777777777778,-8.182499336014075,-3.929386241069471,-4.253113094944604,850.2179911023213,759.5320088976787,804.875,90.68598220464264,11.751270476171792,19.58546898238118,-3.9171265362469834,-92.53731343283582,-64.28573677247574,21.09998764058832,12423.95,-124485,14023.8,-51.0,-0.2880216863387352
2025-11-06,780.7,787.85,802.4,808.0166666666667,796.7660065066246,11.178571428571429,12.080536912751684,-8.679494142322369,-4.879407821320051,-3.8000863210023184,847.7171281665452,757.0828718334548,802.4,90.63425633309043,11.107989841257384,16.759642602006583,-0.1953156802410092,-91.7910447761194,-56.28097293455848,0.0,12094.15,-119997,14407.15,89.0,0.5040779338468582
2025-11-07,778.9,782.8,800.275,807.1166666666667,795.0263868393271,11.0,12.16216216216216,-9.009851963306687,-5.705496649717379,-3.3043553135893085,845.9044860808219,754.645513919178,800.275,91.2589721616439,14.65170337243246,16.056996192148542,11.841117733000296,-92.53731343283582,-52.57624627171844,0.1583240044778399,11907.45,-123646,14840.8,282.0,1.5891800507185083
2025-11-10,779.0,782.35,799.25,806.3166666666667,793.8333976165341,11.357142857142858,12.75167785234899,-8.846914621191218,-6.3337802440121465,-2.513134377179071,845.5380000363846,752.9619999636154,799.25,92.57600007276916,23.65669113717719,18.590227840491423,33.78961773054873,-85.07462686567165,-44.23952966769428,1.362057738224426,11650.85,-115747,15317.1,-866.0,-4.8039052532312665
2025-11-11,779.0,781.4,798.7,805.3833333333333,792.1825978435309,11.142857142857142,12.83783783783784,-9.097070098209656,-6.886438214851649,-2.2106318833580065,845.8296085279724,751.5703914720277,798.7,94.25921705594465,21.32668298034035,19.5023795537744,24.97528983347226,-93.4959349593496,-43.87735186390465,1.6325642485143017,11257.25,-119938,15854.35,239.0,1.3926927335236927
2025-11-12,779.0,780.55,797.975,804.6166666666667,790.879493287004,11.035714285714286,15.753424657534254,-9.029846382503706,-7.315119848382062,-1.7147265341216444,845.9129807668191,750.0370192331809,797.975,95.87596153363825,22.55112198689357,20.518627031480783,26.61611189771913,-90.1639344262295,-45.2828733009839,7.9466953363452655,11068.05,-115661,16444.65,394.0,2.264367816091961
2025-11-13,779.9,780.3,797.3,804.125,790.1766844025275,11.071428571428571,20.64516129032259,-8.475413598033242,-7.547178598312298,-0.928234999720944,845.6739816974277,748.9260183025722,797.3,96.74796339485556,38.689995303090335,26.575749788683968,62.91848633190306,-80.70175438596492,-34.493914783941804,24.11366848643428,11150.4,-109188,17067.35,-212.0,-1.191412835787342
2025-11-14,781.9,780.4,794.95,803.775,790.0170001737154,8.464285714285714,51.85185185185185,-7.545582629025944,-7.546859404455027,0.0012767754290834,839.9598234891699,749.9401765108302,794.95,90.01964697833978,54.62215903088905,35.92455286941899,92.01737135382916,-33.333333333333336,-21.727558988142803,100.0,10916.45,-101786,17153.2,-1618.0,-9.202593561597084
