时间,MA5,MA10,MA20,MA60,EMA20,ATR14,RSI14,MACD,MACD_SIGNAL,MACD_HIST,BOLL_UP,BOLL_LOW,BOLL_MID,BOLL_WIDTH,STOCH_RSI,VOL_MA20,MAX_DRAWDOWN_20,RSI_UPPER_DYNAMIC,RSI_LOWER_DYNAMIC,MARKET_BREADTH,OI_MA20
2024-12-26,41570.0,41570.0,41570.0,41570.0,41570.0,2990.0,0.0,0.0,0.0,0.0,41570.0,41570.0,41570.0,0.0,0.0,301655.0,0.0,0.0,0.0,0.0,31271.0
2024-12-27,41760.0,41760.0,41760.0,41760.0,41606.19047619047,1962.5,99.99999999994736,30.313390313385753,6.062678062677151,24.250712250708602,42297.40115370178,41222.59884629822,41760.0,1074.802307403559,100.0,237234.0,0.0,79.9999999999579,19.999999999989473,0.5,32058.5
2024-12-30,42018.333333333336,42018.333333333336,42018.333333333336,42018.333333333336,41694.64852607709,1728.3333333333333,99.9999999999689,100.38441246419097,24.927024942979916,75.45738752121106,42990.56444440381,41046.10222226286,42018.333333333336,1944.4622221409518,100.0,203658.0,0.0,99.9999999999603,39.99999999997895,0.6666666666666666,33227.333333333336
2024-12-31,42130.0,42130.0,42130.0,42130.0,41768.01533311737,1415.0,93.23671497584542,148.5553339502585,49.65268674443564,98.90264720582286,43040.86039910991,41219.13960089009,42130.0,1821.720798219816,93.23671497587442,171321.5,-0.1645703538262655,99.99999999995597,55.94202898550726,0.75,32805.5
2025-01-02,42218.0,42218.0,42218.0,42218.0,41844.39482520144,1205.0,93.85964912280701,192.9792144997482,78.31799229549816,114.66122220425004,43099.54977170889,41336.45022829111,42218.0,1763.0995434177748,93.8596491228362,144428.8,-0.1645703538262655,99.99999999995167,74.58937198067633,0.8,32333.8
2025-01-03,42416.0,42275.0,42275.0,42275.0,41912.54769899178,1073.3333333333333,93.04347826086956,224.78733499292866,107.61186083498427,117.1754741579444,43111.468768095976,41438.531231904024,42275.0,1672.937536191952,93.0434782608985,126537.16666666667,-0.1645703538262655,99.99999999994736,93.04347826086956,0.8333333333333334,31818.5
2025-01-06,42691.0,42425.0,42425.0,42425.0,42047.066965754464,1068.5714285714287,95.822454308094,308.1721891115958,147.72392649030658,160.44826262128922,43526.3930572991,41323.6069427009,42425.0,2202.7861145982024,95.8224543081238,118219.0,-0.1645703538262655,99.1644908615767,93.08212560386474,0.8571428571428571,31796.285714285714
2025-01-07,42821.0,42520.0,42520.0,42520.0,42155.44154044452,1020.625,89.29440389294405,358.8221780750973,189.94357680726472,168.8786012678326,43672.63672879682,41367.36327120318,42520.0,2305.273457593634,89.29440389297181,108393.5,-0.32313906520483604,98.32898172320601,90.79403364011425,0.875,31616.375
2025-01-08,42868.0,42540.0,42540.0,42540.0,42207.30425087837,989.4444444444445,72.24409448818898,355.72661754137516,223.10018495408684,132.62643258728832,43624.850220076485,41455.149779923515,42540.0,2169.7004401529703,72.24409448821145,99711.22222222222,-1.4425851125216327,97.49347258483535,82.47428013104202,0.8888888888888888,31234.88888888889
2025-01-09,42869.0,42543.5,42543.5,42543.5,42242.32289365186,974.0,68.85553470919325,339.27594626804785,246.33533721687905,92.94060905116879,43566.54610518458,41520.45389481542,42543.5,2046.0922103691555,68.85553470921467,93430.9,-1.7311021350259637,96.65796344646466,71.56638253238984,0.9,30879.5
2025-01-10,42971.0,42693.5,42591.36363636364,42591.36363636364,42321.14928473264,980.4545454545455,73.73417721518987,362.0080306405798,269.4698759016192,92.5381547389606,43612.520734063015,41570.206538664264,42591.36363636364,2042.3141953987506,73.7341772152128,87991.54545454546,-1.7311021350259637,95.822454308094,72.24409448818898,0.9090909090909091,30524.363636363636
2025-01-13,42983.0,42837.0,42657.5,42657.5,42422.46840047239,950.0,76.11510791366906,400.8208257399747,295.74006586929033,105.08075987068435,43733.5660675898,41581.4339324102,42657.5,2152.132135179607,76.11510791369273,82523.08333333333,-1.7311021350259637,95.4298932710366,72.54211103358915,0.9166666666666666,30210.583333333332
2025-01-14,43076.0,42948.5,42733.846153846156,42733.846153846156,42539.37617185597,933.0769230769231,77.80748663101605,447.8015532310601,326.15236334164433,121.64918988941577,43901.972530044055,41565.71977764826,42733.846153846156,2336.252752395798,77.80748663104023,78855.92307692308,-1.7311021350259637,95.0373322339792,72.84012757898934,0.9230769230769231,30050.53846153846
2025-01-15,43381.0,43124.5,42840.357142857145,42840.357142857145,42699.911774536355,944.2857142857143,80.76477404403244,525.3756097755759,365.99701262843064,159.37859714714523,44216.893846582585,41463.820439131705,42840.357142857145,2753.07340745088,80.76477404405755,78881.57142857143,-1.7311021350259637,94.64477119692181,73.13814412438951,0.9285714285714286,30116.5
2025-01-16,43692.0,43280.5,42926.333333333336,42926.333333333336,42836.11065315194,776.7857142857143,79.02494331065759,572.587470489656,407.3151042006757,165.27236628898027,44410.59104423833,41442.07562242834,42926.333333333336,2968.5154218099924,32.65237822039702,75568.8,-1.7311021350259637,94.25221015986442,73.4361606697897,0.9333333333333333,30099.533333333333
2025-01-17,44066.0,43518.5,43052.1875,43052.1875,43036.48106713747,793.9285714285714,80.88842975206612,667.666991328435,459.3854816262276,208.28150970220736,44804.29087879932,41300.08412120068,43052.1875,3504.206757598644,38.635741312395425,74787.4375,-1.7311021350259637,93.85964912280701,73.73417721518987,0.9375,30327.375
2025-01-20,44330.0,43656.5,43149.41176470588,43149.41176470588,43195.387632171994,743.5714285714286,74.16481069042317,715.8043140217342,510.66924810532896,205.1350659164052,45025.784203592084,41273.03932581968,43149.41176470588,3752.7448777724057,19.688106985146124,71737.58823529411,-1.7311021350259637,93.7350622934147,73.82030391023653,0.9411764705882353,30392.470588235294
2025-01-21,44453.0,43764.5,43211.38888888889,43211.38888888889,43297.25547672704,774.6428571428571,68.51851851851852,710.2617114136738,550.587740766998,159.6739706466758,45106.17990811395,41316.597869663834,43211.38888888889,3789.582038450113,0.0,69631.83333333333,-1.7311021350259637,93.61047546402237,72.84012757898934,0.9444444444444444,30219.333333333332
2025-01-22,44362.0,43871.5,43240.78947368421,43240.78947368421,43342.2787646578,813.2142857142857,61.42857142857143,658.3378864482365,572.1377699032457,86.2001165449908,45099.947775347435,41381.63117202099,43240.78947368421,3718.3166033264424,0.0,67527.05263157895,-2.603471295060056,93.48588863463006,70.88867057659068,0.9473684210526315,29953.63157894737
2025-01-23,44212.0,43952.0,43247.75,43247.75,43345.87126326182,830.0,57.28241563055062,579.0432898348809,573.5188738895728,5.524415945308078,45058.392441961296,41437.107558038704,43247.75,3621.2848839225917,0.0,65036.65,-3.471295060080093,93.36130180523773,68.7881314710583,0.95,29649.1
2025-01-24,43863.0,43964.5,43329.0,43245.23809523809,43331.5025715226,813.2142857142857,48.712871287128706,495.56127494025714,557.9273540997096,-62.36607915945251,44959.52655363391,41698.47344636609,43329.0,3261.053107267813,0.0,51050.7,-3.8829550511793376,93.23671497584542,68.51851851851852,0.95,29200.1
2025-01-27,43668.0,43999.0,43418.0,43267.27272727273,43369.45470756806,809.6428571428571,55.004591368227736,467.1857786559631,539.7790390109603,-72.59326035499726,44920.92136573373,41915.07863426627,43418.0,3005.8427314674627,19.554346159850773,42946.05,-3.8829550511793376,93.19806763285024,62.84656084656085,0.95,28621.85
2025-02-05,43455.0,43954.0,43451.25,43264.34782608696,43353.31616399015,851.0714285714286,54.553734061930776,397.3510077362953,511.29343275602736,-113.94242501973207,44900.3799567599,42002.1200432401,43451.25,2898.259913519796,18.15310457211494,36932.9,-3.8829550511793376,93.15942028985508,58.94087794975894,0.9,27900.8
2025-02-06,43460.0,43911.0,43517.75,43286.458333333336,43395.38129122918,841.4285714285714,60.234899328859065,385.57332672816847,486.14941155045557,-100.5760848222871,44896.683512385185,42138.816487614815,43517.75,2757.8670247703703,35.809877408301176,33937.7,-3.8829550511793376,93.1207729468599,59.05390584953569,0.9,27417.85
2025-02-07,43605.0,43908.5,43594.5,43319.2,43462.964025397836,831.4285714285714,58.961038961038966,396.6811455767529,468.25575835571505,-71.57461277896215,44921.20902691783,42267.79097308217,43594.5,2653.4180538356595,31.85078414436215,33565.5,-3.8829550511793376,93.08212560386474,58.6253142949413,0.9,27070.05
2025-02-10,43853.0,43858.0,43688.25,43362.11538461538,43555.53888012185,841.0714285714286,59.067357512953365,427.1880561210637,460.0422179087848,-32.85416178772107,44971.4379502978,42405.0620497022,43688.25,2566.3759005955944,32.181216798795354,32506.85,-3.8829550511793376,93.04347826086956,58.961038961038966,0.9,26735.85
2025-02-11,43881.0,43774.5,43715.5,43380.92592592593,43585.48755820548,849.2857142857143,51.80623973727422,401.1500167341728,448.2637776738624,-47.1137609396896,44989.32102353509,42441.67897646491,43715.5,2547.642047070185,9.614031885464987,29944.9,-3.8829550511793376,92.29366338728447,57.618140296648285,0.9,26201.6
2025-02-12,44024.0,43739.5,43752.0,43400.0,43616.86969551925,805.3571428571429,47.21223021582734,379.76807685288077,434.5646375096661,-54.796560656785346,45003.45557357486,42500.54442642514,43752.0,2502.9111471497163,0.0,28494.75,-3.8829550511793376,91.54384851369936,55.91572107315689,0.9,25739.4
2025-02-13,44027.0,43743.5,43807.5,43414.137931034486,43635.26305785075,797.1428571428571,47.12746858168761,350.3119350444322,417.71409701661935,-67.40216197218717,44956.79955785435,42658.20044214565,43807.5,2298.5991157086974,0.0,27522.15,-3.8829550511793376,90.79403364011426,54.82424844570895,0.9,25366.35
2025-02-14,44036.0,43820.5,43886.25,43438.666666666664,43684.28562376973,745.3571428571429,42.25490196078431,350.36410958146735,404.244099529589,-53.87998994812165,44886.08617079052,42886.41382920948,43886.25,1999.672341581041,0.0,26189.0,-3.8829550511793376,90.04421876652916,54.00423519699947,0.9,25012.65
2025-02-17,44003.0,43928.0,43946.25,43465.48387096774,43740.067945315466,737.5,45.63691073219658,355.9848832548523,394.5922562746417,-38.60737301978941,44881.7986709891,43010.7013290109,43946.25,1871.097341978195,12.877163219230471,25069.65,-3.8829550511793376,89.29440389294405,51.80623973727422,0.9,24717.2
2025-02-18,44061.0,43971.0,43985.0,43487.1875,43780.06147433304,695.0,48.872180451127825,347.55688675104466,385.18518236992236,-37.6282956188777,44886.238913356145,43083.761086643855,43985.0,1802.4778267122892,34.51232171004579,24368.05,-3.8829550511793376,87.61320906476847,49.458992308357104,0.9,24420.55
2025-02-19,44090.0,44057.0,44005.5,43504.545454545456,43806.722286301316,648.9285714285714,53.40375586854461,329.015785367701,373.9513029694781,-44.935517601777065,44893.20490592313,43117.79509407687,44005.5,1775.409811846257,62.006982979631466,22926.7,-3.8829550511793376,85.93201423659289,50.04580416558638,0.9,24047.7
2025-02-20,44081.0,44054.0,43982.5,43512.205882352944,43802.748735224995,632.5,54.621848739495796,287.2070502626011,356.6024524281027,-69.3954021655016,44870.09580654117,43094.90419345883,43982.5,1775.1916130823374,68.78169404334959,19604.4,-3.8829550511793376,84.2508194084173,50.63261602281566,0.85,23555.65
2025-02-21,44016.0,44026.0,43967.25,43521.142857142855,43804.86790329881,613.9285714285714,57.79702970297029,255.96422873852134,336.4748076901864,-80.51057895166508,44854.65588826439,43079.84411173561,43967.25,1774.8117765287752,86.4412125542496,18608.05,-3.8829550511793376,82.56962458024172,51.21942788004494,0.8,23099.95
2025-02-24,43942.0,43972.5,43915.25,43531.666666666664,43813.92810298464,590.7142857142857,52.37430167597765,234.552169382172,316.09028002858355,-81.53811064641155,44675.41255186845,43155.08744813155,43915.25,1520.3251037369046,56.28143045872366,15734.15,-3.8829550511793376,80.88842975206612,51.80623973727422,0.75,22457.3
2025-02-25,43877.0,43969.0,43871.75,43539.86486486487,43815.93495031944,521.7857142857143,60.19261637239165,209.91819502170983,294.8558630272088,-84.93766800549895,44535.02159635123,43208.47840364877,43871.75,1326.543192702462,99.76483335563499,15094.65,-3.8829550511793376,80.86369861045938,51.919852125014906,0.7,21899.0
2025-02-26,43968.0,44029.0,43884.25,43565.52631578947,43882.51257409854,538.9285714285714,61.25,242.47085676183633,284.3788617741343,-41.90800501229796,44586.97608274378,43181.52391725622,43884.25,1405.452165487557,100.0,14649.5,-3.8829550511793376,80.83896746885264,52.03346451275559,0.7,21668.5
2025-02-27,44125.0,44103.0,43923.25,43590.769230769234,43946.08280513678,508.92857142857144,57.60683760683761,268.00390106807026,281.1038696329215,-13.099968564851224,44683.50117040703,43162.99882959297,43923.25,1520.502340814055,80.82051282051283,13966.2,-3.8829550511793376,80.81423632724591,52.14707690049627,0.7,21547.5
2025-02-28,44213.0,44114.5,43967.5,43607.625,43976.455871314225,488.57142857142856,47.048611111111114,262.21920471462363,277.32693664926194,-15.10773193463831,44697.01678311201,43237.98321688799,43967.5,1459.033566224025,25.23655913978498,13525.85,-3.8829550511793376,80.78950518563917,51.21942788004494,0.7,21427.6
2025-03-03,44311.0,44126.5,44027.25,43626.70731707317,44015.84102642715,453.57142857142856,60.65573770491803,264.67029213326896,274.79560774606335,-10.125315612794395,44682.31508314662,43372.18491685338,44027.25,1310.1301662932383,96.87149656266524,12757.25,-3.871829105473945,80.76477404403244,51.80623973727422,0.75,21396.45
2025-03-04,44364.0,44120.5,44045.75,43637.97619047619,44023.85616676742,463.57142857142856,53.44506517690875,240.44057096972392,267.9246003907955,-27.48402942107157,44686.20440283072,43405.29559716928,44045.75,1280.9088056614419,58.91079473779059,12638.3,-3.871829105473945,80.41680789735747,51.919852125014906,0.75,21393.0
2025-03-05,44236.0,44102.0,44079.5,43643.48837209302,44009.67938898005,450.35714285714283,51.15864527629233,200.76838976216095,254.4933582650686,-53.72496850290764,44590.3187442466,43568.6812557534,44079.5,1021.6374884932011,46.87390029325513,12238.8,-2.614597240765426,80.0688417506825,51.417683060685086,0.75,21439.85
2025-03-06,44206.0,44165.5,44109.75,43660.681818181816,44046.85278050575,472.5,54.180602006688964,209.27857953102648,245.45040251826018,-36.171822987233696,44621.28509937709,43598.21490062291,44109.75,1023.0701987541834,54.721337513331086,12489.7,-2.614597240765426,79.72087560400753,51.547201952881466,0.75,21547.95
2025-03-07,44156.0,44184.5,44105.25,43668.555555555555,44043.81918236235,474.2857142857143,46.082949308755765,182.84891533818154,232.93010508224447,-50.081189744062925,44618.54149407986,43591.95850592014,44105.25,1026.5829881597165,0.0,11423.35,-2.614597240765426,79.37290945733257,50.701352311259434,0.7,21523.95
2025-03-10,44048.0,44179.5,44076.0,43672.5,44025.36021261355,479.2857142857143,45.31722054380664,146.89577199236373,215.72323846426832,-68.82746647190459,44576.69005014658,43575.30994985342,44076.0,1001.3801002931577,0.0,11018.65,-2.614597240765426,79.02494331065759,48.872180451127825,0.65,21588.4
2025-03-11,44058.0,44211.0,44090.0,43682.65957446808,44037.230668555116,484.2857142857143,51.282051282051285,140.98495288105187,200.77558134762504,-59.79062846657317,44582.02053872406,43597.97946127594,44090.0,984.0410774481134,37.43747758917234,10572.45,-2.614597240765426,78.7814519747293,49.32947341616073,0.65,21739.5
2025-03-12,44093.0,44164.5,44096.75,43690.3125,44038.446795359385,478.92857142857144,54.29864253393666,126.7700951399238,185.9744841060848,-59.20438896616099,44582.32372468582,43611.17627531418,44096.75,971.1474493716378,56.37071682831068,10357.55,-2.614597240765426,78.53796063880098,49.78676638119363,0.6,21888.2
2025-03-13,44037.0,44121.5,44112.25,43699.08163265306,44046.21376722992,460.0,54.43609022556391,119.77247046935372,172.73408137873858,-52.96161090938486,44578.69766164343,43645.80233835657,44112.25,932.8953232868662,57.23338923274055,10156.55,-2.614597240765426,78.29446930287267,50.244059346226535,0.6,22065.6
2025-03-14,43988.0,44072.0,44093.25,43700.5,44019.90769416041,468.92857142857144,48.19444444444444,85.00484463949397,155.18823403088965,-70.18338939139568,44583.56971309812,43602.93028690188,44093.25,980.6394261962414,18.05851834294595,10250.85,-2.614597240765426,78.05097796694436,48.840318618328,0.55,22299.9
2025-03-17,43862.0,43955.0,44040.75,43691.07843137255,43943.72600900227,494.2857142857143,42.47246022031823,12.921891699974367,126.7349655647066,-113.81307386473223,44659.43515077499,43422.06484922501,44040.75,1237.3703015499777,0.0,10986.6,-2.9854096520763096,77.80748663101605,48.712871287128706,0.5,22643.5
2025-03-18,43648.0,43853.0,43986.75,43679.32692307692,43861.466389097295,499.64285714285717,29.760225669957677,-54.868705522727396,90.4142313472198,-145.2829368699472,44736.29916274279,43237.20083725721,43986.75,1499.0983254855819,0.0,12421.7,-3.29966329966328,77.46901088754666,48.298129812981294,0.45,23064.3
2025-03-19,43560.0,43826.5,43964.25,43678.018867924526,43837.51720918327,533.5714285714286,38.366336633663366,-65.07651012145652,59.31608305348453,-124.39259317494106,44731.351688174385,43197.148311825615,43964.25,1534.2033763487707,27.855537574413056,13392.6,-3.29966329966328,77.13053514407726,47.60511590727418,0.4,23501.4
2025-03-20,43475.0,43756.0,43960.75,43678.333333333336,43823.94414164201,545.7142857142857,42.57812500000001,-65.5518383954186,34.34249876370391,-99.8943371591225,44732.30533280442,43189.19466719558,43960.75,1543.1106656088377,41.487900623035515,14152.35,-3.29966329966328,76.79205940060787,47.178325562171445,0.4,23892.55
2025-03-21,43424.0,43706.0,43945.25,43675.36363636364,43794.52089005706,559.6428571428571,38.767650834403085,-79.53619144887489,11.566760721188148,-91.10295217006303,44740.383057385596,43150.116942614404,43945.25,1590.2661147711915,36.50297700470627,14358.55,-3.29966329966328,76.45358365713847,47.11169708757231,0.4,24310.55
2025-03-24,43508.0,43685.0,43932.25,43674.732142857145,43779.804614813525,540.3571428571429,43.83378016085791,-79.6146880981687,-6.669529042683223,-72.94515905548548,44738.91614107566,43125.58385892434,43932.25,1613.3322821513138,57.03368349743513,14531.25,-3.29966329966328,76.11510791366906,47.048611111111114,0.4,24673.35
2025-03-25,43651.0,43649.5,43930.25,43676.84210526316,43781.25179435509,534.2857142857143,48.90710382513661,-66.40422606444918,-18.616468447036414,-47.787757617412765,44738.128801488645,43122.371198511355,43930.25,1615.75760297729,77.59354535291797,14493.95,-3.29966329966328,75.7250484690199,47.06438260522641,0.4,25035.8
2025-03-26,43657.0,43608.5,43886.5,43676.206896551725,43767.79924251175,507.85714285714283,38.44984802431612,-67.66207802019926,-28.425590361668988,-39.23648765853027,44654.848194094586,43118.151805905414,43886.5,1536.6963881891716,35.215067479304196,13865.0,-3.29966329966328,75.33498902437071,46.4692140296979,0.35,25266.35
2025-03-27,43670.0,43572.5,43847.0,43677.627118644064,43767.056457510625,497.14285714285717,45.78512396694215,-58.30384718187997,-34.40124172571119,-23.902605456168786,44550.191222027715,43143.808777972285,43847.0,1406.3824440554308,64.9415880074755,13462.9,-3.29966329966328,74.94492957972153,45.96381917203032,0.3,25491.55
2025-03-28,43697.0,43560.5,43816.25,43677.166666666664,43755.90822346199,493.92857142857144,46.63299663299664,-59.082397411897546,-39.33747286294846,-19.744924548949086,44495.86966918037,43136.63033081963,43816.25,1359.2393383607414,68.37762837049432,13371.3,-3.29966329966328,74.55487013507235,46.02338424039304,0.25,25786.7
2025-03-31,43661.0,43584.5,43769.75,43708.666666666664,43727.726487894186,496.42857142857144,37.93706293706294,-74.17576414582436,-46.30513111952364,-27.870633026300723,44410.2142641742,43129.2857358258,43769.75,1280.928528348406,33.1369839086247,13508.5,-3.29966329966328,74.55487013507235,46.02338424039304,0.2,26079.65
2025-04-01,43614.0,43632.5,43742.75,43735.5,43711.752536666165,495.0,41.433566433566426,-77.17853564224788,-52.47981202406849,-24.698723618179393,44369.98683934505,43115.51316065495,43742.75,1254.4736786901049,47.306714369838055,13445.6,-3.29966329966328,73.82030391023653,45.75548131999304,0.15,26350.9
2025-04-02,43622.0,43639.5,43733.0,43754.583333333336,43708.728485555104,500.35714285714283,42.439862542955325,-69.07895734865451,-55.799641088985695,-13.279316259668818,44357.638000428204,43108.361999571796,43733.0,1249.2760008564073,66.2229987062826,13597.0,-3.29966329966328,72.54211103358917,45.5729726945186,0.15,26651.65
2025-04-03,43600.0,43635.0,43695.5,43774.333333333336,43703.13529645462,498.2142857142857,47.68339768339768,-64.33907170724706,-57.50752721263797,-6.831544494609091,44235.9082277608,43155.0917722392,43695.5,1080.8164555216063,93.60884770968298,13341.45,-3.29966329966328,69.5332466649924,45.5729726945186,0.1,27019.6
2025-04-07,43523.0,43610.0,43658.0,43785.916666666664,43661.408125363705,503.57142857142856,50.92783505154639,-90.60452800863277,-64.12692737183693,-26.47760063679584,44209.04111987171,43106.95888012829,43658.0,1102.082239743424,100.00000000000001,14102.35,-3.29966329966328,68.58592175665346,45.5729726945186,0.1,27439.15
2025-04-08,43312.0,43486.5,43585.75,43783.333333333336,43541.7502086624,612.5,39.268680445151034,-178.75433533297473,-87.0524089640645,-91.70192636891024,44363.20384022732,42808.29615977268,43585.75,1554.9076804546348,10.250487779733044,16413.45,-3.952434881087208,62.84656084656087,45.020532467216896,0.1,28046.65
2025-04-09,43049.0,43331.5,43490.5,43765.333333333336,43418.250188789796,637.1428571428571,25.405405405405403,-258.54402101064625,-121.35073137338085,-137.1932896372654,44427.33060312276,42553.66939687724,43490.5,1873.6612062455242,0.0,17558.65,-4.24977334542157,61.285714285714285,43.582649128686334,0.05,28645.8
2025-04-10,42751.0,43186.5,43397.5,43748.75,43301.27398033362,677.5,22.58652094717668,-322.4984012878922,-161.58026535628312,-160.91813593160907,44461.17040799399,42333.82959200601,43397.5,2127.3408159879764,0.0,18323.7,-4.374433363553932,60.77459016393443,42.556992044063655,0.05,29264.35
2025-04-11,42388.0,42994.0,43283.25,43734.333333333336,43161.62883934947,698.2142857142857,21.23287671232876,-397.24900234514644,-208.7140127540558,-188.53498959109064,44500.01566528256,42066.48433471744,43283.25,2433.5313305651216,0.0,19336.05,-4.475396734787084,60.31906700407086,42.46594068484565,0.0,29903.85
2025-04-14,42045.0,42784.0,43172.25,43717.25,43008.140378459044,726.4285714285714,16.07142857142857,-474.0222766510269,-261.77566553345,-212.2466111175769,44590.42330616388,41754.07669383612,43172.25,2836.3466123277612,0.0,19881.65,-5.1261559538760215,60.20107296368513,42.40287042652112,0.0,30646.2
2025-04-15,41661.0,42486.5,43035.5,43674.166666666664,42767.84129479627,812.5,8.521303258145366,-613.7275795784153,-332.1660483424431,-281.5615312359722,44893.529233241214,41177.470766758786,43035.5,3716.0584664824273,0.0,21838.35,-7.5579404041557385,59.29240928484102,42.09063485534073,0.0,31721.35
2025-04-16,41265.0,42157.0,42894.75,43622.166666666664,42529.47545719663,877.1428571428571,8.384710234278671,-733.7391123041089,-412.48066113477626,-321.2584511693326,45127.32103382012,40662.17896617988,42894.75,4465.142067640234,0.0,23692.25,-8.060280853978785,58.98230267142185,41.000589235883346,0.0,32964.85
2025-04-17,40715.0,41733.0,42686.25,43552.0,42235.23969936838,950.0,4.621848739495789,-885.215508458954,-507.0276305996118,-378.18787785934217,45370.70990843596,40001.79009156404,42686.25,5368.919816871916,0.0,25639.7,-9.944057540815177,58.02983155458403,39.16847452300144,0.0,34305.0
2025-04-18,39871.0,41129.5,42382.25,43441.833333333336,41795.216870857104,1072.142857142857,3.3976833976833944,-1139.389716176178,-633.5000477149251,-505.88966846125277,45848.83405350281,38915.66594649719,42382.25,6933.168107005622,0.0,34315.0,-14.111199908665384,57.644876026064146,38.70409027238569,0.0,35988.6
2025-04-21,39245.0,40645.0,42127.5,43346.666666666664,41473.76764506119,1158.5714285714287,14.456981664315947,-1261.3280303001957,-759.0656442319793,-502.2623860682164,45971.84170670281,38283.15829329719,42127.5,7688.683413405626,23.26796334918429,41608.8,-14.111199908665384,57.34730002580802,38.433145746185566,0.0,37854.7
2025-04-22,38752.0,40206.5,41846.5,43231.333333333336,41144.8373931506,1197.5,12.516914749661709,-1374.3984697956548,-882.1322093447145,-492.2662604509403,46031.80650327019,37661.19349672981,41846.5,8370.613006540385,19.18620293574669,47611.0,-14.111199908665384,55.46015622069232,38.28048189434328,0.0,39759.35
2025-04-23,38526.0,39895.5,41613.5,43138.5,40953.42430808864,1265.357142857143,22.898032200357775,-1358.3778913969873,-977.3813457551691,-380.9965456418181,45860.46932188739,37366.53067811261,41613.5,8493.938643774774,41.02732291848157,51622.8,-14.111199908665384,54.698397265242185,36.30169548364189,0.0,41433.05
2025-04-24,38513.0,39614.0,41400.25,43057.0,40803.098183508766,1332.142857142857,25.130890052356023,-1311.200767108603,-1044.145230025856,-267.0555370827469,45647.08718226065,37153.41281773935,41400.25,8493.6743645213,45.72509427898337,56355.9,-14.111199908665384,54.56735699744378,28.889261617047225,0.0,43019.2
2025-04-25,38668.0,39269.5,41131.75,42967.333333333336,40573.27930888888,1350.0,23.491027732463294,-1337.8716723856996,-1102.8905184978248,-234.98115388787483,45429.13142422373,36834.36857577627,41131.75,8594.762848447455,56.01557243639096,60735.75,-14.111199908665384,54.459618992837285,25.35050233479553,0.0,44458.45
2025-04-28,38540.0,38892.5,40838.25,42874.0,40307.25270804232,1223.2142857142858,24.147568474007826,-1392.1822486297315,-1160.748864524206,-231.43338410552542,45212.58576912571,36463.91423087429,40838.25,8748.671538251423,94.2845655222461,64424.85,-14.111199908665384,54.326132072262105,24.934225736686383,0.0,45844.65
2025-04-29,38400.0,38576.0,40531.25,42776.083333333336,40022.75245013353,1197.142857142857,23.36398053001622,-1455.5631018280037,-1219.7117119849656,-235.85138984303808,44991.83513390811,36070.66486609189,40531.25,8921.170267816226,91.87000082217543,69809.35,-14.560439560439564,54.326132072262105,24.01626032569892,0.0,47378.7
2025-04-30,38022.0,38274.0,40215.5,42668.0,39758.20459773986,1201.0714285714287,23.31354560172693,-1494.6157577317426,-1274.692521134321,-219.9232365974217,44667.39598875994,35763.60401124006,40215.5,8903.791977519882,91.63793691604931,75683.85,-14.732142857142861,54.204210112138504,23.46561829197388,0.0,48760.15
2025-05-06,37429.0,37971.0,39852.0,42554.833333333336,39439.32796938368,1214.2857142857142,22.165212929707536,-1574.7895963146584,-1334.7119361703885,-240.07766014426988,44300.02664702355,35403.97335297645,39852.0,8896.053294047102,86.35416682972152,79141.95,-16.58648339060711,53.592172542864795,23.353893544358364,0.0,50068.65
2025-05-07,36855.0,37761.5,39445.5,42416.916666666664,39066.05863896619,1280.7142857142858,20.869565217391298,-1690.6546881238974,-1405.9004865610905,-284.7542015628069,43917.990063535195,34973.009936464805,39445.5,8944.98012707039,80.39256285243788,85184.5,-17.901305905466323,53.412017730217435,23.230442921453097,0.0,51663.05
2025-05-08,36689.0,37614.5,39129.75,42297.666666666664,38864.52924477893,1386.4285714285713,33.50443303779747,-1648.0913875399783,-1454.338666756868,-193.75272078311036,43351.49879578793,34908.00120421207,39129.75,8443.497591575855,100.0,106771.3,-17.901305905466323,52.580192514491046,23.230442921453097,0.0,53468.05
2025-05-09,36791.0,37595.5,38901.0,42187.583333333336,38766.002650038085,1390.7142857142858,39.2967032967033,-1525.7629738341711,-1468.6235281723286,-57.1394456618425,42863.33795949603,34938.66204050397,38901.0,7924.675918992056,100.0,126260.55,-17.901305905466323,51.919852125014906,23.230442921453097,0.0,55031.0
2025-05-12,37032.0,37527.0,38711.25,42097.25,38735.90715955827,1397.857142857143,45.568487018800354,-1363.075322368546,-1447.5138870115723,84.43856464302621,42349.541783964436,35072.958216035564,38711.25,7276.583567928872,99.99999999999999,140848.4,-17.901305905466323,51.50050136083656,23.230442921453097,0.0,56702.7
2025-05-13,37404.0,37416.5,38515.25,42003.166666666664,38691.535049124155,1360.0,53.43832020997376,-1234.438839626324,-1404.8988775345226,170.46003790819873,41766.20042783038,35264.29957216962,38515.25,6501.900855660759,100.0,155866.75,-17.901305905466323,52.580192514491046,23.230442921453097,0.0,57492.4
2025-05-14,37984.0,37419.5,38344.5,41913.333333333336,38665.674568255185,1351.0714285714287,50.0,-1107.6217794764161,-1345.4434579229014,237.8216784464853,41195.407334793425,35493.592665206575,38344.5,5701.814669586849,91.59774653070397,166319.45,-17.901305905466323,52.580192514491046,23.230442921453097,0.05,57874.0
2025-05-15,38178.0,37433.5,38163.0,41809.5,38594.657942707076,1340.7142857142858,49.44258639910814,-1035.5272533820316,-1283.4602170147277,247.9329636326961,40584.507577392316,35741.492422607684,38163.0,4843.015154784633,87.73138914344239,172004.95,-17.901305905466323,52.580192514491046,23.230442921453097,0.05,57766.25
2025-05-16,37982.0,37386.5,37981.25,41685.833333333336,38428.50004340164,1346.7857142857142,37.19887955182073,-1052.598183041613,-1237.2878102201048,184.68962717849172,40206.662735225815,35755.837264774185,37981.25,4450.825470451629,50.13797530224424,176044.05,-17.901305905466323,52.580192514491046,23.230442921453097,0.05,56929.4
2025-05-19,37722.0,37377.0,37825.5,41569.0,38306.738134506246,1303.2142857142858,37.618252643294376,-1030.0457982103399,-1195.8394078181518,165.79360960781196,39799.78174814352,35851.21825185648,37825.5,3948.563496287039,51.425629962574845,175987.45,-17.901305905466323,52.580192514491046,23.230442921453097,0.05,55658.2
2025-05-20,37193.0,37298.5,37634.75,41428.416666666664,38051.33450264851,1385.7142857142858,35.48556430446193,-1122.2905588330104,-1181.1296380211236,58.839079188113146,39687.854132514316,35581.645867485684,37634.75,4106.208265028632,44.877365101611744,181043.9,-17.901305905466323,51.50050136083656,23.230442921453097,0.05,56374.1
2025-05-21,36681.0,37332.5,37547.0,41296.666666666664,37842.635978586746,1389.642857142857,39.50819672131148,-1163.0260201888595,-1177.5089144546707,14.482894265811183,39748.32591623178,35345.67408376822,37547.0,4402.6518324635545,57.22856617689295,178831.65,-17.901305905466323,51.183326477444126,23.230442921453097,0.05,56917.1
2025-05-22,36313.0,37245.5,37430.0,41167.583333333336,37674.765885388006,1378.9285714285713,43.041526374859714,-1164.1375523600873,-1174.834642035754,10.697089675666803,39684.067668157186,35175.932331842814,37430.0,4508.135336314372,68.07739860648061,177181.6,-17.901305905466323,50.97399709649558,23.230442921453097,0.05,57460.3
2025-05-23,36161.0,37071.5,37333.5,41037.416666666664,37523.83580106534,1348.2142857142858,43.470887507066145,-1150.9441652878595,-1170.0565466861751,19.11238139831562,39645.717208882554,35021.282791117446,37333.5,4624.434417765107,69.39572082145081,179188.35,-17.901305905466323,50.18556701030928,23.230442921453097,0.05,57869.7
2025-05-26,35708.0,36715.0,37121.0,40888.25,37272.51810572579,1370.357142857143,41.72544763971785,-1223.616649316311,-1180.7685672122025,-42.84808210410847,39515.80929907735,34726.19070092265,37121.0,4789.618598154702,64.03647430513227,182628.85,-17.901305905466323,49.55406911928651,23.230442921453097,0.05,58737.7
2025-05-27,35641.0,36417.0,36916.75,40734.5,37083.706857561425,1322.5,48.68270332187858,-1234.3017390899768,-1191.4752015877575,-42.82653750221925,39196.152680297484,34637.347319702516,36916.75,4558.805360594968,76.14305304821295,186864.85,-17.901305905466323,49.014200339930916,23.230442921453097,0.05,59827.7
2025-05-28,35489.0,36085.0,36752.25,40577.0,36894.78239493653,1184.2857142857142,37.650200267022704,-1243.7638266438225,-1201.9329265989707,-41.83090004485189,39058.68829997226,34445.81170002774,36752.25,4612.876599944517,12.057402072158679,189751.95,-17.901305905466323,48.72758342253018,23.230442921453097,0.05,61019.1
2025-05-29,35329.0,35821.0,36627.25,40427.25,36740.99359541876,1140.0,31.222385861561108,-1222.64422200204,-1206.0751856795846,-16.569036322455304,38969.858701067205,34284.641298932795,36627.25,4685.217402134411,0.0,192975.8,-17.901305905466323,48.72758342253018,23.230442921453097,0.05,62178.05
2025-05-30,35231.0,35696.0,36541.25,40280.75,36632.32753871221,1099.642857142857,28.043143297380595,-1166.637190194342,-1198.1875865825361,31.55039638819403,38902.98637059908,34179.51362940092,36541.25,4723.4727411981585,0.0,194654.65,-17.901305905466323,48.292096219931274,23.230442921453097,0.05,63137.65
2025-06-03,35126.0,35417.0,36397.0,40118.416666666664,36415.915392168194,1086.4285714285713,24.105960264900673,-1208.3794052715675,-1200.2259503203425,-8.153454951225058,38924.36476029459,33869.63523970541,36397.0,5054.729520589186,0.0,195660.0,-17.901305905466323,47.785607035607036,23.230442921453097,0.05,64004.35
2025-06-04,35079.0,35360.0,36329.25,39971.416666666664,36286.30440243789,1090.0,29.215565163681276,-1171.871119018433,-1194.5549840599606,22.683865041527497,38926.818245392926,33731.681754607074,36329.25,5195.1364907858515,20.166871752044475,204775.2,-17.901305905466323,46.84307684307685,23.230442921453097,0.05,64684.7
2025-06-05,34967.0,35228.0,36280.25,39807.083333333336,36119.98969744381,1087.142857142857,29.16152897657213,-1170.9957252985405,-1189.8431323076766,18.847407009136077,38977.16729475281,33583.33270524719,36280.25,5393.834589505626,20.570539798340214,204388.35,-12.864049050819503,46.19295877360394,23.230442921453097,0.05,64810.3
2025-06-06,34859.0,35094.0,36169.75,39652.5,35988.562107211066,1049.642857142857,35.428176795580114,-1141.0107789333997,-1180.0766616328212,39.065882699421536,38931.44565570445,33408.05434429555,36169.75,5523.391311408894,46.068824109160396,188358.45,-11.403174603174627,45.95469850015305,23.230442921453097,0.05,64694.15
2025-06-09,34560.0,34895.5,35983.5,39490.083333333336,35809.175239857635,1051.4285714285713,29.900990099009903,-1155.1705984030632,-1175.0954489868695,19.924850583806347,38776.010849057755,33190.989150942245,35983.5,5585.02169811551,23.579323837476046,172353.8,-11.403174603174627,45.95469850015305,23.230442921453097,0.05,64550.5
2025-06-10,34479.0,34802.5,35758.75,39320.166666666664,35632.587121775956,947.5,36.53225806451613,-1165.065948718002,-1173.089548933096,8.02360021509412,38436.612216887115,33080.887783112885,35758.75,5355.72443377423,50.56120646583129,161564.9,-11.621551275377406,45.611814408428714,23.230442921453097,0.05,64215.05
2025-06-11,34319.0,34699.0,35558.0,39156.916666666664,35501.38834827348,928.9285714285714,37.19074221867518,-1135.609987298456,-1165.593636606168,29.983649307712085,38037.85016525298,33078.14983474702,35558.0,4959.7003305059625,53.240504339566826,149458.85,-11.621551275377406,44.180721532446405,23.230442921453097,0.05,64612.4
2025-06-12,34128.0,34547.5,35316.25,38981.333333333336,35318.87517224743,921.4285714285714,31.422189128816086,-1153.0378239378551,-1163.0824740725056,10.04465013465051,37552.02109034468,33080.47890965532,35316.25,4471.542180689357,29.76891139299341,140934.3,-11.621551275377406,43.5434660378245,23.230442921453097,0.0,65462.7
2025-06-13,33919.0,34389.0,35105.0,38813.416666666664,35164.22039393816,908.5714285714286,32.42846661775495,-1144.7771509466402,-1159.4214094473327,14.644258500692558,37089.153007682304,33120.846992317696,35105.0,3968.3060153646074,33.8633411821886,138204.2,-11.621551275377406,43.127398601301,23.230442921453097,0.0,66406.6
2025-06-16,33962.0,34261.0,34978.5,38665.083333333336,35083.818451658335,862.5,45.4691259021652,-1075.401670387182,-1142.6174616353028,67.2157912481207,36811.028020895836,33145.971979104164,34978.5,3665.0560417916713,86.92431534860773,134053.85,-11.621551275377406,43.5434660378245,23.230442921453097,0.0,67335.35
2025-06-17,33973.0,34226.0,34821.5,38513.916666666664,34981.55002769088,820.3571428571429,39.57654723127037,-1033.521716440162,-1120.7983125962746,87.27659615611265,36389.66050467452,33253.33949532548,34821.5,3136.3210093490343,72.41710909821248,132694.8,-11.621551275377406,43.5434660378245,23.230442921453097,0.0,68073.1
2025-06-18,33796.0,34057.5,34708.75,38343.25,34828.0690726727,838.2142857142857,36.874051593323216,-1039.9858925051522,-1104.6358285780502,64.64993607289807,36355.93859368254,33061.56140631746,34708.75,3294.377187365084,59.76685078053557,129155.05,-11.621551275377406,43.5434660378245,23.230442921453097,0.0,66068.05
2025-06-19,33623.0,33875.5,34551.75,38160.333333333336,34627.30058956101,835.0,31.869688385269114,-1085.0505786813665,-1100.7187785987135,15.66819991734701,36330.25402837535,32773.24597162465,34551.75,3557.0080567506957,36.34165578356934,124162.8,-11.621551275377406,43.5434660378245,23.230442921453097,0.0,63774.3
2025-06-20,33224.0,33571.5,34332.75,37963.416666666664,34348.510057221865,858.2142857142857,24.87113402061857,-1189.3599415979916,-1118.447011198569,-70.91293039942252,36377.6318650732,32287.8681349268,34332.75,4089.7637301463983,3.581743308600184,122255.5,-12.16403435854807,43.5434660378245,23.230442921453097,0.0,61217.45
2025-06-23,32483.0,33222.5,34059.0,37746.333333333336,33992.93767081978,841.0714285714286,25.378040762656155,-1344.0825485372552,-1163.5741186663063,-180.50842987094893,36534.02387016665,31583.976129833347,34059.0,4950.047740333306,2.46095223725044,118216.9,-14.002808988764038,43.127398601301,23.230442921453097,0.0,61405.15
2025-06-24,31898.0,32935.5,33869.0,37534.5,33715.9912259798,820.3571428571429,23.102981029810294,-1412.4939066972147,-1213.358076272488,-199.1358304247267,36642.47131910441,31095.528680895597,33869.0,5546.9426382088095,0.0,118892.85,-14.002808988764038,42.5601953093362,23.06199126391979,0.0,61101.9
2025-06-25,31349.0,32572.5,33635.75,37317.583333333336,33421.61110921982,823.2142857142857,23.276450511945384,-1486.6909091678717,-1268.0246428515647,-218.66626631630697,36677.69756693799,30593.802433062006,33635.75,6083.895133875983,0.7755895489593398,116613.2,-14.002808988764038,42.5601953093362,23.06199126391979,0.0,61067.25
2025-06-26,31148.0,32385.5,33466.5,37116.833333333336,33259.07671786555,845.3571428571429,31.588557516737666,-1440.9285503153296,-1302.6054243443177,-138.3231259710119,36541.910284994934,30391.089715005066,33466.5,6150.820569989868,37.939379072053434,120201.35,-14.002808988764038,41.86833062036535,23.06199126391979,0.0,60930.45
2025-06-27,31471.0,32347.5,33368.25,36944.583333333336,33264.4027447355,951.0714285714286,45.69716775599129,-1261.018684544084,-1294.288076384271,33.269391840187154,36322.90070515512,30413.599294844877,33368.25,5909.301410310247,100.0,127671.55,-14.002808988764038,41.86833062036535,23.06199126391979,0.0,60470.0
2025-06-30,32055.0,32269.0,33265.0,36779.166666666664,33290.17391190355,990.0,47.729729729729726,-1088.1432206544268,-1253.0591052383024,164.9158845838756,36029.481487501194,30500.518512498806,33265.0,5528.962975002389,100.0,141201.6,-14.002808988764038,42.5601953093362,23.06199126391979,0.05,59916.65
2025-07-01,32378.0,32138.0,33182.0,36598.166666666664,33233.96687267464,1034.2857142857142,42.05416453755748,-1006.9086752063522,-1203.8290192319125,196.92034402556033,35907.45969082571,30456.540309174292,33182.0,5450.919381651416,76.95365611867875,147042.1,-14.002808988764038,42.5601953093362,23.06199126391979,0.05,59396.45
2025-07-02,33263.0,32306.0,33181.75,36454.333333333336,33406.922408610386,1153.2142857142858,56.38901003052769,-744.3242458643363,-1111.9280645583972,367.6038186940609,35906.48711914031,30457.01288085969,33181.75,5449.474238280618,100.0,154484.05,-14.002808988764038,43.127398601301,23.06199126391979,0.1,60753.05
2025-07-03,33930.0,32539.0,33207.25,36311.0,33563.40598874273,1187.142857142857,55.96653456627036,-530.1133767688661,-995.5651270004911,465.45175023162494,35994.3414380785,30420.158561921497,33207.25,5574.182876157007,98.73077240830311,172215.75,-14.002808988764038,43.127398601301,23.06199126391979,0.15,61308.35
2025-07-04,34369.0,32920.0,33245.75,36181.75,33748.79589457675,1236.7857142857142,55.31724754244861,-319.54801349727495,-860.3617042998479,540.813690802573,36141.15884305153,30350.341156948463,33245.75,5790.81768610307,96.78014314036685,191322.75,-14.002808988764038,43.127398601301,23.06199126391979,0.2,61916.1
2025-07-07,34965.0,33510.0,33366.25,36083.583333333336,34012.24390461706,1312.857142857143,60.53849389987379,-70.76263756087428,-702.4418909520532,631.6792533911789,36593.776142419294,30138.723857580706,33366.25,6455.052284838588,100.0,207149.65,-14.002808988764038,43.87053518608596,23.06199126391979,0.25,63958.45
2025-07-08,36102.0,34240.0,33587.75,36019.25,34428.6968660821,1380.357142857143,69.11932901258102,274.13488076606154,-507.12653660843034,781.2614173744919,37517.13655316711,29658.36344683289,33587.75,7858.773106334222,99.99999999999999,233516.45,-14.002808988764038,45.48899812549223,23.06199126391979,0.3,66350.4
2025-07-09,36946.0,35104.5,33838.5,35970.583333333336,34889.773355026664,1460.7142857142858,74.53183520599251,611.8279805291459,-283.3356331809151,895.163613710061,38516.00732087531,29160.992679124694,33838.5,9355.014641750615,100.0,269246.6,-14.002808988764038,45.59422316623854,23.241756615518366,0.35,68199.8
2025-07-10,38205.0,36067.5,34226.5,35962.416666666664,35504.556845024126,1582.142857142857,83.4779590419993,1034.9570133289599,-19.67710387894013,1054.6341172079,39979.26601663107,28473.733983368937,34226.5,11505.53203326213,100.0,316695.4,-14.002808988764038,46.10368015073898,23.30612658377062,0.4,70044.95
2025-07-11,39369.0,36869.0,34608.25,35958.75,36059.360955021824,1628.5714285714287,90.17622797150356,1353.477400698277,254.95379703650335,1098.5236036617737,41169.06772422663,28047.43227577337,34608.25,13121.63544845326,100.0,356498.7,-14.002808988764038,47.9203244481595,23.353893544358364,0.45,71498.05
2025-07-14,40419.0,37692.0,34980.5,35980.083333333336,36602.75514978165,1635.7142857142858,90.15037593984962,1622.30702156372,528.4244419419467,1093.8825796217732,42276.13885590491,27684.86114409509,34980.5,14591.277711809817,99.9613570737667,376873.4,-14.002808988764038,48.834679937324495,23.46561829197388,0.5,72850.6
2025-07-15,41236.0,38669.0,35403.5,36016.833333333336,37161.54037361198,1731.7857142857142,93.72462163159838,1870.680006326511,796.8755548188597,1073.8044515076513,43408.72599043242,27398.27400956758,35403.5,16010.451980864837,100.0,402870.45,-14.002808988764038,49.55406911928651,23.9829737584132,0.55,74169.5
2025-07-16,41971.0,39458.5,35882.25,36075.25,37712.346052315595,1746.7857142857142,93.4261407579273,2081.8476723791173,1053.8699783309112,1027.977694048206,44497.44311265981,27267.05688734019,35882.25,17230.386225319617,99.42233746233782,420627.25,-14.002808988764038,50.687664041994765,24.139246832186394,0.6,76236.9
2025-07-17,42842.0,40523.5,36531.25,36210.0,38473.07499971411,1785.0,93.96521121760739,2443.339744957324,1331.7639316561938,1111.5758133011302,46051.497052853636,27011.00294714636,36531.25,19040.494105707276,100.0,438298.0,-14.002808988764038,53.814105676468735,24.726420911296422,0.65,78404.45
2025-07-18,43346.0,41357.5,37138.75,36300.5,38985.16309497943,1903.2142857142858,82.81896277441935,2551.1373545846,1575.638616241875,975.4987383427249,46908.29175243811,27369.208247561888,37138.75,19539.083504876224,78.52817626296931,486145.9,-14.002808988764038,55.447104947212964,25.078938846008533,0.7,84873.55
2025-07-21,44125.0,42272.0,37891.0,36427.833333333336,39620.861847838525,1961.7857142857142,88.82564409826243,2750.908845265978,1810.6926620466957,940.2161832192824,47860.35863428272,27921.64136571728,37891.0,19938.717268565437,86.70158365252125,512789.1,-13.97471910112359,56.05102965912183,25.32861062059613,0.75,89567.25
2025-07-22,45452.0,43344.0,38792.0,36594.0,40524.11310042533,2040.0,89.51363508574642,3150.89039670847,2078.7322089790505,1072.1581877294193,49407.67530142398,28176.32469857602,38792.0,21231.35060284796,88.48173174328909,542064.75,-13.97471910112359,57.21890680439692,27.51012279043571,0.8,95561.9
2025-07-23,46879.0,44425.0,39764.75,36772.416666666664,41434.197567051495,2293.214285714286,90.05863539445629,3506.1364510100393,2364.2130573852482,1141.923393624791,50787.06109350962,28742.43890649038,39764.75,22044.62218701924,89.89189739468193,597069.75,-10.912921348314608,62.25466092241526,28.937851840733824,0.85,99838.6
2025-07-24,48492.0,45667.0,40867.25,37028.666666666664,42608.559703522784,2693.9285714285716,91.51694337047988,4038.4672747390796,2699.0639008560147,1339.403373883065,52867.09450557151,28867.40549442849,40867.25,23999.689011143022,92.67571558446556,642007.75,-6.718014548566553,70.20183025126333,29.204757926259447,0.9,104610.2
2025-07-25,49927.0,46636.5,41752.75,37249.416666666664,43410.125446044425,2886.0714285714284,80.58600337268128,4190.937666267651,2997.438653938342,1193.4990123293092,54016.89091440656,29488.609085593438,41752.75,24528.281828813124,46.15120632657803,664668.65,-6.718014548566553,75.74266883933028,29.76390511194418,0.95,108915.5
2025-07-28,50676.0,47400.5,42546.25,37450.833333333336,43981.065879754475,2962.5,73.47677886663826,4133.403783091839,3224.631679769042,908.7721033227967,54623.859939143804,30468.640060856193,42546.25,24155.21987828761,0.0,672682.85,-8.109364828419974,75.74266883933028,30.958106709050867,0.95,112413.6
2025-07-29,51016.0,48234.0,43451.5,37676.833333333336,44630.964367396904,3058.5714285714284,74.04627892432771,4152.9039739587315,3410.2861386069803,742.6178353517512,55129.14310214405,31773.856897855945,43451.5,23355.286204288106,2.779617532146205,686910.2,-8.109364828419974,75.74266883933028,31.38222847536509,1.0,116385.7
2025-07-30,51941.0,49410.0,44434.25,37981.75,45590.39633240672,3134.6428571428573,75.881441301821,4431.966471373438,3614.622205160272,817.3442662131661,56438.503752645134,32429.996247354866,44434.25,24008.50750529027,11.736683383045648,694593.05,-8.109364828419974,76.82235371599307,31.55528383915335,1.0,119859.95
2025-07-31,51014.0,49753.0,45138.25,38208.583333333336,45927.50144360608,3452.5,62.43226012113484,4155.369095030277,3722.7715831342734,432.59751189600365,56457.15466850644,33819.34533149356,45138.25,22637.809337012877,0.0,698781.8,-10.191024586418063,76.82235371599307,31.813462211562825,1.0,122364.0
2025-08-01,50649.0,50288.0,45822.75,38412.75,46239.167972786454,3583.5714285714284,61.99000161264313,3896.891160914922,3757.5954986904035,139.2956622245183,56315.67918563433,35329.82081436567,45822.75,20985.858371268667,0.0,692113.4,-10.191024586418063,76.82235371599307,31.813462211562825,1.0,124035.4
2025-08-04,50512.0,50594.0,46433.0,38594.25,46475.43768966394,3557.1428571428573,60.152696556205335,3611.6803446032864,3728.4124678729804,-116.73212326969406,56027.89085536233,36838.10914463767,46433.0,19189.781710724666,0.0,678866.95,-10.940499040307117,76.82235371599307,31.813462211562825,1.0,123675.55
2025-08-05,50417.0,50716.5,47030.25,38792.25,46842.5388620769,3670.3571428571427,61.56979476735078,3475.498874904966,3677.829749279378,-202.3308743744119,55981.3019669919,38079.1980330081,47030.25,17902.103933983803,4.191046496648477,668805.15,-10.940499040307117,76.82235371599307,31.813462211562825,1.0,124527.55
2025-08-06,49745.0,50843.0,47634.0,39010.166666666664,47271.34468473624,3629.6428571428573,59.35376967688484,3410.1658274216024,3624.296964907823,-214.13113748622072,55990.29771962126,39277.70228037874,47634.0,16712.59543924252,0.0,650092.0,-10.940499040307117,76.82235371599307,31.813462211562825,1.0,126588.0
2025-08-07,49941.0,50477.5,48072.25,39205.0,47541.69280999946,3563.9285714285716,60.588633288227335,3221.5981597076025,3543.7572038677795,-322.159044160177,55945.180622007756,40199.319377992244,48072.25,15745.861244015512,3.8393711488378632,619404.15,-10.940499040307117,76.82235371599307,31.813462211562825,1.0,128474.15
2025-08-08,50259.0,50454.0,48545.25,39419.5,47851.05539952332,3553.5714285714284,59.02215969046782,3091.3916034108115,3453.284083776386,-361.89248036557456,55827.1391960231,41263.3608039769,48545.25,14563.778392046195,0.0,597241.9,-10.940499040307117,76.82235371599307,31.813462211562825,1.0,131057.7
2025-08-11,51112.0,50812.0,49106.25,39688.416666666664,48340.00250433062,3561.0714285714284,57.13760117733628,3129.248100860197,3388.4768871931487,-259.2287863329516,55901.2674276528,42311.2325723472,49106.25,13590.034855305596,0.0,603366.55,-10.940499040307117,76.82235371599307,31.813462211562825,1.0,134128.25
2025-08-12,51406.0,50911.5,49572.75,39932.583333333336,48669.52607534676,3377.8571428571427,53.13983205549471,3028.716888310737,3316.5248874166664,-287.8079991059294,55697.458779328124,43448.041220671876,49572.75,12249.417558656249,0.0,599169.7,-10.940499040307117,76.82235371599307,31.813462211562825,1.0,137439.95
2025-08-13,51395.0,50570.0,49990.0,40193.666666666664,48919.09502055183,3013.9285714285716,44.889531282263064,2874.7540649365474,3228.170722920643,-353.41665798409576,55295.8498004809,44684.1501995191,49990.0,10611.699600961801,0.0,596458.95,-10.940499040307117,76.82235371599307,31.813462211562825,1.0,140473.95
2025-08-14,51459.0,50700.0,50226.5,40436.5,49062.99073288023,2892.1428571428573,48.668009850011195,2652.7632025785715,3113.089218852229,-460.3260162736574,55133.91769376244,45319.08230623756,50226.5,9814.835387524887,12.191822205742278,596696.4,-10.940499040307117,76.82235371599307,31.813462211562825,1.0,143313.6
2025-08-15,51849.0,51054.0,50671.0,40714.166666666664,49413.18209165354,2904.6428571428573,57.24212812160695,2632.8813223541947,3017.047639552622,-384.16631719842735,54673.61440876625,46668.38559123375,50671.0,8005.228817532494,39.85748807204392,575420.75,-10.940499040307117,76.82235371599307,31.813462211562825,1.0,142472.8
2025-08-18,51708.0,51410.0,51002.0,40984.0,49686.21236863892,2807.5,53.339370613538605,2550.6048484193743,2923.7590813259726,-373.1542329065983,54291.118262903976,47712.881737096024,51002.0,6578.236525807952,27.264661409842557,565632.45,-10.940499040307117,76.82235371599307,31.813462211562825,1.0,140645.8
2025-08-19,51800.0,51603.0,51159.75,41273.583333333336,49931.33500019711,2687.1428571428573,43.284811864872296,2455.4810600269193,2830.1034770661618,-374.62241703924246,54367.4110186437,47952.0889813563,51159.75,6415.322037287406,0.0,556788.7,-10.940499040307117,76.82235371599307,31.813462211562825,1.0,137935.7
2025-08-20,51917.0,51656.0,51249.5,41550.0,50116.44595255929,2451.0714285714284,60.545524394928925,2322.258934533951,2728.53456855972,-406.2756340257688,54430.29086491329,48068.70913508671,51249.5,6361.581729826576,92.27766605315327,529723.2,-10.940499040307117,76.82235371599307,31.813462211562825,1.0,137157.95
2025-08-21,52137.0,51798.0,51137.75,41823.833333333336,50251.07014755364,2344.6428571428573,58.76598946576373,2163.896768583225,2615.607008564421,-451.7102399811961,54095.664405722215,48179.835594277785,51137.75,5915.828811444429,84.66607643802062,495911.1,-10.940499040307117,76.82235371599307,31.813462211562825,1.0,136010.25
2025-08-22,51870.0,51859.5,51156.75,42092.583333333336,50360.968228739,2327.5,60.378817162736766,2005.1925443359796,2493.524115718733,-488.3315713827533,54116.4962106706,48197.0037893294,51156.75,5919.492421341201,93.48658070414395,480785.3,-10.940499040307117,76.82235371599307,32.316710971257784,1.0,135371.7
2025-08-25,51730.0,51719.0,51265.5,42358.916666666664,50477.06649266862,2225.3571428571427,55.434782608695656,1871.9605447766226,2369.211401530311,-497.25085675368837,54111.89920268621,48419.10079731379,51265.5,5692.798405372421,70.21553474554756,469738.4,-10.940499040307117,76.82235371599307,34.828234760015086,1.0,135397.0
2025-08-26,51475.0,51637.5,51274.5,42636.0,50525.44111241447,2129.6428571428573,48.375451263537904,1698.7792283722665,2235.124966898702,-536.3457385264355,54115.90235947342,48433.09764052658,51274.5,5682.804718946834,29.419162820270163,455727.55,-10.940499040307117,76.82235371599307,36.31144181072893,0.95,135239.0
2025-08-27,50838.0,51377.5,50973.75,42863.25,50350.63719694642,2166.4285714285716,44.15156507413509,1360.6596302962425,2060.2318995782102,-699.5722692819677,53546.96194945969,48400.53805054031,50973.75,5146.423898919384,5.0215378290640755,452585.9,-10.940499040307117,76.82235371599307,36.8056928875618,0.9,127358.5
2025-08-28,50465.0,51301.0,51000.5,43115.333333333336,50285.33841628486,2137.1428571428573,45.476477683956574,1158.0227984099329,1879.790079344555,-721.767280934622,53503.165736664356,48497.834263335644,51000.5,5005.331473328712,12.697423789822468,443109.2,-10.940499040307117,76.82235371599307,37.12740409360479,0.85,128204.65
2025-08-29,50095.0,50982.5,51018.25,43362.25,50215.78237663868,1975.0,33.429951690821255,977.2899780043081,1699.2900590765057,-722.0000810721976,53471.699290499535,48564.800709500465,51018.25,4906.89858099907,0.0,441601.4,-10.940499040307117,76.82235371599307,37.12740409360479,0.8,123010.55
2025-09-01,50236.0,50983.0,51196.5,43665.25,50412.85072172071,2125.0,52.03867171080286,1042.3307599884574,1567.898199258896,-525.5674392704386,53457.35475219581,48935.64524780419,51196.5,4521.70950439162,68.62742757840633,459639.55,-8.39959784297598,76.82235371599307,39.099386228751335,0.8,118452.9
2025-09-02,50414.0,50944.5,51273.75,43963.916666666664,50552.10303393778,2115.714285714286,52.47986434930055,1048.7036716855728,1464.0592937442316,-415.3556220586588,53515.44314534679,49032.05685465321,51273.75,4483.386290693583,70.25450971055267,464521.95,-8.39959784297598,76.82235371599307,41.55864107630006,0.8,119366.3
2025-09-03,51108.0,50973.0,51314.5,44262.333333333336,50705.23607832466,2020.0,57.70944741532977,1064.4806974119638,1384.143574477778,-319.6628770658142,53591.006788457875,49037.993211542125,51314.5,4553.01357691575,89.54078156287835,461649.85,-8.39959784297598,76.82235371599307,43.03868239940933,0.8,112790.0
2025-09-04,51614.0,51039.5,51418.75,44572.5,50847.118356579456,1831.0714285714287,46.953605366126325,1067.5028036373478,1320.815420309692,-253.31261667234412,53653.58868486485,49183.91131513515,51418.75,4469.677369729703,49.87412149792582,455013.35,-8.10606775502498,76.82235371599307,43.978214432282535,0.8,106317.3
2025-09-05,53050.0,51572.5,51716.0,44956.5,51407.86898928618,2026.7857142857142,67.10172744721689,1419.8705187297455,1340.6264399937027,79.24407873604287,54954.710919648845,48477.289080351155,51716.0,6477.421839297691,100.0,466526.85,-8.10606775502498,76.82235371599307,44.74193804063747,0.8,99781.0
2025-09-08,53735.0,51985.5,51852.25,45313.0,51817.5957522113,2022.142857142857,62.295081967213115,1597.9948480046514,1392.1001215958925,205.89472640875897,55516.99882459473,48187.50117540527,51852.25,7329.497649189463,85.72500151231021,459729.75,-8.10606775502498,76.82235371599307,44.74193804063747,0.8,93137.55
2025-09-09,54064.0,52239.0,51938.25,45638.166666666664,51979.72949009594,2065.0,55.19419008525419,1544.6393242399208,1422.6079621246981,122.03136211522269,55677.79862882788,48198.70137117212,51938.25,7479.097257655754,64.636443744132,464885.65,-8.10606775502498,76.82235371599307,45.359088403617875,0.8,93483.8
2025-09-10,54209.0,52658.5,52018.0,45963.416666666664,52065.945729134415,2069.6428571428573,54.201550387596896,1434.5785654585416,1425.0020827914668,9.576482667074742,55767.35699750463,48268.64300249537,52018.0,7498.713995009253,61.68845637085319,465702.35,-8.10606775502498,76.82235371599307,45.65302974158435,0.8,93714.25
2025-09-11,54512.0,53063.0,52182.0,46313.25,52222.52232635971,2061.0714285714284,56.849925705794945,1397.8121183738913,1419.5640899079517,-21.75197153406043,55925.82776256995,48438.17223743005,52182.0,7487.655525139897,69.55372411722388,458839.95,-8.10606775502498,76.82235371599307,46.70231784409932,0.8,87710.9
2025-09-12,53887.0,53468.5,52225.5,46678.416666666664,52354.66305718259,2062.5,56.05970149253732,1345.0998066309403,1404.6712332525494,-59.571426621609135,56016.54609920742,48434.45390079258,52225.5,7582.0921984148445,67.20687962950026,445702.3,-8.10606775502498,76.82235371599307,47.574504857009046,0.8,81165.75
2025-09-15,53454.0,53594.5,52288.75,47060.583333333336,52468.02848030806,2099.6428571428573,57.89149198520345,1283.2870289789862,1380.394392397837,-97.10736341885081,56125.55908403956,48451.94091596044,52288.75,7673.61816807912,72.64701592025767,436323.95,-8.10606775502498,76.82235371599307,48.246306956776266,0.8,74782.4
2025-09-16,53484.0,53774.0,52359.25,47437.0,52582.501958373956,2090.3571428571427,67.72241992882562,1230.2053709442262,1350.356588107115,-120.15121716288877,56245.334858352406,48473.165141647594,52359.25,7772.169716704811,100.0,423113.3,-8.10606775502498,76.82235371599307,48.60949813271654,0.8,68276.05
2025-09-17,53605.0,53907.0,52440.0,47818.083333333336,52668.93034329072,2042.857142857143,64.42851754055073,1160.238768541567,1312.3330241940055,-152.0942556524385,56350.75574874165,48529.24425125835,52440.0,7821.511497483298,90.39467685611372,397178.65,-8.10606775502498,76.82235371599307,51.364539338644526,0.8,61165.75
2025-09-18,53504.0,54008.0,52523.75,48176.25,52719.98459631065,2031.7857142857142,63.58897989575578,1069.4644929435672,1263.759317943918,-194.29482500035078,56424.17895751629,48623.32104248371,52523.75,7800.857915032582,80.0978528620816,384738.9,-8.10606775502498,76.82235371599307,52.39162582160101,0.8,54079.25
2025-09-19,53322.0,53604.5,52588.5,48499.333333333336,52718.08130142392,1887.142857142857,51.851851851851855,945.8725164158604,1200.1819576383066,-254.30944122244614,56453.56635062542,48723.43364937458,52588.5,7730.132701250841,23.584622371864985,378947.25,-8.10606775502498,76.82235371599307,52.39162582160101,0.8,47354.4
