时间,开盘,最高,最低,收盘,成交量,持仓量
2019-09-25,15575,15760,15280,15575,93230,10679
2019-09-26,15565,15935,15550,15705,53364,9684
2019-09-27,15715,15800,15580,15725,14167,7952
2019-09-30,15735,15790,15635,15700,7757,7295
2019-10-08,15630,15800,15545,15675,3700,7307
2019-10-09,15630,15695,15630,15675,2449,7250
2019-10-10,15685,15895,15600,15765,5783,7643
2019-10-11,15800,15800,15705,15745,3957,7327
2019-10-14,15775,15830,15735,15765,4921,7387
2019-10-15,15735,15820,15165,15440,11535,7385
2019-10-16,15405,15585,15405,15490,4900,7031
2019-10-17,15465,15510,15115,15180,10988,7433
2019-10-18,15175,15245,14790,15020,13475,8084
2019-10-21,15180,15200,14680,14850,12463,8806
2019-10-22,14850,14980,14770,14895,5152,9094
2019-10-23,14940,15150,14840,14975,8766,8653
2019-10-24,14975,15130,14940,15005,5898,8500
2019-10-25,15060,15080,14815,14960,6797,8562
2019-10-28,14960,15065,14855,15005,4796,8201
2019-10-29,15065,15225,14965,15025,6973,7953
2019-10-30,15020,15065,14965,15065,2732,7869
2019-10-31,15115,15115,14925,14985,3306,7992
2019-11-01,14990,15000,14850,15000,4185,8115
2019-11-04,14955,15005,14950,14975,2316,8083
2019-11-05,14960,15000,14875,14910,4086,8152
2019-11-06,14910,14975,14865,14930,4074,7982
2019-11-07,14955,14965,14850,14920,4067,7679
2019-11-08,14940,14940,14775,14780,3960,7522
2019-11-11,14765,14780,14200,14210,19583,9674
2019-11-12,14205,14425,14170,14385,10780,9852
2019-11-13,14345,14480,14250,14360,5763,10191
2019-11-14,14350,14430,14270,14370,4621,9868
2019-11-15,14365,14440,14200,14375,7340,9774
2019-11-18,14375,14405,14115,14300,8986,10079
2019-11-19,14205,14505,14205,14380,8602,9460
2019-11-20,14380,14485,14335,14415,5624,8945
2019-11-21,14400,14405,14260,14375,6027,8402
2019-11-22,14420,14580,14315,14530,8678,8393
2019-11-25,14540,14595,14455,14525,4035,8431
2019-11-26,14555,14565,14355,14370,4936,7688
2019-11-27,14360,14380,14185,14220,7074,7915
2019-11-28,14220,14260,14095,14110,5331,8581
2019-11-29,14080,14135,14000,14005,5209,9179
2019-12-02,13975,14075,13905,13930,5254,9453
2019-12-03,13930,14075,13925,14020,3230,9059
2019-12-04,14015,14095,13835,13850,7015,10030
2019-12-05,13870,13980,13765,13880,8846,10532
2019-12-06,13875,14015,13850,13950,8896,10449
2019-12-09,13970,14130,13785,13935,8945,10036
2019-12-10,13920,14030,13860,13985,3852,10051
2019-12-11,13985,14280,13940,14200,11986,9508
2019-12-12,14275,14395,14200,14235,12669,9908
2019-12-13,14265,14295,14115,14275,5221,9619
2019-12-16,14350,14375,14190,14255,6032,8913
2019-12-17,14220,14325,14220,14300,2832,9162
2019-12-18,14300,14345,14230,14295,3983,8909
2019-12-19,14290,14395,14255,14395,4442,8746
2019-12-20,14410,14430,14310,14340,5740,8602
2019-12-23,14340,14470,14330,14440,4714,8316
2019-12-24,14440,14480,14235,14310,5876,7768
2019-12-25,14330,14330,14240,14240,3001,7508
2019-12-26,14240,14290,14240,14270,1342,7278
2019-12-27,14260,14320,14070,14240,2669,6867
2019-12-30,14220,14355,14220,14345,2452,6743
2019-12-31,14175,14860,14175,14410,10657,13466
2020-01-02,14390,14400,13795,13805,11870,18913
2020-01-03,13805,13935,13745,13750,20523,24842
2020-01-06,13750,13975,13730,13895,19663,26890
2020-01-07,13930,13965,13850,13930,9076,27746
2020-01-08,13970,14100,13905,13965,13979,28725
2020-01-09,13925,14065,13925,13950,16522,31420
2020-01-10,14000,14100,13925,14065,13038,33911
2020-01-13,14115,14140,14000,14030,12041,35307
2020-01-14,13980,14030,13830,13840,14462,36587
2020-01-15,13875,13895,13815,13830,8945,37642
2020-01-16,13845,13950,13845,13935,10955,38657
2020-01-17,13950,14010,13790,13840,14653,40631
2020-01-20,13810,13870,13810,13860,10445,41375
2020-01-21,13820,13940,13795,13865,12436,40427
2020-01-22,13875,13915,13760,13850,22053,30323
2020-01-23,13820,13850,13680,13705,13885,26363
2020-02-03,13485,13485,12920,13030,10311,26873
2020-02-04,13090,13295,13020,13245,7676,27393
2020-02-05,13185,13330,13160,13235,6491,30579
2020-02-06,13260,13360,13230,13265,3651,31345
2020-02-07,13260,13300,13185,13270,12890,36993
2020-02-10,13210,13325,13185,13290,4019,37744
2020-02-11,13260,13425,13260,13395,6415,39457
2020-02-12,13425,13560,13390,13500,8946,41214
2020-02-13,13560,13650,13465,13465,6311,42199
2020-02-14,13450,13580,13280,13295,11315,44642
2020-02-17,13350,13365,13300,13345,7397,46146
2020-02-18,13315,13340,13215,13250,9595,47731
2020-02-19,13220,13275,13175,13175,12515,52802
2020-02-20,13160,13250,13155,13250,7897,53588
2020-02-21,13250,13325,13195,13200,7887,53821
2020-02-24,13175,13220,13040,13085,14959,51867
2020-02-25,13070,13070,12960,12980,22033,45992
2020-02-26,12960,12985,12650,12660,24674,51747
2020-02-27,12660,12800,12645,12690,15704,51559
2020-02-28,12680,12680,12390,12470,22145,53807
2020-03-02,12500,12735,12485,12650,13491,54607
2020-03-03,12680,12850,12640,12675,12887,55605
2020-03-04,12700,12725,12550,12580,11010,57314
2020-03-05,12570,12710,12510,12645,14752,58511
2020-03-06,12650,12665,12550,12595,8126,58482
2020-03-09,12400,12450,12110,12200,20069,56197
2020-03-10,12230,12525,12230,12445,19842,55367
2020-03-11,12460,12470,12330,12370,16212,56383
2020-03-12,12340,12345,12150,12260,15062,56430
2020-03-13,12050,12295,11990,12180,21270,54827
2020-03-16,12195,12400,12170,12215,21949,54567
2020-03-17,12215,12220,12100,12200,15226,52054
2020-03-18,12190,12275,12020,12045,30098,53343
2020-03-19,12135,12135,11700,11945,32473,51785
2020-03-20,11950,12045,11905,11985,19608,51716
2020-03-23,11865,11900,11680,11800,15757,50983
2020-03-24,11800,11880,11730,11800,13593,48951
2020-03-25,11900,11980,11855,11980,15383,46798
2020-03-26,12000,12040,11920,11950,17592,48471
2020-03-27,12000,12080,11910,12070,13916,48623
2020-03-30,12030,12035,11820,11880,12993,48066
2020-03-31,11890,12045,11890,11980,9347,48218
2020-04-01,11995,12060,11930,11985,12398,47925
2020-04-02,11935,11995,11825,11955,16315,46192
2020-04-03,12030,12035,11910,11915,9604,44460
2020-04-07,11985,12190,11950,12050,12582,45342
2020-04-08,12030,12245,11980,12205,15310,46795
2020-04-09,12245,12320,12160,12295,13042,47426
2020-04-10,12405,12470,12270,12455,15223,47897
2020-04-13,12395,12695,12380,12510,26575,47695
2020-04-14,12635,12840,12550,12805,21868,48197
2020-04-15,12820,13225,12795,12860,40141,46934
2020-04-16,12845,12845,12670,12695,30144,46883
2020-04-17,12780,12960,12760,12945,29678,46086
2020-04-20,12940,13390,12895,13320,37284,48398
2020-04-21,13300,13520,12740,13030,41848,45989
2020-04-22,13015,13060,12840,12950,28033,46211
2020-04-23,12995,13170,12875,13035,30526,43860
2020-04-24,12960,13180,12830,12940,37856,37839
2020-04-27,12980,13040,12840,12915,29071,24534
2020-04-28,12820,12940,12510,12885,16685,15824
2020-04-29,12885,13035,12770,12820,9693,11409
2020-04-30,12880,12880,12770,12860,8634,39785
2020-05-06,12840,13245,12800,13215,23220,44123
2020-05-07,13200,13465,12930,13115,40794,47727
2020-05-08,13240,13245,13080,13190,17955,48239
2020-05-11,13300,13730,13200,13675,69167,56850
2020-05-12,13670,13720,13420,13435,38914,54459
2020-05-13,13465,13550,13320,13505,28722,53763
2020-05-14,13500,13550,13305,13420,20218,53761
2020-05-15,13390,13425,13260,13340,19237,54526
2020-05-18,13310,13510,13275,13425,25882,54660
2020-05-19,13465,13600,13380,13455,25491,53618
2020-05-20,13485,13525,13340,13380,21369,54569
2020-05-21,13380,13635,13230,13635,35641,53570
2020-05-22,13600,13650,13090,13120,44214,47115
2020-05-25,13235,13320,13110,13255,23862,37684
2020-05-26,13295,13350,13150,13250,26023,23322
2020-05-27,13260,13285,13010,13140,22203,15822
2020-05-28,13050,13150,13025,13060,11543,11925
2020-05-29,12880,13035,12880,12955,16225,39074
2020-06-01,12990,13130,12960,13095,23164,43031
2020-06-02,13020,13100,12980,13045,15785,45222
2020-06-03,13100,13165,12970,13030,27397,48078
2020-06-04,13020,13020,12825,12840,22850,53380
2020-06-05,12840,12975,12830,12950,20515,53739
2020-06-08,12955,13075,12910,12990,19354,54145
2020-06-09,12950,13055,12910,12945,18968,54801
2020-06-10,12980,12980,12845,12910,17760,56613
2020-06-11,12900,12950,12760,12820,17634,58983
2020-06-12,12760,12830,12665,12765,18500,60224
2020-06-15,12740,12870,12570,12585,20543,62736
2020-06-16,12670,12780,12595,12745,15860,62677
2020-06-17,12720,12805,12685,12720,19309,63262
2020-06-18,12715,12800,12660,12745,18411,64445
2020-06-19,12745,13290,12740,13250,63821,64942
2020-06-22,13250,13380,13075,13205,40596,61288
2020-06-23,13280,13310,13130,13190,30856,50637
2020-06-24,13240,13270,13000,13150,35558,32147
2020-06-29,13180,13235,13035,13160,13287,25065
2020-06-30,13170,13190,13030,13105,16823,15519
2020-07-01,13140,13175,13080,13155,8112,13673
2020-07-02,13100,13355,13090,13355,9469,12312
2020-07-03,13175,13470,13170,13380,33086,32097
2020-07-06,13380,13430,13240,13325,24594,34276
2020-07-07,13350,13530,13320,13415,21422,36272
2020-07-08,13450,13680,13385,13520,26126,39373
2020-07-09,13460,13575,13455,13545,18784,40656
2020-07-10,13545,13630,13295,13405,24527,40095
2020-07-13,13425,13700,13410,13665,27295,42303
2020-07-14,13645,13790,13540,13590,31356,42996
2020-07-15,13580,13655,13550,13555,19723,42851
2020-07-16,13555,13610,13340,13405,27396,41958
2020-07-17,13480,13490,13400,13450,13026,41478
2020-07-20,13405,13440,13310,13420,16191,41161
2020-07-21,13470,13580,13385,13505,21042,40700
2020-07-22,13505,13695,13505,13580,25764,38533
2020-07-23,13505,13545,13355,13470,24128,32110
2020-07-24,13510,13740,13510,13690,33509,25507
2020-07-27,13700,13965,13640,13720,36258,20264
2020-07-28,13720,13850,13675,13785,17878,16562
2020-07-29,13710,13835,13600,13760,11079,15172
2020-07-30,13735,13960,13680,13905,16440,13719
2020-07-31,13840,14075,13710,14075,18723,12128
2020-08-03,14075,14125,13850,13995,13366,9797
2020-08-04,13940,14190,13860,14155,27127,32533
2020-08-05,14155,14500,14085,14460,44911,36778
2020-08-06,14500,14795,14400,14430,43680,34452
2020-08-07,14435,14565,14275,14385,25470,34099
2020-08-10,14430,14430,14110,14175,23040,32736
2020-08-11,14205,14280,13950,13975,22767,31504
2020-08-12,13980,14085,13920,14060,20830,30810
2020-08-13,14130,14280,14060,14135,21213,30453
2020-08-14,14130,14425,13920,14380,26546,31334
2020-08-17,14380,14925,14360,14905,55764,35686
2020-08-18,14930,15130,14800,15015,65057,35154
2020-08-19,15090,15105,14685,14755,44381,32916
2020-08-20,14820,14915,14660,14890,43186,30346
2020-08-21,14890,14945,14680,14705,32076,27368
2020-08-24,14695,15085,14630,14970,30567,24256
2020-08-25,14970,15085,14905,14955,30301,18390
2020-08-26,14955,15200,14900,15165,24710,14617
2020-08-27,15180,15225,15035,15090,13716,11988
2020-08-28,15120,15210,15030,15195,22957,40817
2020-08-31,15250,15425,15180,15320,21200,41500
2020-09-01,15300,15350,15095,15275,26899,40884
2020-09-02,15230,15360,15200,15235,27524,42199
2020-09-03,15280,15470,14905,14935,41539,41380
2020-09-04,14900,14965,14770,14775,37195,40056
2020-09-07,14810,14950,14695,14805,26398,38958
2020-09-08,14805,14890,14730,14880,20036,39525
2020-09-09,14730,14780,13995,14190,34736,39020
2020-09-10,14200,14435,14050,14125,30194,41126
2020-09-11,14150,14305,14095,14215,28656,42945
2020-09-14,14215,14520,14195,14450,27173,42569
2020-09-15,14460,14500,14390,14400,22046,42669
2020-09-16,14420,14445,13950,14110,47239,43005
2020-09-17,14110,14150,13920,14005,25441,43384
2020-09-18,13930,14190,13860,14125,33735,42100
2020-09-21,14050,14145,13905,14000,31539,42020
2020-09-22,14000,14120,13805,13925,45658,42194
2020-09-23,13950,14070,13845,14000,33488,38731
2020-09-24,13940,14345,13930,14260,51427,29326
2020-09-25,14240,14445,14180,14330,42094,22036
2020-09-28,14365,14520,14285,14380,34034,14289
2020-09-29,14455,14455,14155,14330,21563,9843
2020-09-30,14310,14385,14035,14180,18692,6952
2020-10-09,14305,14700,14200,14690,13044,6356
2020-10-12,14550,14725,14400,14515,22780,32287
2020-10-13,14515,14515,14255,14375,26789,35084
2020-10-14,14400,14430,14170,14380,25506,35080
2020-10-15,14405,14570,14270,14340,30168,36146
2020-10-16,14350,14480,14225,14460,26209,36318
2020-10-19,14485,14785,14455,14495,36665,37432
2020-10-20,14515,14555,14390,14505,25638,36454
2020-10-21,14585,14710,14510,14695,33886,34702
2020-10-22,14665,14795,14465,14515,36315,30184
2020-10-23,14530,14675,14465,14535,33350,22265
2020-10-26,14565,14570,14225,14250,31194,15364
2020-10-27,14200,14305,14090,14210,19012,12202
2020-10-28,14290,14925,14110,14775,62877,44468
2020-10-29,14690,14695,14310,14345,45581,41540
2020-10-30,14270,14400,14115,14115,47563,38688
2020-11-02,14110,14200,13805,13805,47691,43495
2020-11-03,13805,13925,13750,13865,37203,45298
2020-11-04,13875,14040,13700,13855,39798,45275
2020-11-05,13900,13950,13720,13830,37856,47734
2020-11-06,13895,14000,13760,13855,38669,48056
2020-11-09,13875,14070,13560,13980,51716,49073
2020-11-10,14010,14055,13750,13785,49285,50175
2020-11-11,13760,13795,13620,13675,49343,52179
2020-11-12,13660,13675,13460,13490,53335,53102
2020-11-13,13510,13630,13480,13550,37248,51387
2020-11-16,13560,13700,13260,13305,64898,54447
2020-11-17,13280,13310,12950,12995,78432,57209
2020-11-18,13025,13110,12955,13040,61609,56472
2020-11-19,13030,13210,12860,13145,68923,53210
2020-11-20,13190,13265,13120,13170,52949,49915
2020-11-23,13150,13435,13150,13365,71791,43593
2020-11-24,13345,13420,13205,13405,47485,38634
2020-11-25,13360,13590,13055,13270,68985,26710
2020-11-26,13250,13295,13125,13180,26566,24996
2020-11-27,13230,13460,13160,13355,31835,20935
2020-11-30,13380,13465,13265,13315,50530,62625
2020-12-01,13345,13355,13030,13265,52488,65249
2020-12-02,13300,13410,13255,13375,47050,68387
2020-12-03,13325,13505,13265,13330,65610,70178
2020-12-04,13380,13380,13225,13320,48892,69261
2020-12-07,13350,13535,13320,13505,67535,77109
2020-12-08,13490,13615,13400,13460,54503,76447
2020-12-09,13430,13585,13410,13525,47883,77359
2020-12-10,13525,13695,13420,13460,70310,80490
2020-12-11,13485,14165,13485,13930,124456,77958
2020-12-14,13920,14365,13815,14135,108018,80567
2020-12-15,14190,14315,13955,14055,91530,78292
2020-12-16,14075,14190,13705,13785,94994,75092
2020-12-17,13785,13905,13770,13885,56286,74522
2020-12-18,13920,13995,13765,13965,79662,76327
2020-12-21,13960,14095,13730,13995,102741,74416
2020-12-22,13895,13960,13260,13300,117094,65320
2020-12-23,13320,13410,13090,13305,70948,60826
2020-12-24,13360,13470,13280,13385,55887,52116
2020-12-25,13425,13705,13355,13690,59235,38494
2020-12-28,13735,13780,13505,13595,38477,32251
2020-12-29,13595,13660,13265,13295,38752,29288
2020-12-30,13335,13440,13280,13385,56183,76738
2020-12-31,13355,13475,13315,13440,47612,78764
2021-01-04,13445,13750,13420,13735,48744,80399
2021-01-05,13735,14000,13635,13960,76000,91412
2021-01-06,13960,14165,13895,14030,87696,99134
2021-01-07,14050,14725,14045,14725,141595,120548
2021-01-08,14800,15045,14225,14445,250317,115563
2021-01-11,14500,14550,13930,13930,146554,111900
2021-01-12,13735,13960,13580,13905,139737,103931
2021-01-13,13900,14085,13760,13910,110775,103660
2021-01-14,13900,14020,13700,13935,112216,100713
2021-01-15,13975,14225,13875,13970,136112,94327
2021-01-18,13970,14385,13935,14335,103181,94537
2021-01-19,14320,14445,14185,14300,97867,93308
2021-01-20,14350,14500,14200,14405,110283,91194
2021-01-21,14450,14580,14330,14400,98404,89875
2021-01-22,14415,14435,14035,14085,105911,81250
2021-01-25,14090,14430,13980,14365,101208,70944
2021-01-26,14350,14680,14260,14450,110287,59377
2021-01-27,14500,14610,14255,14360,83550,47675
2021-01-28,14300,14340,14155,14215,76015,41225
2021-01-29,14215,14380,14205,14260,66586,35907
2021-02-01,14275,14540,14270,14450,60255,33356
2021-02-02,14445,14465,13870,14230,46326,29931
2021-02-03,14180,14205,14020,14185,49348,24185
2021-02-04,14260,14520,14190,14285,111047,105085
2021-02-05,14270,14430,14230,14380,83247,110800
2021-02-08,14440,14485,14220,14460,84379,110887
2021-02-09,14500,14500,14305,14460,67897,104895
2021-02-10,14455,14685,14380,14490,84156,103366
2021-02-18,14720,14940,14560,14860,56693,104971
2021-02-19,14950,15335,14920,15330,101304,106749
2021-02-22,15390,15680,15175,15280,125666,102977
2021-02-23,15280,15590,15130,15330,120914,90539
2021-02-24,15300,15325,15110,15195,90063,70706
2021-02-25,15205,15620,15205,15500,98664,57662
2021-02-26,15360,15535,14840,15005,89273,43514
2021-03-01,15005,15300,14935,15060,73907,35587
2021-03-02,15100,15240,14775,14900,119204,90473
2021-03-03,15000,15075,14590,14685,106258,93800
2021-03-04,14400,14410,13990,13990,124051,99435
2021-03-05,13740,14300,13675,14235,207683,101452
2021-03-08,14260,14585,14080,14170,166145,101217
2021-03-09,14115,14260,13945,13945,115288,103594
2021-03-10,14010,14105,13745,13850,141660,103486
2021-03-11,13860,14110,13860,14070,119372,100864
2021-03-12,14150,14175,13930,13950,95800,99913
2021-03-15,13960,14140,13780,14045,129755,95291
2021-03-16,14080,14120,13915,13935,84591,95345
2021-03-17,13965,14050,13800,13955,81262,91474
2021-03-18,13960,14085,13910,14030,81212,89853
2021-03-19,14030,14115,13890,13965,105247,87158
2021-03-22,13975,14280,13860,14190,126687,82713
2021-03-23,14230,14325,14155,14300,86275,80869
2021-03-24,14300,14335,14120,14235,83920,77183
2021-03-25,14285,14450,14265,14280,88722,71529
2021-03-26,14250,14465,14210,14460,80334,56036
2021-03-29,14460,14510,14370,14500,60698,51946
2021-03-30,14500,14715,14500,14695,64009,45509
2021-03-31,14685,14735,14340,14415,61703,36725
2021-04-01,14430,14495,14260,14285,39873,31419
2021-04-02,14250,14310,14110,14275,68666,86463
2021-04-06,14320,14460,14270,14310,50389,89254
2021-04-07,14320,14490,14315,14470,67310,89458
2021-04-08,14470,14550,14310,14475,82452,93239
2021-04-09,14475,14705,14400,14400,114078,103761
2021-04-12,14400,14570,14050,14060,123003,101397
2021-04-13,14060,14125,13875,13965,114162,105499
2021-04-14,13965,14045,13805,13845,87209,112166
2021-04-15,13890,13930,13765,13845,95701,112576
2021-04-16,13815,13980,13800,13925,92405,110768
2021-04-19,13930,14020,13770,13950,94873,106515
2021-04-20,13950,14055,13860,13955,82948,107716
2021-04-21,13955,13960,13810,13915,102184,105765
2021-04-22,13915,13960,13830,13840,88077,106681
2021-04-23,13855,14025,13850,14005,89969,99591
2021-04-26,14010,14230,13975,14190,112142,77126
2021-04-27,14190,14530,14155,14520,88368,66025
2021-04-28,14520,14665,14360,14660,80195,59907
2021-04-29,14640,14640,14370,14510,101624,49976
2021-04-30,14510,14630,14420,14495,74579,41074
2021-05-06,14620,15150,14555,15130,52359,39167
2021-05-07,15130,15240,14915,14980,52842,34573
2021-05-10,14910,15560,14715,15295,142528,75452
2021-05-11,15300,15415,15065,15395,113817,79046
2021-05-12,15455,15890,15380,15580,141402,82109
2021-05-13,15550,15780,15130,15260,144399,80318
2021-05-14,15250,15305,14845,15110,104686,80972
2021-05-17,15150,15485,15125,15285,101614,80140
2021-05-18,15285,15700,15125,15645,102510,82214
2021-05-19,15645,15735,15420,15565,107499,82842
2021-05-20,15400,15400,14830,15130,167166,75131
2021-05-21,15130,15335,15000,15165,150933,77416
2021-05-24,15300,15310,14840,15000,153054,72254
2021-05-25,15080,15165,14870,14920,94824,66377
2021-05-26,14920,15035,14780,14880,118819,51222
2021-05-27,14860,15140,14825,15090,119873,49262
2021-05-28,15125,15530,15095,15495,154539,51152
2021-05-31,15435,15840,15400,15750,139766,54279
2021-06-01,15750,16245,15645,16165,125993,57520
2021-06-02,16150,16230,15900,16125,109201,54066
2021-06-03,16110,16330,15950,16090,146291,50771
2021-06-04,15950,15990,15535,15535,124908,42357
2021-06-07,15600,15860,15465,15530,103818,35785
2021-06-08,15560,15605,15435,15460,79927,31087
2021-06-09,15460,15855,15460,15810,75301,31528
2021-06-10,15915,15980,15755,15905,73547,30659
2021-06-11,15950,16600,15875,16585,109765,32642
2021-06-15,16500,16585,16135,16390,65907,27851
2021-06-16,16275,16450,16050,16075,79405,23707
2021-06-17,16100,16250,15940,16160,65705,21159
2021-06-18,16040,16350,16010,16155,81925,20033
2021-06-21,16175,16280,15975,16080,73307,18078
2021-06-22,16140,17215,16035,16435,73036,16597
2021-06-23,16270,16540,16215,16365,130499,69943
2021-06-24,16495,16635,16320,16615,126497,73279
2021-06-25,16700,16925,16615,16750,153681,71021
2021-06-28,16750,16945,16515,16645,159578,60291
2021-06-29,16550,16710,16445,16555,118520,57382
2021-06-30,16650,16840,16610,16830,116653,60277
2021-07-01,16830,16990,16505,16550,124673,58793
2021-07-02,16635,16700,16310,16330,117974,49562
2021-07-05,16350,16750,16350,16665,112864,47986
2021-07-06,16685,16970,16585,16880,96145,51928
2021-07-07,16850,16895,16560,16825,109395,47936
2021-07-08,16825,17275,16825,17135,175232,56204
2021-07-09,17135,17375,17050,17360,153335,60311
2021-07-12,17385,17495,17150,17305,140197,52344
2021-07-13,17305,17470,17110,17400,96676,51406
2021-07-14,17350,17965,17300,17890,140443,54509
2021-07-15,17960,18240,17760,18150,149773,52638
2021-07-16,18150,19175,18140,18740,331300,50030
2021-07-19,18740,19045,18520,18705,202581,43783
2021-07-20,18620,18620,18105,18490,167073,35014
2021-07-21,18490,18760,18270,18375,106108,31928
2021-07-22,18375,18740,18295,18575,112904,28927
2021-07-23,18755,19400,18715,19320,166712,25222
2021-07-26,19335,19755,19225,19540,116026,19794
2021-07-27,19540,20020,19050,19190,112468,14631
2021-07-28,19200,19540,18770,19120,231537,48756
2021-07-29,19235,19765,19130,19755,213982,56797
2021-07-30,19850,20065,19700,19995,281006,62169
2021-08-02,20090,20180,19215,19390,330175,55997
2021-08-03,19380,19500,18580,18715,218863,56549
2021-08-04,18650,19115,18520,18900,219900,53765
2021-08-05,18900,19205,18580,18785,246605,52963
2021-08-06,18805,19060,18750,19015,170096,54051
2021-08-09,19000,19050,18050,18160,192702,56596
2021-08-10,18050,18430,18025,18405,105735,49163
2021-08-11,18375,18490,18050,18220,102926,51953
2021-08-12,18310,18845,18275,18535,127748,47876
2021-08-13,18535,18535,18130,18240,99018,44183
2021-08-16,18240,18465,18020,18105,96140,43066
2021-08-17,18105,18500,17945,18380,90957,40393
2021-08-18,18220,18430,18020,18120,89382,38219
2021-08-19,18120,18130,17525,17625,99415,36856
2021-08-20,17495,17740,17380,17640,95318,33415
2021-08-23,17640,17945,17500,17720,79239,29607
2021-08-24,17770,17865,17665,17765,48933,22685
2021-08-25,17845,18090,17810,18000,50308,19088
2021-08-26,17870,17870,17500,17565,73866,45633
2021-08-27,17565,17660,17310,17545,82206,47114
2021-08-30,17555,18165,17425,18125,97149,49296
2021-08-31,18280,18500,18070,18455,102063,52778
2021-09-01,18460,18485,17485,17560,124648,48948
2021-09-02,17680,17950,17470,17805,90671,43394
2021-09-03,17800,18760,17730,18715,163114,53069
2021-09-06,18800,19585,18800,19585,202432,54521
2021-09-07,19675,19815,19185,19435,188371,52648
2021-09-08,19435,19460,19045,19365,126393,49070
2021-09-09,19400,19890,19165,19465,150904,52624
2021-09-10,19500,20005,19315,19535,155674,45982
2021-09-13,19610,19720,18960,19180,123459,46108
2021-09-14,19180,19190,18760,19010,97521,41050
2021-09-15,19245,19855,18975,19815,135581,48453
2021-09-16,19945,20680,19945,20680,159043,49007
2021-09-17,20900,21900,20550,21825,302778,55534
2021-09-22,21820,22050,21260,21965,120493,45432
2021-09-23,21965,22425,21445,21865,204821,51571
2021-09-24,21900,22050,20490,20945,195306,38329
2021-09-27,20650,21120,20200,20415,126086,27182
2021-09-28,20360,20635,20220,20520,52463,15162
2021-09-29,20210,20830,19405,19690,153825,56306
2021-09-30,19650,20020,19295,19750,83832,42846
2021-10-08,20590,20975,20075,20540,39292,41923
2021-10-11,20550,20970,19820,20070,91717,49152
2021-10-12,20225,20310,19715,20050,84018,41937
2021-10-13,20060,20480,19500,20130,112283,45509
2021-10-14,20130,20400,19745,20130,90540,41151
2021-10-15,20205,20815,20190,20780,99044,42179
2021-10-18,20980,21325,20315,20680,84649,37673
2021-10-19,20700,20975,20200,20400,66638,34218
2021-10-20,20485,20650,19915,20075,70498,30117
2021-10-21,20075,21280,19950,20470,86429,33025
2021-10-22,20320,20515,19850,20260,82294,24464
2021-10-25,20120,20555,19810,20025,61913,18593
2021-10-26,19840,20390,19600,20270,134515,42381
2021-10-27,20290,20460,19630,19630,148230,40092
2021-10-28,19510,19800,18375,19295,282260,36770
2021-10-29,19295,19500,18905,19080,102428,43883
2021-11-01,18850,19180,18605,18860,92902,44812
2021-11-02,18930,19080,18150,18680,114181,49165
2021-11-03,18675,18885,18245,18565,90968,50756
2021-11-04,18560,18565,18070,18130,86934,51108
2021-11-05,18130,18500,18055,18170,68659,47567
2021-11-08,18200,18650,18145,18215,72115,47030
2021-11-09,18265,18420,17860,18065,64275,46138
2021-11-10,18005,18320,17785,18235,80761,45965
2021-11-11,18270,18385,17900,18005,60238,34731
2021-11-12,17300,17545,17060,17095,101358,51939
2021-11-15,17160,17475,16980,17125,109191,52705
2021-11-16,17250,17750,17240,17405,139708,55150
2021-11-17,17400,17595,17250,17490,96489,56728
2021-11-18,17495,17515,16950,16955,119145,61894
2021-11-19,16925,17470,16785,17290,159868,56989
2021-11-22,17160,17460,17160,17330,107465,56562
2021-11-23,17330,17635,17310,17585,116660,59763
2021-11-24,17605,18180,17605,18145,114903,63116
2021-11-25,18200,18300,17860,17930,98170,61241
2021-11-26,17910,17975,17300,17345,79397,58428
2021-11-29,17105,17350,17060,17170,56928,53392
2021-11-30,17170,17190,16845,16905,56522,54814
2021-12-01,16965,17175,16825,17055,47658,49831
2021-12-02,17060,17180,16735,16820,64455,52794
2021-12-03,16840,16930,16660,16860,50518,47922
2021-12-06,16820,17050,16500,16635,51874,48887
2021-12-07,16680,16950,16605,16660,47347,44941
2021-12-08,16675,16705,16080,16085,72365,53518
2021-12-09,16085,16140,15605,15865,72514,50609
2021-12-10,15800,16035,15740,15810,38960,48287
2021-12-13,15810,16165,15480,16160,59702,47438
2021-12-14,16000,16150,15850,16025,36221,41243
2021-12-15,16100,16340,16100,16185,37112,37496
2021-12-16,16050,16180,15895,16115,68507,57274
2021-12-17,16210,16335,15885,15995,72259,60477
2021-12-20,15995,16180,15900,15985,81709,62371
2021-12-21,16020,16200,15960,16095,62260,59547
2021-12-22,16120,16295,16015,16250,65689,61918
2021-12-23,16350,16635,16315,16625,68446,65128
2021-12-24,16680,16900,16585,16880,63843,63837
2021-12-27,16890,17150,16610,16720,94914,64601
2021-12-28,16720,16960,16655,16905,54057,62278
2021-12-29,16905,16925,16630,16890,58180,61671
2021-12-30,16890,17210,16890,17205,69436,67119
2021-12-31,17205,17235,16970,17125,63029,63234
2022-01-04,17170,17510,16930,17230,49876,62159
2022-01-05,17230,17425,17080,17130,48747,62758
2022-01-06,17130,17230,16840,16905,50514,58190
2022-01-07,16905,16980,16680,16910,52629,53485
2022-01-10,16860,17425,16640,17400,79436,58360
2022-01-11,17400,17920,17265,17760,93137,67620
2022-01-12,17825,18255,17745,18145,77067,65569
2022-01-13,18250,18515,17500,17650,113123,63201
2022-01-14,17650,17920,17420,17895,97991,54911
2022-01-17,17870,17920,17450,17480,89138,49995
2022-01-18,17450,18110,17305,17970,91804,44216
2022-01-19,17860,17900,17520,17765,87506,36229
2022-01-20,17750,19065,17750,18820,95206,31764
2022-01-21,18600,18795,18230,18500,180311,78557
2022-01-24,18440,18705,17635,17740,210740,74336
2022-01-25,17575,17705,16920,17080,254684,70669
2022-01-26,17180,17455,17140,17265,167258,63537
2022-01-27,17360,17535,17150,17225,77778,65721
2022-01-28,17390,17680,17165,17440,62219,58908
2022-02-07,17700,18120,17440,17875,45476,59676
2022-02-08,17875,18195,17750,18105,47773,59522
2022-02-09,18105,18380,17795,18210,61563,58304
2022-02-10,18230,18485,18135,18385,45377,56712
2022-02-11,18465,18605,18150,18300,63664,57542
2022-02-14,18450,18950,18150,18790,68664,54404
2022-02-15,18790,18935,18470,18795,66505,53848
2022-02-16,18945,19355,18800,19295,66816,51335
2022-02-17,19295,19380,18720,18720,52193,45567
2022-02-18,18725,18980,18640,18870,43440,40180
2022-02-21,18845,19000,18430,18760,130487,57062
2022-02-22,18760,18945,18525,18785,113055,63682
2022-02-23,18785,18815,18065,18245,134614,62011
2022-02-24,18310,18580,18175,18370,113995,60598
2022-02-25,18550,18615,17635,17850,142405,59123
2022-02-28,17770,17925,17470,17515,98744,56892
2022-03-01,17500,17835,17455,17555,84519,53872
2022-03-02,17560,17795,17495,17595,96960,56102
2022-03-03,17795,18505,17625,18490,132938,49614
2022-03-04,18655,18880,18490,18775,120578,48918
2022-03-07,18910,20685,18765,20560,196169,48114
2022-03-08,21000,22125,20650,22125,378854,45363
2022-03-09,22000,24785,20520,21070,618628,39661
2022-03-10,20030,20495,19700,19700,61828,39360
2022-03-11,19000,19680,18605,19235,171638,37280
2022-03-14,19335,20015,19100,19335,155599,39306
2022-03-15,19285,20080,19205,19810,114026,39544
2022-03-16,19810,20990,19635,20740,111573,40937
2022-03-17,20490,20500,19600,19805,114577,41424
2022-03-18,19500,20090,19500,20035,67279,36396
2022-03-21,20035,20335,19680,19780,74534,38840
2022-03-22,19655,20095,19530,19810,53276,33656
2022-03-23,19900,20595,19865,20415,72936,38198
2022-03-24,21000,22345,20955,21680,145947,38917
2022-03-25,22305,23050,20360,21110,236801,38868
2022-03-28,20500,21090,19830,20245,105654,26762
2022-03-29,20250,20430,19975,20270,98523,60692
2022-03-30,20100,20730,19885,20730,111937,60661
2022-03-31,20725,20815,20060,20185,112932,63076
2022-04-01,20315,20475,20030,20280,69020,50905
2022-04-06,20600,20830,20210,20830,50597,52071
2022-04-07,20830,20960,20310,20365,72779,50341
2022-04-08,20365,20480,19930,20025,69056,49176
2022-04-11,19965,19965,19120,19330,99057,58626
2022-04-12,19140,19670,19110,19555,69632,50193
2022-04-13,19555,20000,19410,19805,78892,52467
2022-04-14,19815,19925,19590,19830,57188,46361
2022-04-15,19865,19995,19650,19835,60885,46305
2022-04-18,19860,19910,19420,19505,68301,48487
2022-04-19,19505,20750,19505,20265,118363,50778
2022-04-20,20265,20315,19860,19890,77816,40232
2022-04-21,19840,20075,19745,19965,51934,36921
2022-04-22,19970,20365,19900,20040,54229,31281
2022-04-25,20140,20140,19020,19060,51943,25502
2022-04-26,19105,19450,18720,19225,89271,62729
2022-04-27,19220,19580,19120,19550,72964,59035
2022-04-28,19550,19685,19320,19450,63574,62320
2022-04-29,19380,19475,19000,19360,74980,61555
2022-05-05,19280,19590,19155,19500,41436,53236
2022-05-06,19500,19500,18750,18750,82194,66429
2022-05-09,18750,19460,18750,19320,100535,60565
2022-05-10,18720,19030,18500,18840,101283,58262
2022-05-11,18840,19195,18640,19055,75653,56714
2022-05-12,19100,19250,18770,18865,77565,55617
2022-05-13,18830,19050,18600,18830,79860,57096
2022-05-16,18800,19250,18620,19175,80578,53584
2022-05-17,18975,19140,18650,18765,79309,54736
2022-05-18,18785,18830,18325,18360,75689,63392
2022-05-19,18360,18645,18275,18605,59281,53768
2022-05-20,18630,19165,18600,19090,76355,46174
2022-05-23,19090,19155,18450,18535,73860,43290
2022-05-24,18535,18660,18360,18440,44056,38758
2022-05-25,18455,18720,18430,18595,42143,34795
2022-05-26,18675,18835,18440,18530,43725,29592
2022-05-27,18605,18735,18485,18715,36016,17333
2022-05-30,18360,18695,18260,18645,69385,57813
2022-05-31,18680,18745,18220,18290,71768,54896
2022-06-01,18315,18445,18200,18330,43911,54223
2022-06-02,18285,18595,18100,18495,72250,56623
2022-06-06,18580,18600,18220,18500,51939,52693
2022-06-07,18630,18920,18400,18460,60464,54690
2022-06-08,18460,18895,18445,18880,62888,60079
2022-06-09,18875,18895,18550,18630,49549,54025
2022-06-10,18520,18820,18450,18770,53478,55119
2022-06-13,18750,18750,17885,17995,92970,59037
2022-06-14,17935,18035,17665,17850,60872,54424
2022-06-15,17850,17865,17580,17640,51376,54685
2022-06-16,17640,17910,17625,17755,51861,52309
2022-06-17,17700,17800,17480,17565,54758,52830
2022-06-20,17565,17980,17535,17850,65496,48158
2022-06-21,17850,18380,17780,18130,73555,46210
2022-06-22,18130,18340,17815,17955,58004,40182
2022-06-23,18000,18450,17890,18315,53899,40031
2022-06-24,18315,18405,17505,17505,56123,29145
2022-06-27,16800,17000,16595,16635,169797,50409
2022-06-28,16735,16875,16520,16810,139474,52813
2022-06-29,16810,16820,16490,16620,116830,51582
2022-06-30,16750,16980,16620,16865,101628,49186
2022-07-01,16720,16770,16330,16375,111982,48835
2022-07-04,16440,16700,16290,16340,87727,47396
2022-07-05,16450,16820,16410,16620,101520,47165
2022-07-06,16545,16690,16370,16660,134806,44287
2022-07-07,16660,16785,16410,16700,132234,42159
2022-07-08,16800,17050,16735,16920,114506,46320
2022-07-11,16905,16980,16620,16680,110579,41634
2022-07-12,16775,16840,16600,16655,78736,39462
2022-07-13,16680,16915,16625,16850,102289,46862
2022-07-14,16765,16975,16480,16680,144311,45136
2022-07-15,16650,16650,15925,16050,150957,42982
2022-07-18,16170,16450,16060,16350,104693,34944
2022-07-19,16400,16500,16155,16290,86692,31852
2022-07-20,16410,16465,16195,16405,84691,31427
2022-07-21,16400,16445,16080,16135,81618,27639
2022-07-22,16165,16195,15865,16020,85011,25257
2022-07-25,16020,16280,15980,16225,65651,18390
2022-07-26,16270,16280,16020,16200,40960,11921
2022-07-27,15690,15705,15440,15500,86857,49994
2022-07-28,15500,15800,15280,15780,143393,55147
2022-07-29,15765,15845,15620,15780,99324,57144
2022-08-01,15700,16465,15700,16270,154603,64461
2022-08-02,16170,16380,16050,16315,112080,63987
2022-08-03,16200,16310,16100,16225,86869,61760
2022-08-04,16200,16385,16145,16265,97054,65992
2022-08-05,16230,16350,16070,16280,101357,67426
2022-08-08,16200,16410,15710,15770,160166,58545
2022-08-09,15770,15865,15525,15580,107702,56796
2022-08-10,15610,15660,15385,15400,82888,57686
2022-08-11,15480,15700,15460,15650,100653,51724
2022-08-12,15700,15860,15570,15685,94342,49485
2022-08-15,15710,15765,15500,15630,88610,47797
2022-08-16,15555,15665,15455,15575,65812,45753
2022-08-17,15620,15850,15550,15560,84898,47422
2022-08-18,15575,15620,15120,15185,138375,50264
2022-08-19,15270,15340,15105,15260,76862,46713
2022-08-22,15200,15380,15180,15315,69905,42604
2022-08-23,15300,15495,15225,15425,66426,35903
2022-08-24,15420,15545,15290,15465,68239,24506
2022-08-25,15465,15700,15395,15590,45107,16111
2022-08-26,15265,15470,15165,15455,94477,66126
2022-08-29,15480,15540,15220,15340,111756,63139
2022-08-30,15340,15415,15160,15190,80114,57004
2022-08-31,15200,15665,15170,15610,128373,68350
2022-09-01,15500,15565,15280,15385,91792,56269
2022-09-02,15385,15710,15285,15645,121861,68165
2022-09-05,15620,15880,15545,15840,102239,68292
2022-09-06,15840,16425,15840,16375,118907,77372
2022-09-07,16350,16510,16080,16320,122494,75226
2022-09-08,16320,16725,16320,16505,120537,77327
2022-09-09,16420,17060,16420,17005,138510,79034
2022-09-13,17195,17670,17120,17480,120192,74468
2022-09-14,17360,17430,16870,17065,152297,68363
2022-09-15,17020,17345,16980,17090,128231,69028
2022-09-16,16980,16985,16745,16845,106943,61542
2022-09-19,16930,17335,16805,16855,154389,57805
2022-09-20,16880,17270,16880,17030,126980,57355
2022-09-21,17050,17375,17050,17290,140373,57369
2022-09-22,17195,17355,16970,17225,152017,44278
2022-09-23,17205,17265,16845,16925,113181,30503
2022-09-26,16750,16855,16580,16705,99293,18989
2022-09-27,16400,16680,16395,16595,106437,75816
2022-09-28,16520,16695,16325,16465,121687,70631
2022-09-29,16480,16680,16470,16570,87563,67545
2022-09-30,16660,16860,16540,16750,95593,66182
2022-10-10,16800,16900,16270,16470,80599,64717
2022-10-11,16440,16595,16255,16330,73865,62008
2022-10-12,16345,16460,16215,16360,70686,61319
2022-10-13,16300,16515,16260,16380,70195,58503
2022-10-14,16360,17335,16300,17175,178956,72908
2022-10-17,16970,17290,16970,17200,113652,67141
2022-10-18,17200,17255,17065,17180,89652,63137
2022-10-19,17180,17485,17160,17400,112215,62892
2022-10-20,17395,17790,17395,17705,135804,62382
2022-10-21,17730,17880,17420,17475,137988,53916
2022-10-24,17550,17750,17370,17485,149335,45046
2022-10-25,17485,17825,17460,17755,99879,40547
2022-10-26,17695,17755,17470,17580,87546,28424
2022-10-27,17350,17450,17110,17170,123639,87370
2022-10-28,17240,17240,16640,16800,191498,76435
2022-10-31,16900,16900,16495,16555,135075,74553
2022-11-01,16555,16780,16410,16725,130840,67187
2022-11-02,16750,16960,16575,16660,122655,64064
2022-11-03,16705,16745,16520,16595,112256,61440
2022-11-04,16550,16835,16455,16760,128029,60728
2022-11-07,16850,16945,16420,16465,145850,59940
2022-11-08,16400,16575,16265,16490,142093,58512
2022-11-09,16535,16605,16350,16455,107892,56013
2022-11-10,16500,16640,16380,16580,130927,56917
2022-11-11,16535,17290,16520,17055,202047,64371
2022-11-14,17020,17140,16450,16515,158617,54005
2022-11-15,16750,16890,16510,16870,128998,48955
2022-11-16,16820,17115,16820,17055,148224,50032
2022-11-17,16900,16985,16330,16580,167669,46951
2022-11-18,16610,16610,16320,16505,117900,44661
2022-11-21,16500,16685,16340,16680,114400,41290
2022-11-22,16620,16995,16585,16840,98558,34817
2022-11-23,16800,16925,16645,16765,82966,29204
2022-11-24,16840,16990,16710,16790,70385,21221
2022-11-25,16695,16785,16550,16760,99192,67100
2022-11-28,16730,16815,16400,16655,139552,62987
2022-11-29,16760,16900,16515,16840,131746,71446
2022-11-30,16800,16905,16685,16765,84894,70742
2022-12-01,16800,16935,16735,16855,92811,71205
2022-12-02,16900,16925,16770,16895,87799,75610
2022-12-05,16920,17330,16660,17215,160236,80695
2022-12-06,17115,17305,17060,17230,85939,80875
2022-12-07,17255,17420,17110,17220,106638,78607
2022-12-08,17220,17335,17145,17265,79399,81196
2022-12-09,17300,17550,17200,17465,122325,84193
2022-12-12,17385,17765,17350,17550,124329,81168
2022-12-13,17575,17645,17400,17495,94883,79372
2022-12-14,17505,17690,17430,17615,100695,77271
2022-12-15,17550,17760,17465,17585,96734,72533
2022-12-16,17600,17835,17105,17225,177061,56896
2022-12-19,17250,17250,16620,16640,154214,46538
2022-12-20,16745,16745,16325,16375,119786,40458
2022-12-21,16480,16515,16210,16390,90650,37979
2022-12-22,16430,16475,16235,16275,59748,33491
2022-12-23,16400,16445,16210,16310,118245,73509
2022-12-26,16400,16580,16305,16540,92431,73408
2022-12-27,16450,16825,16445,16735,89209,69620
2022-12-28,16700,16775,16615,16715,85050,70652
2022-12-29,16750,16895,16720,16800,87423,68301
2022-12-30,16760,16835,16665,16820,86209,65660
2023-01-03,16850,16970,16420,16860,97202,65947
2023-01-04,16950,17150,16880,16940,93915,60433
2023-01-05,16840,16860,16545,16600,98914,61365
2023-01-06,16670,16750,16495,16705,89456,59936
2023-01-09,16685,17085,16655,17030,103145,57067
2023-01-10,17000,17080,16875,16995,84510,53887
2023-01-11,17095,17110,16625,16770,107173,52022
2023-01-12,16800,16930,16600,16865,85322,47186
2023-01-13,16810,17090,16760,16895,91921,43546
2023-01-16,16925,17110,16770,17040,90898,39864
2023-01-17,16965,17230,16965,17135,70186,32493
2023-01-18,16965,17220,16965,17170,59564,26016
2023-01-19,17260,17310,17125,17200,74062,66041
2023-01-20,17200,17345,17140,17220,77666,67687
2023-01-30,17255,17470,17085,17210,82790,68372
2023-01-31,17250,17455,17235,17355,83169,71426
2023-02-01,17320,17395,17220,17370,67019,70308
2023-02-02,17390,17425,16700,16750,144703,70317
2023-02-03,16800,16960,16665,16910,100081,67811
2023-02-06,16880,16985,16765,16925,81690,64226
2023-02-07,16920,16965,16800,16815,62964,64485
2023-02-08,16820,16880,16740,16800,73711,64885
2023-02-09,16800,16860,16705,16740,70060,69097
2023-02-10,16720,16735,16305,16620,109769,73685
2023-02-13,16575,16635,16490,16515,66547,71288
2023-02-14,16545,16555,16435,16500,52286,70988
2023-02-15,16545,16640,16455,16475,72766,65912
2023-02-16,16520,16575,16420,16490,52770,62796
2023-02-17,16530,16720,16510,16540,76151,56232
2023-02-20,16550,16650,16440,16605,62718,54506
2023-02-21,16660,16835,16620,16785,71556,42734
2023-02-22,16745,17045,16745,16950,79631,27285
2023-02-23,16895,16920,16730,16770,50625,17939
2023-02-24,16780,16830,16635,16730,97890,60709
2023-02-27,16730,16750,16450,16505,84472,65944
2023-02-28,16550,16580,16460,16480,57318,67690
2023-03-01,16480,16510,16130,16290,131051,76105
2023-03-02,16350,16350,16155,16180,69142,77808
2023-03-03,16160,16395,16110,16370,82988,71055
2023-03-06,16345,16445,16240,16330,66216,66819
2023-03-07,16330,16340,16155,16190,60178,70305
2023-03-08,16160,16160,15850,15915,107082,81254
2023-03-09,15900,15940,15765,15890,98584,77318
2023-03-10,15845,15950,15670,15775,99422,75184
2023-03-13,15810,15930,15620,15730,103195,76374
2023-03-14,15730,15910,15670,15890,106457,71578
2023-03-15,15950,16165,15850,15870,118157,61790
2023-03-16,15870,15945,15580,15830,95046,57922
2023-03-17,15795,15885,15630,15780,85194,55704
2023-03-20,15815,16000,15740,15780,88170,50314
2023-03-21,15820,15945,15710,15870,81158,41115
2023-03-22,15900,15950,15670,15795,63920,35562
2023-03-23,15815,15850,15650,15670,45484,31125
2023-03-24,15185,15455,15080,15370,117340,85705
2023-03-27,15350,15475,15185,15205,103599,88799
2023-03-28,15285,15400,15220,15375,85597,85439
2023-03-29,15385,15440,15000,15080,131869,90180
2023-03-30,15115,15145,14805,14835,135927,93617
2023-03-31,14780,14935,14655,14725,157432,96178
2023-04-03,14735,14865,14600,14810,132489,97802
2023-04-04,14810,14860,14555,14580,108769,97243
2023-04-06,14500,14595,14405,14430,66441,97498
2023-04-07,14470,14775,14460,14755,139540,94911
2023-04-10,14715,14760,14575,14635,87065,91439
2023-04-11,14650,15050,14625,15020,130574,84055
2023-04-12,15025,15395,15025,15110,224247,68637
2023-04-13,15110,15175,15010,15115,106149,63942
2023-04-14,15200,15310,15125,15205,101762,59081
2023-04-17,15280,15575,15170,15505,137414,50105
2023-04-18,15500,15530,15310,15405,83507,43898
2023-04-19,15500,15605,15420,15435,88410,36929
2023-04-20,15185,15475,15120,15380,129979,80831
2023-04-21,15380,15415,15220,15280,132339,81077
2023-04-24,15265,15290,14815,14910,173668,79739
2023-04-25,14970,15150,14885,15040,123530,81747
2023-04-26,14990,15075,14880,15025,117404,80706
2023-04-27,15025,15320,15025,15155,148342,80249
2023-04-28,15160,15345,15125,15300,109760,77855
2023-05-04,15330,15605,15320,15490,90389,81331
2023-05-05,15415,15510,15150,15435,124763,77967
2023-05-08,15405,15580,15350,15490,129229,78075
2023-05-09,15540,15600,15420,15450,113789,75143
2023-05-10,15485,15700,15370,15615,125779,77421
2023-05-11,15590,15620,15205,15275,158439,64825
2023-05-12,15290,15440,15220,15280,127499,61923
2023-05-15,15320,15510,15265,15300,143634,57155
2023-05-16,15300,15330,14825,14885,157175,51650
2023-05-17,14920,15065,14775,15030,124596,46343
2023-05-18,15050,15145,14910,14955,101725,40437
2023-05-19,14930,14980,14785,14920,110548,32140
2023-05-22,15005,15060,14720,14845,96705,28000
2023-05-23,14845,14885,14630,14645,67039,23113
2023-05-24,14570,14605,14455,14500,94298,71793
2023-05-25,14585,14745,14430,14735,146504,67065
2023-05-26,14730,14845,14640,14840,127769,64259
2023-05-29,14845,14900,14720,14815,97143,63187
2023-05-30,14855,15000,14750,14865,110862,62354
2023-05-31,14850,14900,14575,14655,128453,60116
2023-06-01,14700,15105,14625,15045,165088,65164
2023-06-02,14960,15210,14915,15165,133282,68340
2023-06-05,15135,15145,14950,15025,105062,65249
2023-06-06,15060,15270,15005,15135,107046,65502
2023-06-07,15105,15275,15105,15165,78297,66227
2023-06-08,15165,15245,15035,15150,84399,66628
2023-06-09,15175,15230,15040,15190,89965,66869
2023-06-12,15170,15385,15170,15265,113948,71384
2023-06-13,15235,15265,15060,15200,106467,65261
2023-06-14,15250,15400,15245,15315,104743,68728
2023-06-15,15280,15340,15070,15135,104126,63193
2023-06-16,15215,15350,15155,15255,83604,62039
2023-06-19,15300,15310,14885,14930,122936,49791
2023-06-20,14985,14985,14755,14785,82944,42180
2023-06-21,14785,14905,14765,14875,65899,32957
2023-06-26,14810,14840,14705,14750,38085,25034
2023-06-27,14655,14790,14620,14750,75283,62973
2023-06-28,14820,14830,14700,14740,64762,65125
2023-06-29,14700,14700,14570,14610,82377,71190
2023-06-30,14610,14795,14560,14720,88480,68290
2023-07-03,14680,14800,14620,14705,92699,70543
2023-07-04,14655,14760,14640,14700,69324,69099
2023-07-05,14680,14875,14650,14740,97610,68705
2023-07-06,14700,14915,14660,14850,107959,69793
2023-07-07,14830,14870,14700,14745,102134,63663
2023-07-10,14735,14800,14665,14730,87123,63719
2023-07-11,14760,14955,14735,14915,128176,71231
2023-07-12,14825,14900,14815,14885,69970,65176
2023-07-13,14925,15025,14900,14970,93280,66662
2023-07-14,14920,15060,14920,14960,80998,65791
2023-07-17,15000,15070,14725,14760,139666,47543
2023-07-18,14815,15015,14720,14975,98871,45755
2023-07-19,14900,15020,14900,15000,62441,40943
2023-07-20,14965,15420,14965,15375,109726,36191
2023-07-21,15350,15400,15230,15340,150987,113191
2023-07-24,15320,15580,15280,15505,188894,118474
2023-07-25,15505,15640,15460,15505,142305,117792
2023-07-26,15530,15615,15495,15545,109022,115972
2023-07-27,15495,15520,15180,15215,225341,111453
2023-07-28,15215,15255,15065,15190,181709,104144
2023-07-31,15190,15330,15180,15315,158047,92886
2023-08-01,15320,15445,15270,15340,154612,82670
2023-08-02,15340,15480,15330,15445,117611,83545
2023-08-03,15420,15420,15200,15295,149247,71210
2023-08-04,15305,15555,15305,15395,164166,72590
2023-08-07,15350,15355,15210,15250,107576,65749
2023-08-08,15280,15395,15235,15260,82226,63381
2023-08-09,15190,15380,15100,15325,104682,57983
2023-08-10,15250,15335,15160,15255,93282,53611
2023-08-11,15260,15500,15260,15465,115115,50811
2023-08-14,15400,15740,15400,15725,103165,45415
2023-08-15,15705,15840,15645,15745,114157,110018
2023-08-16,15705,15815,15705,15730,83518,115399
2023-08-17,15730,15865,15655,15765,124403,117867
2023-08-18,15800,15940,15795,15860,119712,121098
2023-08-21,15860,16040,15820,15955,142096,122521
2023-08-22,15995,16200,15965,16120,161422,124166
2023-08-23,16115,16175,16020,16065,111122,125453
2023-08-24,16085,16165,15825,15845,190033,117608
2023-08-25,15825,15875,15725,15840,136784,109392
2023-08-28,15840,15930,15740,15825,150748,104812
2023-08-29,15825,15855,15630,15680,126321,99601
2023-08-30,15620,15770,15560,15705,133938,93689
2023-08-31,15700,15820,15680,15815,148895,85370
2023-09-01,15790,15925,15710,15855,144136,77306
2023-09-04,15900,16000,15835,15865,114754,71811
2023-09-05,15885,15940,15630,15790,123824,62623
2023-09-06,15835,15860,15755,15850,80580,53034
2023-09-07,15820,15905,15670,15750,104954,45067
2023-09-08,15795,15795,15480,15540,94357,38871
2023-09-11,15590,15710,15515,15655,108888,81912
2023-09-12,15655,15690,15415,15465,117597,88370
2023-09-13,15460,15490,15250,15315,133661,91204
2023-09-14,15275,15435,15275,15410,106722,95238
2023-09-15,15470,15500,15380,15445,104608,90853
2023-09-18,15440,15525,15320,15490,126224,88642
2023-09-19,15445,15505,15365,15395,113061,90850
2023-09-20,15390,15595,15325,15475,159461,89853
2023-09-21,15445,15450,15105,15150,187236,102698
2023-09-22,15100,15235,15060,15165,108130,102044
2023-09-25,15150,15205,15015,15065,123700,101538
2023-09-26,15085,15100,14915,14955,98292,99013
2023-09-27,14950,14965,14725,14725,112776,94667
2023-09-28,14730,14925,14730,14800,98233,85279
2023-10-09,14755,14780,14540,14655,74620,84341
2023-10-10,14680,14760,14525,14540,80404,84620
2023-10-11,14580,14650,14475,14645,83240,81203
2023-10-12,14605,14805,14590,14805,92959,76167
2023-10-13,14805,14865,14745,14785,76410,68671
2023-10-16,14785,14980,14740,14960,97217,63117
2023-10-17,14985,15005,14760,14785,69949,59134
2023-10-18,14780,14905,14750,14795,81846,51516
2023-10-19,14845,14915,14775,14860,74282,44471
2023-10-20,14825,14930,14565,14615,69130,39751
2023-10-23,14575,14600,14420,14505,108733,99616
2023-10-24,14500,14680,14490,14675,112700,97676
2023-10-25,14660,14815,14635,14730,119152,88607
2023-10-26,14730,14740,14535,14635,108516,90673
2023-10-27,14635,14635,14500,14580,108664,87717
2023-10-30,14620,14835,14610,14780,128428,80859
2023-10-31,14800,14830,14525,14575,145688,87104
2023-11-01,14580,14580,14310,14320,155140,92592
2023-11-02,14330,14480,14270,14460,106003,90025
2023-11-03,14475,14600,14450,14595,106766,85139
2023-11-06,14615,14695,14490,14655,97913,79968
2023-11-07,14665,14725,14510,14545,92075,77322
2023-11-08,14525,14535,14380,14520,97881,76892
2023-11-09,14475,14580,14435,14495,93887,71938
2023-11-10,14450,14630,14385,14445,107813,70541
2023-11-13,14425,14430,14110,14200,134361,66469
2023-11-14,14140,14250,14045,14080,87412,54869
2023-11-15,14040,14175,13970,14140,204882,132931
2023-11-16,14150,14150,14005,14100,168872,134617
2023-11-17,14080,14085,13850,13900,200756,147095
2023-11-20,13880,13950,13825,13880,155114,152531
2023-11-21,13880,13930,13730,13750,175634,157945
2023-11-22,13725,13805,13515,13635,184989,153247
2023-11-23,13635,13695,13465,13545,157297,149827
2023-11-24,13545,13780,13540,13695,180589,141969
2023-11-27,13665,13705,13510,13650,199782,134435
2023-11-28,13650,13830,13560,13805,224988,129362
2023-11-29,13805,14000,13785,13955,228984,117227
2023-11-30,14000,14090,13820,13830,220979,106797
2023-12-01,13800,13890,13640,13695,178029,99022
2023-12-04,13765,13820,13540,13605,173490,94365
2023-12-05,13565,13630,13080,13155,194613,93596
2023-12-06,13185,13350,13010,13330,200407,83952
2023-12-07,13345,13405,13150,13320,159801,78204
2023-12-08,13320,13500,13245,13420,140078,70270
2023-12-11,13420,13500,13265,13365,120121,64140
2023-12-12,13455,13530,13300,13520,156790,114112
2023-12-13,13505,13650,13405,13510,228472,113065
2023-12-14,13500,13615,13455,13530,181423,113729
2023-12-15,13580,13715,13575,13670,174127,111364
2023-12-18,13720,13760,13595,13730,168767,109716
2023-12-19,13705,13815,13605,13805,185064,108407
2023-12-20,13805,13885,13795,13885,154642,109419
2023-12-21,13900,13940,13685,13940,210433,100974
2023-12-22,13960,14015,13810,13915,185471,98049
2023-12-25,13950,14185,13835,14100,219043,101536
2023-12-26,14060,14115,13930,13970,138313,94474
2023-12-27,13970,14040,13875,14040,143451,92270
2023-12-28,14065,14080,13940,14020,129087,89824
2023-12-29,14015,14045,13625,13680,196387,78854
2024-01-02,13705,13875,13650,13830,77318,74087
2024-01-03,13800,14010,13800,13980,102595,72994
2024-01-04,13975,14020,13810,13880,103919,67087
2024-01-05,13825,13865,13565,13610,141479,59324
2024-01-08,13590,13750,13535,13605,118738,53873
2024-01-09,13600,13685,13505,13630,91032,47575
2024-01-10,13615,13720,13585,13635,73879,43652
2024-01-11,13620,14105,13545,13995,125940,40259
2024-01-12,13990,14030,13820,13930,68293,34676
2024-01-15,14000,14000,13770,13850,126696,91129
2024-01-16,13820,13935,13820,13895,97337,91256
2024-01-17,13910,14230,13890,14070,317826,103256
2024-01-18,14070,14150,13980,14130,216800,102233
2024-01-19,14140,14235,14080,14215,174588,116083
2024-01-22,14210,14210,14040,14080,185078,115743
2024-01-23,14040,14370,14035,14330,220513,128054
2024-01-24,14310,14395,14280,14355,153237,127897
2024-01-25,14375,14430,14250,14295,133282,124539
2024-01-26,14310,14395,14155,14180,203491,108527
2024-01-29,14190,14315,14090,14155,163120,98764
2024-01-30,14200,14255,14000,14055,173087,90490
2024-01-31,14040,14085,13865,13880,167241,81290
2024-02-01,13870,13905,13675,13715,146840,78308
2024-02-02,13700,13750,13570,13655,111950,75310
2024-02-05,13655,13730,13600,13630,128676,68737
2024-02-06,13600,13665,13525,13615,95363,61617
2024-02-07,13635,13675,13450,13525,84674,53893
2024-02-08,13470,13640,13470,13630,63868,45700
2024-02-19,13680,13780,13630,13680,91932,113848
2024-02-20,13715,13805,13665,13710,122166,127135
2024-02-21,13705,13800,13635,13750,138899,133748
2024-02-22,13760,13885,13760,13870,151246,137872
2024-02-23,13920,14075,13890,14070,191685,142084
2024-02-26,14070,14090,13900,13940,172774,137504
2024-02-27,13960,14150,13940,14130,191793,140536
2024-02-28,14160,14210,14085,14100,183082,137520
2024-02-29,14100,14170,14045,14145,180568,136810
2024-03-01,14130,14160,13950,13955,197450,138602
2024-03-04,13920,13995,13760,13890,267731,139389
2024-03-05,13900,13915,13750,13775,185824,148099
2024-03-06,13775,13800,13685,13710,156530,148568
2024-03-07,13715,13795,13685,13765,164352,149509
2024-03-08,13800,13900,13780,13885,174602,147878
2024-03-11,13890,13930,13635,13640,240726,151775
2024-03-12,13640,13815,13640,13710,237070,157304
2024-03-13,13720,13795,13655,13690,226983,156147
2024-03-14,13680,13715,13505,13560,281391,168207
2024-03-15,13550,13675,13515,13635,203023,166755
2024-03-18,13655,13875,13635,13785,309832,157710
2024-03-19,13785,13885,13710,13745,240153,152986
2024-03-20,13740,13770,13615,13690,191776,155164
2024-03-21,13665,13680,13565,13675,228400,162552
2024-03-22,13680,13730,13535,13595,236506,169389
2024-03-25,13600,13650,13415,13420,257395,177546
2024-03-26,13420,13465,13305,13330,190611,179678
2024-03-27,13300,13475,13280,13450,256138,169192
2024-03-28,13450,13530,13400,13490,244451,155414
2024-03-29,13490,13525,13410,13435,180837,142935
2024-04-01,13395,13425,13150,13390,313812,126967
2024-04-02,13420,13485,13390,13455,185713,121053
2024-04-03,13455,13495,13330,13465,204151,109427
2024-04-08,13565,13695,13515,13685,153801,100032
2024-04-09,13750,13780,13650,13740,165884,88617
2024-04-10,13765,13840,13735,13840,164725,80450
2024-04-11,13890,13950,13720,13835,168156,74705
2024-04-12,13790,13835,13665,13795,147326,66911
2024-04-15,13820,13965,13750,13905,191402,54585
2024-04-16,13890,13920,13745,13750,120350,48390
2024-04-17,13750,13915,13715,13890,100880,40705
2024-04-18,14135,14290,13985,14285,249212,117067
2024-04-19,14285,14415,14190,14405,264925,131506
2024-04-22,14460,14645,14270,14275,415410,136479
2024-04-23,14285,14370,14155,14165,304205,132488
2024-04-24,14100,14330,14090,14330,263697,133212
2024-04-25,14320,14385,14245,14380,241484,139785
2024-04-26,14400,14425,14280,14395,209861,138655
2024-04-29,14360,14405,14205,14295,194284,133589
2024-04-30,14305,14435,14225,14280,214183,127173
2024-05-06,14280,14475,14265,14430,133198,134125
2024-05-07,14430,14495,14235,14260,189759,144134
2024-05-08,14250,14250,14060,14105,211458,150478
2024-05-09,14105,14230,14070,14185,149164,145986
2024-05-10,14185,14290,14030,14290,229289,142264
2024-05-13,14240,14330,14125,14190,234500,141228
2024-05-14,14220,14310,14125,14170,199433,141965
2024-05-15,14160,14215,14005,14075,254021,147641
2024-05-16,14075,14175,14055,14115,235386,151676
2024-05-17,14090,14400,14075,14370,338888,157657
2024-05-20,14400,14610,14365,14455,332771,158101
2024-05-21,14435,14600,14390,14505,304743,155068
2024-05-22,14550,14905,14420,14900,452434,184389
2024-05-23,14785,14855,14455,14525,490912,170171
2024-05-24,14550,14745,14505,14640,294460,165910
2024-05-27,14625,14730,14615,14705,192926,163936
2024-05-28,14720,14920,14665,14690,326678,165852
2024-05-29,14700,14775,14580,14775,242168,161471
2024-05-30,14720,14955,14615,14685,402637,163027
2024-05-31,14650,14705,14525,14610,273856,158609
2024-06-03,14640,14670,14420,14485,259790,151869
2024-06-04,14450,14520,14355,14425,187086,150278
2024-06-05,14375,14400,14205,14205,192703,149069
2024-06-06,14200,14260,14165,14230,203515,154560
2024-06-07,14210,14335,14210,14240,201622,155000
2024-06-11,14170,14195,14060,14100,115580,157557
2024-06-12,14070,14165,14030,14120,150930,161614
2024-06-13,14120,14180,13910,13940,219888,164199
2024-06-14,13970,13975,13865,13930,176835,165299
2024-06-17,13900,13935,13805,13840,180466,166381
2024-06-18,13810,13920,13800,13825,151355,168567
2024-06-19,13810,13945,13780,13930,151737,167540
2024-06-20,13930,14025,13910,13975,181008,167100
2024-06-21,13975,13995,13850,13855,161208,167477
2024-06-24,13850,13970,13735,13915,210210,162761
2024-06-25,13915,13925,13780,13920,161880,163810
2024-06-26,13890,13970,13810,13960,172080,162261
2024-06-27,13960,14080,13930,14000,208809,162419
2024-06-28,14050,14065,13960,14045,140901,159264
2024-07-01,14055,14150,13985,14135,150817,158806
2024-07-02,14135,14175,14105,14145,112727,156076
2024-07-03,14150,14200,14070,14190,147671,155361
2024-07-04,14205,14285,14165,14175,161301,154205
2024-07-05,14185,14285,14150,14230,161132,147833
2024-07-08,14235,14325,14170,14225,212139,146096
2024-07-09,14260,14285,13980,14010,265921,141553
2024-07-10,14010,14055,13920,13930,200039,141172
2024-07-11,13930,13960,13820,13870,168740,148315
2024-07-12,13900,13930,13825,13905,147741,149871
2024-07-15,13940,13960,13835,13925,168171,147561
2024-07-16,13920,13995,13870,13965,137700,147997
2024-07-17,13920,13945,13765,13815,158267,161796
2024-07-18,13790,13860,13755,13835,128835,163076
2024-07-19,13800,13870,13670,13815,171873,163103
2024-07-22,13800,13900,13760,13850,136877,156625
2024-07-23,13850,14085,13820,14035,227951,147850
2024-07-24,14005,14115,14000,14065,157664,135058
2024-07-25,14065,14090,13720,13765,266100,131305
2024-07-26,13795,13935,13765,13860,167358,118569
2024-07-29,13850,14020,13850,13950,153740,109720
2024-07-30,13950,14045,13885,13905,160795,104850
2024-07-31,13865,14080,13865,14080,186150,94541
2024-08-01,14115,14170,14055,14105,142929,87883
2024-08-02,14105,14135,13965,14115,135669,82054
2024-08-05,14115,14160,14015,14065,128003,77119
2024-08-06,14020,14055,13870,13900,139717,68538
2024-08-07,13900,13980,13840,13885,89282,61212
2024-08-08,13900,13915,13800,13800,64152,56813
2024-08-09,13805,13895,13760,13820,76689,51312
2024-08-12,13830,13885,13650,13730,155938,139874
2024-08-13,13720,13775,13620,13675,159766,149571
2024-08-14,13675,13705,13535,13565,137024,155021
2024-08-15,13565,13690,13495,13620,129223,156518
2024-08-16,13650,13695,13615,13655,113523,154001
2024-08-19,13635,13790,13585,13735,151050,147385
2024-08-20,13730,13760,13640,13655,108582,149322
2024-08-21,13690,13830,13675,13825,143167,142417
2024-08-22,13825,13835,13705,13710,130127,133761
2024-08-23,13700,13750,13655,13730,110818,125033
2024-08-26,13750,13825,13700,13810,119248,104606
2024-08-27,13805,13925,13800,13910,128231,91689
2024-08-28,13910,13930,13820,13845,109378,78508
2024-08-29,13840,13885,13800,13865,102658,65575
2024-08-30,13865,13930,13835,13860,83259,61144
2024-09-02,13840,13860,13555,13555,132923,64506
2024-09-03,13585,13605,13525,13530,70595,58306
2024-09-04,13510,13530,13405,13430,69805,47725
2024-09-05,13420,13565,13400,13480,132766,164363
2024-09-06,13490,13530,13420,13465,108984,173475
2024-09-09,13475,13480,13150,13275,167298,180776
2024-09-10,13250,13295,13200,13235,87014,183078
2024-09-11,13210,13280,13060,13265,145898,180246
2024-09-12,13250,13430,13245,13380,134146,165466
2024-09-13,13395,13410,13285,13350,102144,159517
2024-09-18,13350,13395,13275,13370,78273,160140
2024-09-19,13390,13460,13300,13460,120875,161278
2024-09-20,13440,13465,13360,13365,117163,154911
2024-09-23,13390,13390,13070,13110,166332,157604
2024-09-24,13110,13300,13085,13295,145292,144202
2024-09-25,13310,13500,13300,13385,180457,122994
2024-09-26,13400,13435,13335,13405,134905,96996
2024-09-27,13425,13500,13365,13475,146975,72307
2024-09-30,13495,14010,13450,13930,183471,53081
2024-10-08,14210,14315,13890,13975,122127,43155
2024-10-09,14060,14060,13865,13905,72094,34615
2024-10-10,13950,14045,13850,13965,125706,126703
2024-10-11,13985,14090,13910,13990,119052,133563
2024-10-14,14030,14235,14010,14045,150095,144743
2024-10-15,14010,14055,13900,13915,123357,147654
2024-10-16,13940,14110,13920,14030,124940,152058
2024-10-17,14035,14120,13750,13780,186554,153839
2024-10-18,13785,13830,13715,13775,126914,155560
2024-10-21,13780,13890,13735,13865,112553,151120
2024-10-22,13845,13860,13590,13630,137111,149533
2024-10-23,13635,13655,13480,13505,120412,154556
2024-10-24,13500,13680,13455,13640,129951,148526
2024-10-25,13665,13745,13630,13675,121557,135254
2024-10-28,13650,13800,13650,13740,118662,112897
2024-10-29,13715,13760,13580,13620,118113,102991
2024-10-30,13630,13675,13540,13645,100171,94714
2024-10-31,13630,13645,13490,13510,96324,95957
2024-11-01,13535,13575,13370,13545,109217,89459
2024-11-04,13575,13620,13470,13550,99364,84632
2024-11-05,13530,13570,13475,13510,62495,82563
2024-11-06,13535,13695,13420,13425,126640,81228
2024-11-07,13400,13610,13345,13585,99140,76948
2024-11-08,13615,13720,13525,13545,110177,69585
2024-11-11,13510,13545,13335,13415,89782,66747
2024-11-12,13565,13595,13420,13445,108538,107917
2024-11-13,13445,13470,13360,13395,85684,118127
2024-11-14,13395,13435,13255,13300,121494,127779
2024-11-15,13285,13340,13230,13265,95511,134234
2024-11-18,13300,13340,13120,13310,143179,131238
2024-11-19,13285,13375,13255,13330,111300,131970
2024-11-20,13300,13355,13270,13340,97552,134370
2024-11-21,13370,13380,13320,13355,71927,135002
2024-11-22,13345,13355,13170,13215,138567,141059
2024-11-25,13250,13320,13200,13225,132128,138817
2024-11-26,13245,13265,13025,13095,178184,147761
2024-11-27,13095,13105,12895,13060,219808,149018
2024-11-28,13075,13135,13020,13080,147302,139111
2024-11-29,13100,13130,12995,13005,130168,132446
2024-12-02,12985,13035,12930,12970,124143,125896
2024-12-03,12955,13100,12920,13065,105964,119482
2024-12-04,13110,13175,13020,13020,125372,110211
2024-12-05,13010,13060,12800,12835,134060,112564
2024-12-06,12835,12925,12815,12850,78616,107483
2024-12-09,12880,13025,12860,12925,100440,100678
2024-12-10,12950,13145,12935,13040,115591,94038
2024-12-11,12980,13035,12910,13020,73942,90960
2024-12-12,13050,13100,12995,13080,54388,83324
2024-12-13,13160,13195,13045,13065,155187,107627
2024-12-16,13065,13080,12940,13000,125193,121561
2024-12-17,12960,13015,12950,12985,101137,127284
2024-12-18,13000,13100,12900,12910,156746,133306
2024-12-19,12935,12970,12830,12865,143812,137818
2024-12-20,12850,12925,12830,12895,118015,139585
2024-12-23,12870,13055,12840,13035,193085,115975
2024-12-24,13010,13075,12970,13030,138741,106067
2024-12-25,13045,13065,12940,12965,116857,103959
2024-12-26,12985,13065,12965,13010,94978,99811
2024-12-27,13035,13050,12915,12935,127727,96956
2024-12-30,12905,13040,12870,13020,142131,93816
2024-12-31,13030,13050,12865,12915,151419,84525
2025-01-02,12880,12905,12720,12740,108251,93096
2025-01-03,12710,12760,12670,12715,110068,80212
2025-01-06,12745,12795,12690,12775,96413,68747
2025-01-07,12900,12940,12840,12890,125695,160248
2025-01-08,12900,13080,12875,13065,195487,164229
2025-01-09,13065,13250,13005,13180,234476,181003
2025-01-10,13160,13190,13105,13125,134127,183695
2025-01-13,13150,13275,13130,13250,189309,198954
2025-01-14,13225,13250,13120,13185,187131,199093
2025-01-15,13185,13210,13135,13165,123908,194732
2025-01-16,13155,13260,13130,13230,167845,193997
2025-01-17,13250,13340,13185,13320,181256,198685
2025-01-20,13330,13335,12955,12975,277753,186518
2025-01-21,12985,13210,12980,13165,198171,168711
2025-01-22,13170,13205,13110,13170,131992,160031
2025-01-23,13150,13160,13015,13060,134886,150943
2025-01-24,13040,13085,12975,13040,134337,135697
2025-01-27,13060,13465,13030,13330,219963,114350
2025-02-05,13330,13415,13265,13370,87049,118641
2025-02-06,13355,13475,13350,13440,94903,123596
2025-02-07,13415,13440,13370,13400,73788,125764
2025-02-10,13400,13415,13270,13340,97215,123066
2025-02-11,13330,13345,13135,13200,108856,120981
2025-02-12,13190,13195,13110,13160,57083,119665
2025-02-13,13160,13340,13150,13230,105985,110763
2025-02-14,13080,13120,13020,13090,111743,139801
2025-02-17,13115,13140,13000,13045,108507,147280
2025-02-18,13035,13090,13025,13065,79255,150089
2025-02-19,13050,13155,13035,13125,123284,150734
2025-02-20,13115,13250,13110,13245,143354,161537
2025-02-21,13265,13375,13225,13230,206623,175145
2025-02-24,13220,13280,13175,13275,159500,175847
2025-02-25,13270,13285,13120,13130,188605,170512
2025-02-26,13105,13185,13050,13165,162673,162846
2025-02-27,13170,13250,13155,13215,165888,158929
2025-02-28,13240,13290,13190,13230,174557,158130
2025-03-03,13225,13295,13165,13250,185618,155720
2025-03-04,13270,13325,13205,13245,180802,157244
2025-03-05,13260,13310,13185,13310,185963,154775
2025-03-06,13300,13450,13230,13420,271036,170776
2025-03-07,13450,13490,13380,13385,202061,169704
2025-03-10,13390,13515,13365,13490,243256,167409
2025-03-11,13510,13540,13390,13510,216605,166308
2025-03-12,13520,13570,13455,13565,174162,170007
2025-03-13,13585,13610,13515,13585,139940,166065
2025-03-14,13580,13690,13555,13615,191834,165583
2025-03-17,13635,13680,13595,13650,135364,169785
2025-03-18,13665,13665,13405,13460,233850,158144
2025-03-19,13490,13520,13405,13495,174247,153847
2025-03-20,13510,13530,13370,13430,199563,149366
2025-03-21,13450,13470,13340,13350,182272,146003
2025-03-24,13350,13400,13315,13390,164789,142372
2025-03-25,13375,13420,13320,13355,164588,138991
2025-03-26,13355,13450,13345,13410,209306,132802
2025-03-27,13405,13450,13370,13440,166912,127750
2025-03-28,13440,13565,13410,13535,206853,129740
2025-03-31,13535,13555,13325,13365,236424,117919
2025-04-01,13355,13585,13335,13545,221519,110753
2025-04-02,13555,13590,13525,13560,134040,110583
2025-04-03,13530,13535,13370,13430,185423,98312
2025-04-07,12990,13030,12755,12910,211247,86943
2025-04-08,12910,12995,12765,12775,187931,72550
2025-04-09,12760,12810,12635,12655,152297,66977
2025-04-10,12600,12795,12445,12675,162482,55764
2025-04-11,12680,12720,12535,12700,76766,48409
2025-04-14,12825,12860,12735,12805,132926,127087
2025-04-15,12820,12870,12795,12860,118336,131677
2025-04-16,12880,12920,12775,12820,152774,134072
2025-04-17,12845,12915,12810,12845,136326,133003
2025-04-18,12865,12865,12760,12780,130618,136164
2025-04-21,12760,12825,12720,12790,136003,137093
2025-04-22,12810,12820,12685,12690,134890,143261
2025-04-23,12700,12830,12680,12790,146037,132737
2025-04-24,12770,12800,12710,12780,139543,127394
2025-04-25,12795,12810,12660,12680,176753,129015
2025-04-28,12655,12795,12635,12765,186219,103278
2025-04-29,12765,12775,12645,12720,145309,97341
2025-04-30,12715,12725,12640,12670,121971,94595
2025-05-06,12670,12800,12630,12735,150113,89353
2025-05-07,12705,12850,12675,12710,180894,81343
2025-05-08,12695,12805,12675,12705,123851,70897
2025-05-09,12705,12760,12695,12720,64097,67770
2025-05-12,12750,12915,12730,12890,114512,53827
2025-05-13,12955,12980,12900,12930,119460,125014
2025-05-14,12930,13120,12910,13080,142909,131758
2025-05-15,13100,13120,12975,12995,128580,127690
2025-05-16,13000,13035,12960,12965,94985,125581
2025-05-19,12950,13015,12920,12950,89358,125759
2025-05-20,12940,12960,12800,12840,133035,128677
2025-05-21,12825,12930,12825,12870,115812,126182
2025-05-22,12870,12920,12850,12880,117615,123141
2025-05-23,12890,12940,12830,12875,109100,117183
2025-05-26,12855,12935,12820,12875,140112,97361
2025-05-27,12860,12880,12825,12855,98902,92426
2025-05-28,12855,12860,12665,12680,175163,102719
2025-05-29,12660,12730,12600,12690,139550,101554
2025-05-30,12715,12740,12680,12685,124523,90669
2025-06-03,12655,12690,12595,12630,75047,85193
2025-06-04,12640,12730,12620,12720,95686,74015
2025-06-05,12710,12740,12640,12690,68912,68854
2025-06-06,12705,12740,12660,12680,75548,62862
2025-06-09,12665,12690,12550,12640,76193,61030
2025-06-10,12665,12670,12455,12460,214653,188420
2025-06-11,12455,12635,12435,12600,201940,187163
2025-06-12,12580,12625,12545,12585,132634,181372
2025-06-13,12585,12605,12500,12550,130382,180346
2025-06-16,12570,12590,12495,12550,104997,181026
2025-06-17,12550,12570,12465,12480,105310,186878
2025-06-18,12470,12540,12440,12525,130738,185884
2025-06-19,12505,12590,12505,12575,121673,179438
2025-06-20,12575,12585,12490,12505,131240,180475
2025-06-23,12505,12555,12370,12390,187168,192515
2025-06-24,12375,12475,12315,12440,209087,185907
2025-06-25,12445,12580,12445,12540,175419,159994
2025-06-26,12560,12680,12540,12635,250977,117031
2025-06-27,12625,12635,12555,12620,142077,107173
2025-06-30,12665,12735,12600,12610,146051,101013
2025-07-01,12610,12620,12480,12560,113478,99607
2025-07-02,12560,12695,12550,12670,106769,94775
2025-07-03,12680,12715,12640,12710,85411,94683
2025-07-04,12745,12795,12720,12730,102164,91359
2025-07-07,12710,12720,12595,12640,111639,90442
2025-07-08,12635,12790,12625,12700,103281,90238
2025-07-09,12675,12775,12670,12770,98636,87766
2025-07-10,12755,12875,12755,12865,101032,85345
2025-07-11,12850,12870,12685,12710,156045,78056
2025-07-14,12670,12740,12650,12715,92687,66494
2025-07-15,12695,12750,12650,12695,66368,54791
2025-07-16,12675,12750,12650,12670,151703,100817
2025-07-17,12650,12735,12600,12730,152176,104645
2025-07-18,12720,12780,12685,12725,162130,107630
2025-07-21,12740,12960,12735,12905,255058,122622
2025-07-22,12905,12945,12835,12930,192092,124058
2025-07-23,12950,13045,12835,12900,226003,122384
2025-07-24,12930,12960,12870,12935,144303,120333
2025-07-25,12925,13045,12865,13030,200473,124753
2025-07-28,13045,13130,12760,12840,349991,112413
2025-07-29,12840,12930,12830,12920,138761,103270
2025-07-30,12915,12995,12885,12920,153403,102650
2025-07-31,12885,12905,12765,12805,147342,94448
2025-08-01,12820,12915,12805,12840,124683,89339
2025-08-04,12805,12945,12755,12925,122249,87475
2025-08-05,12920,12985,12920,12960,79826,85949
2025-08-06,12940,12975,12885,12935,82019,84046
2025-08-07,12980,13015,12915,13000,85499,81584
2025-08-08,13000,13030,12945,12985,86671,71190
2025-08-11,13050,13280,13000,13225,202613,135260
2025-08-12,13210,13250,13180,13200,130429,143674
2025-08-13,13200,13240,13115,13130,160324,144226
2025-08-14,13150,13155,13000,13025,160562,135237
2025-08-15,13025,13080,12965,13010,143960,134252
2025-08-18,13015,13070,12970,13010,121765,134400
2025-08-19,13000,13025,12855,12885,134082,133538
2025-08-20,12870,12895,12765,12820,149736,135764
2025-08-21,12830,12860,12785,12795,99736,138810
2025-08-22,12780,12810,12700,12750,113666,144460
2025-08-25,12770,12905,12760,12880,156339,141999
2025-08-26,12860,12910,12830,12840,102727,133659
2025-08-27,12850,12915,12845,12850,128526,128304
2025-08-28,12825,12855,12750,12850,121866,127116
2025-08-29,12855,12875,12760,12815,109373,99772
2025-09-01,12830,12970,12765,12950,164893,99418
2025-09-02,12940,13030,12935,12960,130629,91035
2025-09-03,12940,12990,12885,12915,87549,99616
2025-09-04,12930,12930,12855,12855,99009,99743
2025-09-05,12855,12890,12630,12850,153413,99439
2025-09-08,12860,12885,12780,12855,69046,98956
2025-09-09,12930,12980,12880,12950,109512,123179
2025-09-10,12940,12955,12860,12915,115463,123168
2025-09-11,12905,12930,12860,12870,112848,97554
2025-09-12,12880,12980,12840,12950,138100,96949
2025-09-15,12945,13100,12925,13070,180934,96349
2025-09-16,13080,13140,12940,12970,230776,95745
2025-09-17,12970,12995,12885,12935,170126,95265
2025-09-18,12920,12985,12850,12875,175834,90146
2025-09-19,12880,12905,12830,12860,116925,89732
