date,symbol,close,volume,open_interest,roll_yield
20250526,EC2506,1841.5,22238.0,19342.0,0.7451303900866908
20250526,EC2508,2085.0,83469.0,46519.0,0.0
20250526,EC2510,1379.0,14188.0,23511.0,0.7706539387023086
20250526,EC2512,1568.0,1429.0,4440.0,-0.6585817148550421
20250526,EC2602,1405.0,612.0,2686.0,-0.7350569415428105
20250526,EC2604,1243.0,658.0,3165.0,0.0
20250527,EC2506,1782.0,16195.0,17386.0,0.8359360293458442
20250527,EC2508,2048.4,77681.0,43171.0,0.0
20250527,EC2510,1383.3,10123.0,22825.0,0.7626785689385098
20250527,EC2512,1570.8,984.0,4375.0,-0.6778334556083617
20250527,EC2602,1403.0,511.0,2785.0,-0.728923932790063
20250527,EC2604,1242.5,579.0,3084.0,0.0
20250528,EC2506,1773.0,11099.0,15946.0,0.5693994140906652
20250528,EC2508,1949.5,77021.0,43765.0,0.0
20250528,EC2510,1349.4,11708.0,23149.0,0.7379393019064638
20250528,EC2512,1526.0,1071.0,4392.0,-0.636970611412889
20250528,EC2602,1372.3,704.0,2824.0,-0.6920691195534487
20250528,EC2604,1222.8,533.0,3070.0,0.0
20250529,EC2506,1808.0,12398.0,12716.0,0.986220546878972
20250529,EC2508,2131.0,131155.0,46578.0,0.0
20250529,EC2510,1392.4,20291.0,24224.0,0.7214268417217453
20250529,EC2512,1570.3,1787.0,4409.0,-0.6887666837253482
20250529,EC2602,1400.0,896.0,2743.0,-0.7330058038452452
20250529,EC2604,1239.0,1053.0,3199.0,0.0
20250530,EC2506,1834.8,7355.0,11037.0,0.7390214268275866
20250530,EC2508,2075.3,102747.0,41824.0,0.0
20250530,EC2510,1346.4,14781.0,23127.0,0.7575810748485889
20250530,EC2512,1527.6,1709.0,4410.0,-0.6620883430131921
20250530,EC2602,1368.0,917.0,2783.0,-0.7861695744384248
20250530,EC2604,1200.0,738.0,3283.0,0.0
20250603,EC2506,1894.1,5349.0,10553.0,0.6197327196551822
20250603,EC2508,2100.2,86405.0,45769.0,0.0
20250603,EC2510,1339.0,14689.0,23789.0,0.8364282055491381
20250603,EC2512,1539.3,1729.0,4587.0,-0.7483548619775996
20250603,EC2602,1358.8,632.0,2736.0,-0.8368718656094034
20250603,EC2604,1181.9,884.0,3405.0,0.0
20250604,EC2506,1970.3,5610.0,9086.0,0.6591742220092804
20250604,EC2508,2199.1,90432.0,47961.0,0.0
20250604,EC2510,1383.0,14412.0,23756.0,0.7613055535003055
20250604,EC2512,1570.1,1833.0,4451.0,-0.68885965395622
20250604,EC2602,1399.8,508.0,2687.0,-0.7311801549166822
20250604,EC2604,1239.2,886.0,3323.0,0.0
20250605,EC2506,1971.1,3165.0,8760.0,0.5109220011284124
20250605,EC2508,2146.3,73378.0,47254.0,0.0
20250605,EC2510,1356.0,12963.0,24021.0,0.7712465137376041
20250605,EC2512,1542.0,1222.0,4394.0,-0.6790383323677194
20250605,EC2602,1377.0,430.0,2720.0,-0.7970814516323379
20250605,EC2604,1205.7,443.0,3365.0,0.0
20250606,EC2506,1936.8,2361.0,8138.0,0.3772902755099245
20250606,EC2508,2062.5,82936.0,46227.0,0.0
20250606,EC2510,1330.0,13677.0,24094.0,0.7384935190590194
20250606,EC2512,1504.2,1932.0,4739.0,-0.5589511642943551
20250606,EC2602,1370.4,636.0,2791.0,-0.7108042595661579
20250606,EC2604,1217.3,539.0,3367.0,0.0
20250609,EC2506,1948.6,1319.0,7803.0,0.3498574506068225
20250609,EC2508,2065.6,55701.0,44127.0,0.0
20250609,EC2510,1343.7,7945.0,24244.0,0.7424625135902951
20250609,EC2512,1520.7,1211.0,4827.0,-0.5977602573825083
20250609,EC2602,1376.5,379.0,2786.0,-0.6971707296869685
20250609,EC2604,1225.5,600.0,3356.0,0.0
20250610,EC2506,1932.0,1848.0,7268.0,0.3325377260973123
20250610,EC2508,2042.1,59708.0,45494.0,0.0
20250610,EC2510,1351.9,9827.0,24183.0,0.8034070445273626
20250610,EC2512,1545.6,1457.0,4637.0,-0.6172575383442588
20250610,EC2602,1394.5,326.0,2820.0,-0.7619174710334684
20250610,EC2604,1228.2,411.0,3405.0,0.0
20250611,EC2506,1926.0,1568.0,6764.0,0.2307095164473443
20250611,EC2508,2001.5,55132.0,44603.0,0.0
20250611,EC2510,1371.1,12283.0,25054.0,0.7547873850069682
20250611,EC2512,1554.9,2014.0,4730.0,-0.6193570815404752
20250611,EC2602,1402.4,393.0,2869.0,-0.7244261751333536
20250611,EC2604,1242.9,524.0,3384.0,0.0
20250612,EC2506,1942.0,632.0,6358.0,0.1304963960816563
20250612,EC2508,1984.7,54999.0,45012.0,0.0
20250612,EC2510,1380.5,19720.0,27161.0,0.8913442631444821
20250612,EC2512,1601.6,5845.0,6115.0,-0.6256730987225115
20250612,EC2602,1443.0,1179.0,3133.0,-0.8146278095162537
20250612,EC2604,1259.8,1180.0,3569.0,0.0
20250613,EC2506,1937.9,1661.0,5442.0,0.3898622645766959
20250613,EC2508,2068.0,127644.0,44844.0,0.0
20250613,EC2510,1445.6,40857.0,28910.0,0.7346720085525548
20250613,EC2512,1633.9,9787.0,6396.0,-0.622826664707459
20250613,EC2602,1472.8,2636.0,3047.0,-0.8039825191009558
20250613,EC2604,1288.1,2135.0,3500.0,0.0
20250616,EC2506,1934.3,556.0,5204.0,0.2897417347666864
20250616,EC2508,2030.0,65871.0,43658.0,0.0
20250616,EC2510,1414.7,17666.0,29238.0,0.7803704909964548
20250616,EC2512,1611.2,2908.0,6332.0,-0.6176160292940194
20250616,EC2602,1453.6,754.0,3131.0,-0.7927031249174852
20250616,EC2604,1273.7,873.0,3560.0,0.0
20250617,EC2506,1901.8,1117.0,4668.0,0.4150087720639575
20250617,EC2508,2038.0,56247.0,44501.0,0.0
20250617,EC2510,1416.1,12440.0,28998.0,0.7736909396877687
20250617,EC2512,1611.0,2228.0,6225.0,-0.7087935518328276
20250617,EC2602,1431.5,695.0,2901.0,-0.8597336238712548
20250617,EC2604,1240.4,823.0,3682.0,0.0
20250618,EC2506,1898.0,731.0,4233.0,0.5839190760896426
20250618,EC2508,2092.0,75737.0,42767.0,0.0
20250618,EC2510,1427.9,13729.0,29122.0,0.6662700455700107
20250618,EC2512,1595.6,1788.0,6144.0,-0.6566132785017356
20250618,EC2602,1430.2,425.0,2881.0,-0.8378585096670401
20250618,EC2604,1243.8,704.0,3715.0,0.0
20250619,EC2506,1891.5,743.0,3840.0,0.4008951755052884
20250619,EC2508,2022.2,49426.0,42575.0,0.0
20250619,EC2510,1406.1,10374.0,28919.0,0.7393711055545725
20250619,EC2512,1590.5,1243.0,6167.0,-0.6047710374492405
20250619,EC2602,1438.0,303.0,2923.0,-0.9038700594001676
20250619,EC2604,1236.9,442.0,3744.0,0.0
20250620,EC2506,1891.0,635.0,3533.0,-0.0031737636286163
20250620,EC2508,1890.0,68944.0,45968.0,-1.9745527759415429
20250620,EC2510,1360.0,12898.0,29785.0,0.7457863000654628
20250620,EC2512,1540.0,1767.0,6196.0,-0.6538472519902964
20250620,EC2602,1381.0,707.0,2978.0,-0.837420425093085
20250620,EC2604,1201.1,1045.0,3987.0,0.0
20250623,EC2506,1883.0,491.0,3361.0,-0.025545541515847
20250623,EC2508,1875.0,70521.0,47053.0,-1.8827875174940432
20250623,EC2510,1370.0,15474.0,31514.0,0.6631341174335822
20250623,EC2512,1530.1,2667.0,6656.0,-0.6539440788038295
20250623,EC2602,1372.1,599.0,2939.0,-0.7553241375258937
20250623,EC2604,1209.8,797.0,4156.0,0.0
20250624,EC2506,1888.1,1178.0,2776.0,-0.3807730814367607
20250624,EC2508,1772.0,71614.0,44791.0,-1.8372742308181844
20250624,EC2510,1304.6,21428.0,31621.0,0.6649569531759112
20250624,EC2512,1457.5,3365.0,7017.0,-0.6557657749079849
20250624,EC2602,1306.6,1354.0,3369.0,-0.7607832821086034
20250624,EC2604,1151.0,2422.0,5101.0,0.0
20250625,EC2506,1885.3,783.0,2491.0,-0.4805214616836799
20250625,EC2508,1740.2,50789.0,43528.0,-1.7831378421905586
20250625,EC2510,1292.8,12394.0,31546.0,0.6290527582009037
20250625,EC2512,1435.7,3222.0,7317.0,-0.7089449255364233
20250625,EC2602,1275.7,1779.0,3916.0,-0.7170544066866971
20250625,EC2604,1132.0,2276.0,5550.0,0.0
20250626,EC2506,1885.9,475.0,2275.0,-0.4148890276929252
20250626,EC2508,1759.9,38516.0,41485.0,-1.7003508127428733
20250626,EC2510,1325.6,14964.0,30795.0,0.6978403409028374
20250626,EC2512,1489.1,4647.0,6930.0,-0.7350708803374001
20250626,EC2602,1317.4,1696.0,3887.0,-0.7624061590477721
20250626,EC2604,1160.2,2359.0,5572.0,0.0
20250627,EC2506,1887.7,225.0,2131.0,-0.2687913900462408
20250627,EC2508,1805.0,39401.0,39060.0,-1.8508147058778488
20250627,EC2510,1325.9,11143.0,29720.0,0.7202083962246817
20250627,EC2512,1495.0,3700.0,5966.0,-0.7597076119354651
20250627,EC2602,1317.2,761.0,3858.0,-0.7079510018705332
20250627,EC2604,1170.6,1515.0,5571.0,0.0
20250630,EC2506,1888.5,266.0,2053.0,-0.4180434946869145
20250630,EC2508,1761.4,32689.0,39228.0,-1.6451152840811196
20250630,EC2510,1339.0,10051.0,30121.0,0.6812522483947738
20250630,EC2512,1500.0,1654.0,5827.0,-0.8227126317787552
20250630,EC2602,1307.8,564.0,3757.0,-0.6690812527095011
20250630,EC2604,1169.8,928.0,5529.0,0.0
20250701,EC2508,1904.9,68840.0,40476.0,-1.9175770540796504
20250701,EC2510,1383.8,21666.0,31506.0,0.6338971980052718
20250701,EC2512,1538.0,3471.0,6186.0,-0.8201668811994626
20250701,EC2602,1341.5,907.0,3888.0,-0.730113205703514
20250701,EC2604,1187.8,1402.0,5627.0,0.6427111496057467
20250701,EC2606,1322.1,393.0,270.0,0.0
20250702,EC2508,1883.5,44193.0,36335.0,-1.919130186220182
20250702,EC2510,1367.9,14562.0,31302.0,0.6640978417864023
20250702,EC2512,1528.0,2984.0,6171.0,-0.8543777958043497
20250702,EC2602,1325.2,503.0,3812.0,-0.7258579607739314
20250702,EC2604,1174.2,1118.0,5682.0,0.6566404353906704
20250702,EC2606,1310.0,214.0,352.0,0.0
20250703,EC2508,1896.9,28512.0,35947.0,-1.9792363907990864
20250703,EC2510,1363.9,8414.0,31361.0,0.7235379667830178
20250703,EC2512,1538.7,1250.0,5998.0,-0.8354334616288823
20250703,EC2602,1338.7,228.0,3781.0,-0.7933180755863558
20250703,EC2604,1172.9,708.0,5782.0,0.7084599696446976
20250703,EC2606,1319.9,45.0,371.0,0.0
20250704,EC2508,1849.9,47769.0,36378.0,-1.926270380702588
20250704,EC2510,1341.9,18165.0,30624.0,0.7200474880886625
20250704,EC2512,1513.0,2289.0,6046.0,-0.863029897066898
20250704,EC2602,1310.3,607.0,3899.0,-0.7636916980637733
20250704,EC2604,1153.7,973.0,6009.0,0.7209541834755672
20250704,EC2606,1301.0,135.0,401.0,0.0
20250707,EC2508,1888.5,21083.0,34521.0,0.0
20250707,EC2510,1350.0,7555.0,30278.0,0.7270094751800402
20250707,EC2512,1523.9,1166.0,5849.0,-0.8441454741132228
20250707,EC2602,1323.9,361.0,3800.0,-0.7914200015406692
20250707,EC2604,1160.3,508.0,5860.0,0.7413590315193905
20250707,EC2606,1312.9,67.0,418.0,0.0
20250708,EC2508,2006.2,57664.0,35057.0,0.0
20250708,EC2510,1394.7,21507.0,30428.0,0.7305983516836467
20250708,EC2512,1575.3,3733.0,6176.0,-0.8879458353283305
20250708,EC2602,1358.6,740.0,3826.0,-0.815210743197184
20250708,EC2604,1186.0,1364.0,5761.0,0.7100699476600744
20250708,EC2606,1335.0,130.0,436.0,0.0
20250709,EC2508,2012.5,25398.0,31348.0,0.0
20250709,EC2510,1390.0,10290.0,29642.0,0.6680126158393085
20250709,EC2512,1553.7,2085.0,6098.0,-0.8281154297989819
20250709,EC2602,1353.4,313.0,3775.0,-0.7679675679390235
20250709,EC2604,1190.8,657.0,5597.0,0.6745891613902704
20250709,EC2606,1332.5,100.0,430.0,0.0
20250710,EC2508,2022.5,34566.0,30945.0,0.0
20250710,EC2510,1401.1,13584.0,29957.0,0.6307069183992775
20250710,EC2512,1556.4,1644.0,6032.0,-0.7842500665561183
20250710,EC2602,1365.7,416.0,3799.0,-0.756106624893675
20250710,EC2604,1204.0,988.0,5625.0,0.651517227209963
20250710,EC2606,1342.1,109.0,471.0,0.0
20250711,EC2508,2030.6,22950.0,28900.0,0.0
20250711,EC2510,1382.0,12016.0,28973.0,0.6530096157611556
20250711,EC2512,1540.9,1390.0,5923.0,-0.8202985152282776
20250711,EC2602,1344.0,283.0,3759.0,-0.7196027061548338
20250711,EC2604,1192.1,611.0,5596.0,0.6653402188981743
20250711,EC2606,1331.9,108.0,507.0,0.0
20250714,EC2508,2027.2,22074.0,27891.0,0.0
20250714,EC2510,1440.7,30351.0,32944.0,0.555672876529471
20250714,EC2512,1580.5,3517.0,6378.0,-0.7874832266181908
20250714,EC2602,1386.1,728.0,3899.0,-0.77274833642948
20250714,EC2604,1218.6,1188.0,5747.0,0.7558426430573999
20250714,EC2606,1382.2,248.0,567.0,0.0
20250715,EC2508,2126.0,30362.0,21555.0,-1.500472794163896
20250715,EC2510,1655.6,107782.0,46629.0,0.6205548678351513
20250715,EC2512,1836.0,13026.0,7434.0,-1.1475011252295355
20250715,EC2602,1516.4,2983.0,3759.0,-0.8367913855491911
20250715,EC2604,1319.0,4507.0,5447.0,0.5962102541765013
20250715,EC2606,1456.8,475.0,633.0,0.0
20250716,EC2508,2153.0,11206.0,18747.0,-1.7882807686397997
20250716,EC2510,1598.1,96528.0,50478.0,0.5755802528789705
20250716,EC2512,1759.0,9411.0,7652.0,-1.103897821725771
20250716,EC2602,1463.4,1594.0,3573.0,-0.7996656766045487
20250716,EC2604,1280.8,3234.0,5200.0,0.6257886909476191
20250716,EC2606,1421.6,419.0,637.0,0.0
20250717,EC2508,2164.5,5957.0,16587.0,-1.8836525661165864
20250717,EC2510,1581.3,64589.0,50025.0,0.629772179390514
20250717,EC2512,1756.3,6850.0,7885.0,-1.003939690706296
20250717,EC2602,1485.7,979.0,3693.0,-0.7597353284004443
20250717,EC2604,1309.0,1777.0,5234.0,0.5392704694485415
20250717,EC2606,1432.1,305.0,667.0,0.0
20250718,EC2508,2265.9,8649.0,14916.0,0.0
20250718,EC2510,1613.0,68673.0,51371.0,0.6280699436130174
20250718,EC2512,1791.0,7780.0,8054.0,-1.083486173044978
20250718,EC2602,1495.1,1098.0,3751.0,-0.7047922896744034
20250718,EC2604,1329.4,2111.0,5189.0,0.4932266745962173
20250718,EC2606,1443.3,238.0,692.0,0.0
20250721,EC2508,2291.9,7390.0,14037.0,0.0
20250721,EC2510,1592.7,69273.0,51185.0,0.5383079587623364
20250721,EC2512,1742.2,7755.0,8114.0,-0.952749559951305
20250721,EC2602,1486.4,1387.0,3917.0,-0.6355727457457856
20250721,EC2604,1337.0,2635.0,5551.0,0.4619324541049707
20250721,EC2606,1444.0,305.0,733.0,0.0
20250722,EC2508,2249.7,7001.0,12393.0,0.0
20250722,EC2510,1548.0,66658.0,51734.0,0.5926144338273315
20250722,EC2512,1708.7,7398.0,8533.0,-0.9417240277585924
20250722,EC2602,1460.5,1149.0,3982.0,-0.607791797270847
20250722,EC2604,1319.8,1852.0,5538.0,0.605737354518365
20250722,EC2606,1460.0,212.0,779.0,0.0
20250723,EC2508,2239.7,5566.0,11039.0,0.0
20250723,EC2510,1537.0,59535.0,50131.0,0.6111242992611665
20250723,EC2512,1701.8,5752.0,8446.0,-0.8488225025273675
20250723,EC2602,1477.3,1249.0,4094.0,-0.6573518389836531
20250723,EC2604,1324.0,1802.0,5800.0,0.6227297002156352
20250723,EC2606,1468.8,304.0,807.0,0.0
20250724,EC2508,2244.9,3037.0,9684.0,0.0
20250724,EC2510,1583.9,65187.0,50586.0,0.7000021371859952
20250724,EC2512,1779.9,8181.0,8741.0,-0.7823885310890991
20250724,EC2602,1562.3,2391.0,4327.0,-0.7357642145414529
20250724,EC2604,1382.0,2581.0,5513.0,0.5191370105789613
20250724,EC2606,1506.9,301.0,841.0,0.0
20250725,EC2508,2212.6,2353.0,8358.0,0.0
20250725,EC2510,1527.5,42756.0,49977.0,0.7128489064297733
20250725,EC2512,1720.2,4428.0,8520.0,-0.7471200825583921
20250725,EC2602,1518.8,1641.0,4479.0,-0.6551197813627051
20250725,EC2604,1361.7,1812.0,5525.0,0.6519585589502732
20250725,EC2606,1518.0,264.0,788.0,0.0
20250728,EC2508,2183.2,2525.0,7369.0,0.0
20250728,EC2510,1502.8,56014.0,50694.0,0.8717394642317502
20250728,EC2512,1737.8,6830.0,8599.0,-0.721130334509939
20250728,EC2602,1541.0,2813.0,4456.0,-0.7057248989876708
20250728,EC2604,1370.0,2340.0,5242.0,0.5182714404320538
20250728,EC2606,1493.6,323.0,832.0,0.0
20250729,EC2508,2111.0,3024.0,5926.0,0.0
20250729,EC2510,1460.0,41659.0,50726.0,1.0354258660714646
20250729,EC2512,1735.0,4024.0,8131.0,-0.7886530854712595
20250729,EC2602,1521.3,1018.0,4328.0,-0.6285269558814749
20250729,EC2604,1370.0,788.0,5107.0,0.5634942658230149
20250729,EC2606,1504.9,148.0,762.0,0.0
20250730,EC2508,2139.0,1302.0,5597.0,0.0
20250730,EC2510,1468.7,66330.0,54874.0,1.0101442263931242
20250730,EC2512,1738.0,5748.0,8505.0,-0.756965733148804
20250730,EC2602,1532.0,1400.0,4301.0,-0.6004801384873757
20250730,EC2604,1386.1,1782.0,5267.0,0.5303591906993943
20250730,EC2606,1514.2,153.0,776.0,0.0
20250731,EC2508,2121.6,1412.0,4873.0,0.0
20250731,EC2510,1425.1,46302.0,51818.0,1.031079382409242
20250731,EC2512,1692.3,4677.0,8460.0,-0.7852549127285395
20250731,EC2602,1484.7,1420.0,4224.0,-0.6868784896814344
20250731,EC2604,1324.1,2064.0,5083.0,0.5964859005618024
20250731,EC2606,1462.5,307.0,808.0,0.0
20250801,EC2508,2126.5,672.0,4465.0,0.0
20250801,EC2510,1424.0,35717.0,52376.0,1.0360669612439488
20250801,EC2512,1692.4,3631.0,8440.0,-0.7642291194384461
20250801,EC2602,1490.0,810.0,4142.0,-0.7041819631150935
20250801,EC2604,1325.0,903.0,5112.0,0.6030662405216677
20250801,EC2606,1465.1,92.0,795.0,0.0
20250804,EC2508,2122.3,480.0,4367.0,0.0
20250804,EC2510,1421.8,30268.0,51053.0,0.9912123708073496
20250804,EC2512,1677.2,3568.0,8387.0,-0.790363742139722
20250804,EC2602,1470.2,684.0,4139.0,-0.6689144255524085
20250804,EC2604,1315.1,742.0,5146.0,0.5991318779947661
20250804,EC2606,1453.2,98.0,795.0,0.0
20250805,EC2508,2088.8,704.0,3946.0,0.0
20250805,EC2510,1413.0,30602.0,52108.0,1.0758554367804798
20250805,EC2512,1690.5,2776.0,8208.0,-0.7478326848056274
20250805,EC2602,1492.4,718.0,4116.0,-0.6867301377113473
20250805,EC2604,1331.0,754.0,5195.0,0.6025182290130451
20250805,EC2606,1471.6,83.0,789.0,0.0
20250806,EC2508,2071.3,418.0,3700.0,0.0
20250806,EC2510,1420.1,48555.0,54361.0,1.258129058622941
20250806,EC2512,1751.4,10672.0,9581.0,-0.89261700553645
20250806,EC2602,1509.3,1855.0,4121.0,-0.7066982139383011
20250806,EC2604,1341.6,2135.0,5438.0,0.6680128461165467
20250806,EC2606,1499.6,239.0,819.0,0.0
20250807,EC2508,2072.7,216.0,3579.0,0.0
20250807,EC2510,1420.4,26142.0,53596.0,1.2971509073379752
20250807,EC2512,1763.2,4400.0,9760.0,-0.9484301781489825
20250807,EC2602,1505.4,852.0,4179.0,-0.6679634118810739
20250807,EC2604,1346.8,499.0,5369.0,0.5982091686367067
20250807,EC2606,1488.0,104.0,808.0,0.0
20250808,EC2508,2071.0,273.0,3432.0,0.0
20250808,EC2510,1436.0,56447.0,56602.0,1.2207140305441675
20250808,EC2512,1760.0,6068.0,10276.0,-0.8387080194369256
20250808,EC2602,1530.4,1105.0,4135.0,-0.739228739731531
20250808,EC2604,1353.0,1290.0,5403.0,0.5807237096840283
20250808,EC2606,1490.5,142.0,800.0,0.0
20250811,EC2508,2080.0,242.0,3330.0,0.0
20250811,EC2510,1408.8,44961.0,56688.0,1.3012650584133802
20250811,EC2512,1750.0,5774.0,10238.0,-0.8568910209810767
20250811,EC2602,1517.1,1471.0,4202.0,-0.7228857415472603
20250811,EC2604,1344.9,822.0,5295.0,0.6432614557577239
20250811,EC2606,1497.1,136.0,770.0,0.0
20250812,EC2508,2082.0,518.0,2856.0,0.0
20250812,EC2510,1417.6,36023.0,55954.0,1.2364114653697895
20250812,EC2512,1742.0,7001.0,10464.0,-0.7864451261158936
20250812,EC2602,1528.0,1133.0,4189.0,-0.7431305897639444
20250812,EC2604,1350.0,877.0,5426.0,0.5601324511823651
20250812,EC2606,1482.1,68.0,767.0,0.0
20250813,EC2508,2083.0,329.0,2629.0,0.0
20250813,EC2510,1333.1,66391.0,60740.0,1.4590800943443123
20250813,EC2512,1700.1,8332.0,11515.0,-0.7995248187038759
20250813,EC2602,1488.0,1870.0,4459.0,-0.6798430809713786
20250813,EC2604,1328.6,1257.0,5551.0,0.619052287388937
20250813,EC2606,1473.0,126.0,828.0,0.0
20250814,EC2508,2083.9,92.0,2556.0,0.0
20250814,EC2510,1359.5,32077.0,56698.0,1.4227444332900356
20250814,EC2512,1723.3,6322.0,11131.0,-0.7476605623459829
20250814,EC2602,1521.4,1393.0,4424.0,-0.7841980303731055
20250814,EC2604,1335.0,1327.0,5459.0,0.6791694899426217
20250814,EC2606,1495.0,107.0,835.0,0.0
20250815,EC2508,2083.8,82.0,2506.0,0.0
20250815,EC2510,1373.6,31099.0,54859.0,1.4974912368876274
20250815,EC2512,1763.0,6018.0,11324.0,-0.8501028640206152
20250815,EC2602,1530.1,1011.0,4438.0,-0.8319091237645995
20250815,EC2604,1332.0,1068.0,5549.0,0.6624917179167026
20250815,EC2606,1487.5,93.0,822.0,0.0
20250818,EC2508,2088.2,250.0,2452.0,0.0
20250818,EC2510,1373.1,28103.0,53182.0,1.5898623041739404
20250818,EC2512,1789.7,6293.0,11796.0,-0.9097809514649088
20250818,EC2602,1537.9,1319.0,4449.0,-0.8669238603045977
20250818,EC2604,1331.0,1005.0,5566.0,0.6967726533621419
20250818,EC2606,1494.9,215.0,847.0,0.0
20250819,EC2508,2127.3,407.0,2297.0,0.0
20250819,EC2510,1370.3,27284.0,52799.0,1.5526243737441647
20250819,EC2512,1775.0,5172.0,11860.0,-0.8700569370943079
20250819,EC2602,1535.4,636.0,4366.0,-0.8928807920725974
20250819,EC2604,1323.1,790.0,5607.0,0.7220465153343425
20250819,EC2606,1492.3,86.0,844.0,0.0
20250820,EC2508,2123.0,163.0,2169.0,0.0
20250820,EC2510,1355.0,27498.0,51727.0,1.62303529408049
20250820,EC2512,1775.9,4998.0,11610.0,-0.886399592160078
20250820,EC2602,1532.0,771.0,4368.0,-0.9196192008754452
20250820,EC2604,1314.3,697.0,5627.0,0.7124272996211894
20250820,EC2606,1480.0,83.0,865.0,0.0
20250821,EC2508,2125.0,156.0,2060.0,0.0
20250821,EC2510,1325.0,35008.0,54293.0,1.5703527227703096
20250821,EC2512,1721.4,7519.0,12209.0,-0.7742608705621097
20250821,EC2602,1513.0,1211.0,4403.0,-0.9590393308017388
20250821,EC2604,1289.5,1160.0,5716.0,0.7864552760911261
20250821,EC2606,1470.1,95.0,859.0,0.0
20250822,EC2508,2127.7,120.0,1968.0,0.0
20250822,EC2510,1309.0,25350.0,54255.0,1.429660475080191
20250822,EC2512,1661.2,8311.0,13295.0,-0.7541099418325847
20250822,EC2602,1465.0,1372.0,4455.0,-0.8830707320468872
20250822,EC2604,1264.5,1364.0,5836.0,0.7379859428635991
20250822,EC2606,1430.0,203.0,879.0,0.0
20250825,EC2508,2136.0,138.0,1877.0,0.0
20250825,EC2510,1358.0,39234.0,54357.0,1.3360329535815143
20250825,EC2512,1696.7,7289.0,13515.0,-0.7517333107662223
20250825,EC2602,1496.9,1070.0,4497.0,-0.9204965860277016
20250825,EC2604,1284.0,1248.0,5803.0,0.7116805683869417
20250825,EC2606,1445.7,140.0,857.0,0.0
20250826,EC2510,1318.9,25779.0,54409.0,1.321640470101753
20250826,EC2512,1643.9,6599.0,13870.0,-0.6737122238013853
20250826,EC2602,1469.3,788.0,4504.0,-0.8599873548858055
20250826,EC2604,1273.1,711.0,5936.0,0.6408285795115357
20250826,EC2606,1416.6,146.0,868.0,0.8341872377696529
20250826,EC2608,1627.9,201.0,152.0,0.0
20250827,EC2510,1316.0,18011.0,53725.0,1.2488274641780377
20250827,EC2512,1620.5,5472.0,14317.0,-0.7052173723191351
20250827,EC2602,1440.8,771.0,4558.0,-0.858092547963144
20250827,EC2604,1248.8,974.0,6242.0,0.7101138548189876
20250827,EC2606,1405.7,88.0,873.0,0.7316397808161643
20250827,EC2608,1588.0,108.0,187.0,0.0
20250828,EC2510,1285.0,25330.0,54248.0,1.2057218455578065
20250828,EC2512,1571.0,8009.0,16197.0,-0.6914407359136274
20250828,EC2602,1400.0,1273.0,4668.0,-0.8454327184634263
20250828,EC2604,1216.0,1811.0,6667.0,0.7329564615370936
20250828,EC2606,1374.0,194.0,872.0,0.8275495753270645
20250828,EC2608,1577.2,104.0,226.0,0.0
20250829,EC2510,1261.0,25228.0,53260.0,1.287060224726016
20250829,EC2512,1562.7,7111.0,17323.0,-0.6250428989759381
20250829,EC2602,1408.1,570.0,4689.0,-0.937558561894122
20250829,EC2604,1204.4,1350.0,7136.0,0.7996313619819424
20250829,EC2606,1376.1,89.0,867.0,0.7564393814651765
20250829,EC2608,1561.0,53.0,256.0,0.0
20250901,EC2510,1291.4,29155.0,52271.0,1.4371078235324275
20250901,EC2512,1640.9,11198.0,16495.0,-0.6955105278029889
20250901,EC2602,1461.3,1540.0,4846.0,-0.9765870632988856
20250901,EC2604,1241.8,1721.0,7069.0,0.8403780164402125
20250901,EC2606,1428.5,174.0,890.0,0.6881419558910444
20250901,EC2608,1602.1,113.0,274.0,0.0
20250902,EC2510,1340.7,77948.0,54157.0,1.5417037231053752
20250902,EC2512,1733.5,28247.0,16673.0,-0.6709382469829773
20250902,EC2602,1550.1,7124.0,5599.0,-1.3059538437522482
20250902,EC2604,1246.9,3304.0,7199.0,0.8593107706009881
20250902,EC2606,1438.9,715.0,969.0,0.6483619315575351
20250902,EC2608,1603.1,153.0,298.0,0.0
20250903,EC2510,1323.0,25510.0,51946.0,1.5085919955871363
20250903,EC2512,1701.2,11595.0,16386.0,-0.6207310887136617
20250903,EC2602,1534.0,2281.0,5775.0,-1.2039807135648064
20250903,EC2604,1255.1,1005.0,7297.0,0.8291487610674927
20250903,EC2606,1441.1,105.0,958.0,0.663101165367282
20250903,EC2608,1609.5,38.0,303.0,0.0
20250904,EC2510,1300.7,25760.0,49963.0,1.5210445258339995
20250904,EC2512,1676.0,9231.0,16447.0,-0.5913317778348245
20250904,EC2602,1518.7,1479.0,5653.0,-1.1788362303572302
20250904,EC2604,1247.8,645.0,7306.0,0.872053674583109
20250904,EC2606,1443.0,87.0,943.0,0.6473621220284838
20250904,EC2608,1607.4,42.0,301.0,0.0
20250905,EC2510,1315.3,23721.0,48765.0,1.5941885830079543
20250905,EC2512,1715.6,9362.0,16225.0,-0.6400955911167034
20250905,EC2602,1542.0,1401.0,5640.0,-1.212763781612677
20250905,EC2604,1259.8,652.0,7240.0,0.8333097135559304
20250905,EC2606,1447.5,96.0,921.0,0.6740476482651345
20250905,EC2608,1619.6,45.0,314.0,0.0
20250908,EC2510,1283.0,21595.0,47496.0,1.5529236647985418
20250908,EC2512,1662.0,6392.0,16250.0,-0.5532617776256868
20250908,EC2602,1515.6,1090.0,5589.0,-1.1656147812904365
20250908,EC2604,1248.0,467.0,7230.0,0.8092358411138201
20250908,EC2606,1428.2,62.0,920.0,0.7189156131809936
20250908,EC2608,1610.0,61.0,330.0,0.0
20250909,EC2510,1268.7,22434.0,47206.0,1.69515444943485
20250909,EC2512,1682.9,9455.0,16879.0,-0.5817093135884635
20250909,EC2602,1527.4,1765.0,5919.0,-1.1704662349991093
20250909,EC2604,1256.7,920.0,7490.0,0.7939627128019238
20250909,EC2606,1434.5,49.0,914.0,0.6850488859049534
20250909,EC2608,1608.0,31.0,334.0,0.0
20250910,EC2510,1267.4,15226.0,47320.0,1.6694904849600234
20250910,EC2512,1674.0,8134.0,17608.0,-0.5632650888169739
20250910,EC2602,1524.0,895.0,5942.0,-1.2084002213951592
20250910,EC2604,1246.0,447.0,7512.0,0.8844561937786497
20250910,EC2606,1443.9,100.0,957.0,0.6159350595041949
20250910,EC2608,1600.0,43.0,351.0,0.0
20250911,EC2510,1203.8,32766.0,49507.0,1.7411507781086044
20250911,EC2512,1609.1,10045.0,19025.0,-0.4316684740111172
20250911,EC2602,1497.4,1268.0,6001.0,-1.1220437238189649
20250911,EC2604,1242.0,919.0,7791.0,0.8482257190851554
20250911,EC2606,1430.6,67.0,963.0,0.6526787972679688
20250911,EC2608,1595.0,42.0,360.0,0.0
20250912,EC2510,1157.6,27358.0,47611.0,1.9800569912916377
20250912,EC2512,1610.2,9853.0,19637.0,-0.4221605736835214
20250912,EC2602,1500.8,1680.0,6327.0,-1.1919538770034837
20250912,EC2604,1230.4,966.0,7993.0,0.8196295901440285
20250912,EC2606,1410.5,155.0,997.0,0.70438180324301
20250912,EC2608,1586.2,133.0,429.0,0.0
20250915,EC2510,1163.1,17803.0,47772.0,0.0
20250915,EC2512,1656.2,10786.0,19598.0,-0.5271422580118383
20250915,EC2602,1516.9,1953.0,6330.0,-1.142460506406807
20250915,EC2604,1253.9,750.0,8066.0,0.7964612369008108
20250915,EC2606,1431.9,79.0,994.0,0.6798673550088157
20250915,EC2608,1603.7,36.0,429.0,0.0
20250916,EC2510,1169.7,32616.0,47517.0,0.0
20250916,EC2512,1673.8,19037.0,19759.0,-0.3761051124078327
20250916,EC2602,1572.1,3738.0,6719.0,-1.2159946326395237
20250916,EC2604,1283.7,1674.0,8233.0,0.8196222668384298
20250916,EC2606,1471.6,187.0,957.0,0.5982675862253407
20250916,EC2608,1625.9,136.0,444.0,0.0
20250917,EC2510,1109.7,43546.0,49609.0,0.0
20250917,EC2512,1672.0,16859.0,20437.0,-0.3441326991357296
20250917,EC2602,1578.8,3152.0,7105.0,-1.2354380787562314
20250917,EC2604,1285.0,1492.0,8334.0,0.8017136245829795
20250917,EC2606,1468.7,121.0,924.0,0.5760562730864633
20250917,EC2608,1616.7,38.0,439.0,0.0
20250918,EC2510,1105.9,19585.0,47173.0,0.0
20250918,EC2512,1645.3,9304.0,20570.0,-0.296005715521297
20250918,EC2602,1566.1,1549.0,7215.0,-1.3277611803213918
20250918,EC2604,1255.2,1289.0,8534.0,0.8800771114806463
20250918,EC2606,1453.5,68.0,936.0,0.6161665565862169
20250918,EC2608,1610.7,36.0,439.0,0.0
20250919,EC2510,1050.5,33110.0,47715.0,0.0
20250919,EC2512,1630.0,11583.0,22080.0,-0.2537574731415086
20250919,EC2602,1562.5,2298.0,7276.0,-1.3388613078852585
20250919,EC2604,1250.0,1293.0,8841.0,0.845246201278686
20250919,EC2606,1439.1,132.0,988.0,0.616758720915484
20250919,EC2608,1594.9,116.0,497.0,0.0
20251027,EC2510,1130.9,1377.0,3428.0,0.0
20251027,EC2512,1775.0,27748.0,27995.0,0.0
20251027,EC2602,1571.6,6174.0,13138.0,0.0
20251027,EC2604,1178.8,2045.0,14146.0,0.0
20251027,EC2606,1387.1,109.0,1371.0,0.0
20251027,EC2608,1480.3,138.0,1249.0,0.0
20251028,EC2512,1788.3,26019.0,28900.0,0.0
20251028,EC2602,1548.7,6213.0,13910.0,0.0
20251028,EC2604,1162.7,2279.0,14279.0,0.0
20251028,EC2606,1374.0,154.0,1402.0,0.0
20251028,EC2608,1482.0,173.0,1313.0,0.0
20251028,EC2610,1127.1,697.0,579.0,0.0
20251029,EC2512,1871.0,34539.0,31906.0,0.0
20251029,EC2602,1606.0,8665.0,15885.0,0.0
20251029,EC2604,1194.4,2935.0,14394.0,0.0
20251029,EC2606,1422.9,155.0,1410.0,0.0
20251029,EC2608,1521.3,133.0,1300.0,0.0
20251029,EC2610,1139.7,494.0,912.0,0.0
20251030,EC2512,1843.8,17598.0,30114.0,0.0
20251030,EC2602,1583.0,4555.0,16233.0,0.0
20251030,EC2604,1175.9,1891.0,14460.0,0.0
20251030,EC2606,1403.3,96.0,1411.0,0.0
20251030,EC2608,1487.5,119.0,1324.0,0.0
20251030,EC2610,1132.5,388.0,1062.0,0.0
20251031,EC2512,1804.0,59519.0,31365.0,0.0
20251031,EC2602,1553.6,11387.0,18455.0,0.0
20251031,EC2604,1161.1,4119.0,14910.0,0.0
20251031,EC2606,1379.6,366.0,1521.0,0.0
20251031,EC2608,1471.1,226.0,1352.0,0.0
20251031,EC2610,1132.0,442.0,1280.0,0.0
20251103,EC2512,1851.7,18824.0,29320.0,0.0
20251103,EC2602,1592.2,5040.0,18781.0,0.0
20251103,EC2604,1184.4,2233.0,14507.0,0.0
20251103,EC2606,1400.8,274.0,1490.0,0.0
20251103,EC2608,1483.5,102.0,1342.0,0.0
20251103,EC2610,1139.3,176.0,1266.0,0.0
20251104,EC2512,1909.9,29673.0,30915.0,0.0
20251104,EC2602,1593.7,5808.0,19690.0,0.0
20251104,EC2604,1190.0,1899.0,14356.0,0.0
20251104,EC2606,1411.0,96.0,1485.0,0.0
20251104,EC2608,1485.0,49.0,1336.0,0.0
20251104,EC2610,1135.0,92.0,1241.0,0.0
20251105,EC2512,1946.0,41194.0,34072.0,0.0
20251105,EC2602,1652.0,10414.0,22352.0,0.0
20251105,EC2604,1199.6,2144.0,14537.0,0.0
20251105,EC2606,1426.1,210.0,1464.0,0.0
20251105,EC2608,1497.1,83.0,1337.0,0.0
20251105,EC2610,1142.8,124.0,1276.0,0.0
20251106,EC2512,1848.2,35518.0,28412.0,0.0
20251106,EC2602,1601.0,9591.0,22625.0,0.0
20251106,EC2604,1178.0,2051.0,14208.0,0.0
20251106,EC2606,1414.2,132.0,1455.0,0.0
20251106,EC2608,1484.0,120.0,1306.0,0.0
20251106,EC2610,1140.0,269.0,1432.0,0.0
20251107,EC2512,1812.0,17121.0,25887.0,0.0
20251107,EC2602,1592.0,5303.0,22939.0,0.0
20251107,EC2604,1164.6,1193.0,14330.0,0.0
20251107,EC2606,1376.1,74.0,1452.0,0.0
20251107,EC2608,1499.2,59.0,1311.0,0.0
20251107,EC2610,1133.4,154.0,1464.0,0.0
20251110,EC2512,1778.2,20403.0,26680.0,0.0
20251110,EC2602,1604.9,6677.0,24696.0,0.0
20251110,EC2604,1166.1,1652.0,14451.0,0.0
20251110,EC2606,1395.2,69.0,1446.0,0.0
20251110,EC2608,1495.2,81.0,1286.0,0.0
20251110,EC2610,1134.1,159.0,1485.0,0.0
20251111,EC2512,1746.1,32249.0,25205.0,0.0
20251111,EC2602,1690.5,30129.0,29350.0,0.0
20251111,EC2604,1187.8,6987.0,14730.0,0.0
20251111,EC2606,1423.9,396.0,1423.0,0.0
20251111,EC2608,1545.0,338.0,1213.0,0.0
20251111,EC2610,1137.5,348.0,1607.0,0.0
20251112,EC2512,1749.4,22970.0,21157.0,-0.0085972333371441
20251112,EC2602,1636.6,27879.0,32901.0,-1.70328730294513
20251112,EC2604,1172.0,5188.0,15483.0,0.9865187713310588
20251112,EC2606,1364.7,532.0,1567.0,0.472191690481424
20251112,EC2608,1472.1,336.0,1208.0,-1.394742205013246
20251112,EC2610,1129.9,609.0,1833.0,0.0
20251113,EC2512,1782.3,14809.0,16442.0,0.0
20251113,EC2602,1632.0,24246.0,37284.0,0.0
20251113,EC2604,1170.3,2076.0,15421.0,0.0
20251113,EC2606,1380.7,272.0,1623.0,0.0
20251113,EC2608,1483.1,104.0,1195.0,0.0
20251113,EC2610,1111.1,464.0,2090.0,0.0
20251114,EC2512,1790.0,6881.0,14520.0,0.0
20251114,EC2602,1605.0,20006.0,38043.0,0.0
20251114,EC2604,1157.7,2180.0,15618.0,0.0
20251114,EC2606,1377.9,130.0,1624.0,0.0
20251114,EC2608,1486.7,65.0,1196.0,0.0
20251114,EC2610,1103.5,381.0,2292.0,0.0
20251117,EC2512,1792.3,7097.0,12086.0,-0.004932210009485013
20251117,EC2602,1726.0,44502.0,38880.0,-1.8712630359212052
20251117,EC2604,1187.7,4647.0,16182.0,1.0921949987370545
20251117,EC2606,1403.9,350.0,1621.0,0.500890376807464
20251117,EC2608,1521.1,224.0,1173.0,-1.5900335283676283
20251117,EC2610,1118.0,345.0,2404.0,0.0
20251118,EC2512,1769.5,5750.0,10432.0,-0.0068870679099557325
20251118,EC2602,1678.1,29150.0,38860.0,-1.7823729217567486
20251118,EC2604,1179.6,2737.0,16145.0,1.044760935910479
20251118,EC2606,1385.0,143.0,1585.0,0.5397833935018053
20251118,EC2608,1509.6,74.0,1161.0,-1.5802861685214626
20251118,EC2610,1112.0,183.0,2455.0,0.0
20251119,EC2512,1763.3,2452.0,9568.0,-0.009315866084425044
20251119,EC2602,1640.1,18687.0,40244.0,-1.7464788732394365
20251119,EC2604,1162.7,2358.0,15944.0,1.1316762707491184
20251119,EC2606,1382.0,92.0,1582.0,0.4693198263386398
20251119,EC2608,1490.1,118.0,1212.0,-1.530501308637004
20251119,EC2610,1110.0,264.0,2520.0,0.0
20251120,EC2512,1775.7,4067.0,8060.0,-0.010865198700981777
20251120,EC2602,1631.0,32775.0,42029.0,-1.7216431637032492
20251120,EC2604,1163.0,3097.0,16014.0,1.1251934651762672
20251120,EC2606,1381.1,218.0,1575.0,0.538266599087684
20251120,EC2608,1505.0,92.0,1224.0,-1.5787375415282394
20251120,EC2610,1109.0,382.0,2493.0,0.0
20251121,EC2512,1773.9,1997.0,7323.0,-0.016370708608151544
20251121,EC2602,1556.1,28701.0,43433.0,-1.6306149990360514
20251121,EC2604,1133.2,2776.0,15961.0,1.1478997529121067
20251121,EC2606,1350.0,275.0,1565.0,0.5524444444444438
20251121,EC2608,1474.3,246.0,1324.0,-1.5269619480431396
20251121,EC2610,1099.1,448.0,2597.0,0.0
20251124,EC2512,1779.7,1541.0,6862.0,-0.015815399599183388
20251124,EC2602,1568.6,17415.0,43333.0,-1.6313910493433637
20251124,EC2604,1142.1,1676.0,16096.0,1.1352771210927242
20251124,EC2606,1358.2,96.0,1534.0,0.5738477396554256
20251124,EC2608,1488.1,105.0,1325.0,-1.5244943216181706
20251124,EC2610,1110.0,432.0,2491.0,0.0
20251125,EC2512,1650.0,6884.0,6454.0,-0.015878787878787885
20251125,EC2602,1453.5,51412.0,48279.0,-1.3502579979360163
20251125,EC2604,1126.4,5004.0,17016.0,1.1271306818181812
20251125,EC2606,1338.0,272.0,1629.0,0.565022421524664
20251125,EC2608,1464.0,171.0,1399.0,-1.4590163934426232
20251125,EC2610,1108.0,563.0,2556.0,0.0
20251126,EC2512,1622.4,2345.0,5534.0,-0.019312952005259704
20251126,EC2602,1387.4,38063.0,44057.0,-1.3631252702897505
20251126,EC2604,1072.2,6718.0,17998.0,1.0061555679910463
20251126,EC2606,1252.0,932.0,1986.0,0.6426517571884975
20251126,EC2608,1386.1,595.0,1618.0,-1.4297669720799362
20251126,EC2610,1055.8,1074.0,3089.0,0.0
20251127,EC2512,1612.9,1493.0,5232.0,-0.018616570566474464
20251127,EC2602,1387.7,24978.0,42968.0,-1.4402248324565836
20251127,EC2604,1054.6,5766.0,18701.0,0.770908401289589
20251127,EC2606,1190.1,719.0,2186.0,0.6085202924124027
20251127,EC2608,1310.8,433.0,1650.0,-1.3667989014342383
20251127,EC2610,1012.2,1174.0,3700.0,0.0
20251128,EC2512,1631.1,1737.0,4501.0,-0.013013712627470206
20251128,EC2602,1471.9,41467.0,40111.0,-1.6293226442013724
20251128,EC2604,1072.2,7369.0,18743.0,0.8002238388360383
20251128,EC2606,1215.2,519.0,2254.0,0.611257406188281
20251128,EC2608,1339.0,257.0,1630.0,-1.4249439880507841
20251128,EC2610,1021.0,954.0,3975.0,0.0
20251201,EC2512,1636.7,705.0,4286.0,-0.011747214924339626
20251201,EC2602,1492.5,26585.0,38244.0,-1.6663316582914574
20251201,EC2604,1078.0,4192.0,18614.0,0.8849721706864568
20251201,EC2606,1237.0,278.0,2170.0,0.5830234438156832
20251201,EC2608,1357.2,102.0,1622.0,-1.4323607427055702
20251201,EC2610,1033.2,441.0,3889.0,0.0
20251202,EC2512,1633.6,569.0,4029.0,-0.008112961149200126
20251202,EC2602,1534.2,24662.0,36362.0,-1.807195932733673
20251202,EC2604,1072.1,3324.0,19153.0,0.9015950004663749
20251202,EC2606,1233.2,126.0,2154.0,0.6894258838793386
20251202,EC2608,1374.9,95.0,1595.0,-1.4937813659175216
20251202,EC2610,1032.6,269.0,3946.0,0.0
20251203,EC2512,1653.5,523.0,3813.0,-0.009144239491986698
20251203,EC2602,1540.1,22299.0,35008.0,-1.7804038698785793
20251203,EC2604,1083.1,3303.0,18997.0,0.9494968146985507
20251203,EC2606,1254.5,381.0,2167.0,0.6007174172977279
20251203,EC2608,1380.1,247.0,1577.0,-1.4690239837692913
20251203,EC2610,1042.2,395.0,3889.0,0.0
20251204,EC2512,1649.1,270.0,3731.0,-0.005182624866088566
20251204,EC2602,1585.0,27304.0,34222.0,-1.8734384858044169
20251204,EC2604,1090.1,2881.0,19129.0,0.9081735620585265
20251204,EC2606,1255.1,178.0,2141.0,0.623854672934427
20251204,EC2608,1385.6,125.0,1549.0,-1.4956697459584292
20251204,EC2610,1040.2,297.0,3961.0,0.0
20251205,EC2512,1658.6,443.0,3500.0,-0.003914948350014047
20251205,EC2602,1609.9,37284.0,32215.0,-1.9268277532766012
20251205,EC2604,1092.9,4598.0,19350.0,0.8762009332967327
20251205,EC2606,1252.5,189.0,2108.0,0.5489820359281428
20251205,EC2608,1367.1,88.0,1559.0,-1.4355935922756193
20251205,EC2610,1040.0,406.0,3976.0,0.0
20251208,EC2512,1669.8,330.0,3394.0,-0.00435181858106759
20251208,EC2602,1615.3,19294.0,31466.0,-1.996904599764749
20251208,EC2604,1077.7,3125.0,19613.0,0.7772107265472754
20251208,EC2606,1217.3,357.0,2197.0,0.6836441304526408
20251208,EC2608,1356.0,159.0,1598.0,-1.450442477876106
20251208,EC2610,1028.2,351.0,4071.0,0.0
20251209,EC2512,1664.7,451.0,3283.0,-0.003596243567409552
20251209,EC2602,1619.8,19042.0,30713.0,-2.0232127423138664
20251209,EC2604,1073.6,2762.0,19378.0,0.813152011922504
20251209,EC2606,1219.1,444.0,2335.0,0.7914034943811012
20251209,EC2608,1379.9,138.0,1574.0,-1.5679397057757811
20251209,EC2610,1019.3,398.0,4201.0,0.0
20251210,EC2512,1655.1,321.0,3169.0,0.0008136467081545954
20251210,EC2602,1665.2,35894.0,31382.0,-2.106053326927696
20251210,EC2604,1080.7,3703.0,19219.0,0.804478578698991
20251210,EC2606,1225.6,380.0,2274.0,0.7504895561357712
20251210,EC2608,1378.9,170.0,1549.0,-1.5399231271303218
20251210,EC2610,1025.0,273.0,4207.0,0.0
20251211,EC2512,1653.1,241.0,3031.0,0.0028955699393059457
20251211,EC2602,1689.0,18659.0,31623.0,-2.11829484902309
20251211,EC2604,1092.7,2137.0,19277.0,0.7374393703669799
20251211,EC2606,1227.0,159.0,2296.0,0.7569682151589241
20251211,EC2608,1381.8,89.0,1551.0,-1.5640468953538857
20251211,EC2610,1021.6,259.0,4291.0,0.0
20251212,EC2512,1650.0,245.0,2947.0,0.002246464646464652
20251212,EC2602,1677.8,27001.0,31664.0,-2.04482059840267
20251212,EC2604,1106.0,10155.0,19930.0,0.8397830018083186
20251212,EC2606,1260.8,790.0,2355.0,0.8132931472081224
20251212,EC2608,1431.7,763.0,1555.0,-1.6834532374100721
20251212,EC2610,1030.0,813.0,4582.0,0.0
20251215,EC2512,1649.8,274.0,2724.0,0.007774679759162743
20251215,EC2602,1746.0,28275.0,33065.0,-2.04914089347079
20251215,EC2604,1149.7,7432.0,19657.0,0.8193441767417591
20251215,EC2606,1306.7,679.0,2335.0,0.7952858345450373
20251215,EC2608,1479.9,402.0,1441.0,-1.7275491587269414
20251215,EC2610,1053.8,1000.0,4739.0,0.0
20251216,EC2512,1631.5,212.0,2566.0,0.004519358463581557
20251216,EC2602,1686.8,27798.0,32483.0,-2.0420915342660657
20251216,EC2604,1112.7,7161.0,19928.0,0.9560528444324619
20251216,EC2606,1290.0,279.0,2305.0,0.8018604651162788
20251216,EC2608,1462.4,216.0,1351.0,-1.7281181619256016
20251216,EC2610,1041.2,641.0,4711.0,0.0
20251217,EC2512,1632.0,390.0,2218.0,0.005539215686274505
20251217,EC2602,1699.8,24199.0,31971.0,-2.0321214260501232
20251217,EC2604,1124.1,4585.0,19059.0,0.851881505204164
20251217,EC2606,1283.7,223.0,2306.0,0.7684038326711837
20251217,EC2608,1448.1,59.0,1325.0,-1.6693598508390302
20251217,EC2610,1045.2,417.0,4795.0,0.0
20251218,EC2512,1624.4,122.0,2143.0,0.003628006238200765
20251218,EC2602,1668.6,27023.0,31643.0,-2.01294498381877
20251218,EC2604,1108.8,3742.0,18692.0,0.8750000000000009
20251218,EC2606,1270.5,193.0,2272.0,0.8066115702479335
20251218,EC2608,1441.3,73.0,1316.0,-1.6614167765211958
20251218,EC2610,1042.2,386.0,4895.0,0.0
20251219,EC2512,1630.1,186.0,1983.0,0.007336973191828733
20251219,EC2602,1719.8,31624.0,31507.0,-2.0618676590301197
20251219,EC2604,1128.8,4225.0,18837.0,0.8478029766123312
20251219,EC2606,1288.3,437.0,2220.0,0.767988822479237
20251219,EC2608,1453.2,87.0,1288.0,-1.663501238645748
20251219,EC2610,1050.3,413.0,4935.0,0.0
20251222,EC2512,1631.0,100.0,1956.0,0.01968526466380543
20251222,EC2602,1871.8,52704.0,36510.0,-2.259856822310076
20251222,EC2604,1166.8,11708.0,20471.0,0.7877956804936579
20251222,EC2606,1320.0,587.0,2184.0,0.7554545454545458
20251222,EC2608,1486.2,256.0,1197.0,-1.7165926524020994
20251222,EC2610,1061.0,1449.0,5401.0,0.0
20251223,EC2512,1606.0,281.0,1890.0,0.01665421336654213
20251223,EC2602,1806.6,41660.0,35004.0,-2.1541016273663236
20251223,EC2604,1158.0,7754.0,20867.0,0.9000000000000008
20251223,EC2606,1331.7,372.0,2187.0,0.6681685064203648
20251223,EC2608,1480.0,141.0,1199.0,-1.7351351351351354
20251223,EC2610,1052.0,796.0,5603.0,0.0
20251224,EC2512,1605.9,139.0,1790.0,0.01576685970483839
20251224,EC2602,1795.8,23706.0,34316.0,-2.1075843635148677
20251224,EC2604,1165.0,5133.0,20990.0,0.7931330472103002
20251224,EC2606,1319.0,200.0,2145.0,0.7369219105382872
20251224,EC2608,1481.0,124.0,1193.0,-1.7416610398379475
20251224,EC2610,1051.1,651.0,5664.0,0.0
20251225,EC2512,1608.0,112.0,1714.0,0.015895522388059705
20251225,EC2602,1799.7,28762.0,34250.0,-2.117686281046841
20251225,EC2604,1164.5,6267.0,21254.0,0.8012022327179049
20251225,EC2606,1320.0,258.0,2126.0,0.8031818181818178
20251225,EC2608,1496.7,112.0,1181.0,-1.7546602525556227
20251225,EC2610,1059.0,811.0,5941.0,0.0
20251226,EC2512,1613.0,85.0,1675.0,0.017482951022938634
20251226,EC2602,1824.5,26553.0,31849.0,-2.2023568100849547
20251226,EC2604,1154.8,7478.0,21462.0,0.8385867682715626
20251226,EC2606,1316.2,734.0,2249.0,0.7745023552651569
20251226,EC2608,1486.1,62.0,1192.0,-1.763542157324541
20251226,EC2610,1049.3,939.0,6049.0,0.0
20251229,EC2512,1604.8,151.0,1695.0,0.018120638085742782
20251229,EC2602,1822.9,24389.0,30437.0,-2.1493225080915024
20251229,EC2604,1169.9,6762.0,21197.0,1.0467561330028206
20251229,EC2606,1374.0,984.0,2359.0,0.5401746724890826
20251229,EC2608,1497.7,110.0,1206.0,-1.774721239233491
20251229,EC2610,1054.7,850.0,6012.0,0.0
20251230,EC2602,1795.1,24777.0,27855.0,-2.122110188847418
20251230,EC2604,1160.2,7238.0,21241.0,1.084985347353904
20251230,EC2606,1370.0,856.0,2230.0,0.5697810218978101
20251230,EC2608,1500.1,86.0,1196.0,-1.776281581227918
20251230,EC2610,1056.0,643.0,6084.0,1.4318181818181812
20251230,EC2612,1308.0,96.0,56.0,0.0
20251231,EC2602,1801.3,21505.0,24130.0,-2.1161383445289514
20251231,EC2604,1166.0,4507.0,20919.0,1.0389365351629505
20251231,EC2606,1367.9,414.0,2152.0,0.5794283207836823
20251231,EC2608,1500.0,65.0,1195.0,-1.76
20251231,EC2610,1060.0,319.0,6024.0,1.3415094339622642
20251231,EC2612,1297.0,13.0,58.0,0.0
20260105,EC2602,1855.5,22903.0,26046.0,-2.126111560226354
20260105,EC2604,1198.0,8562.0,22629.0,0.956594323873122
20260105,EC2606,1389.0,500.0,2201.0,0.48941684665226726
20260105,EC2608,1502.3,127.0,1188.0,-1.6762297810024633
20260105,EC2610,1082.6,948.0,6055.0,1.270829484574174
20260105,EC2612,1311.9,21.0,48.0,0.0
20260106,EC2602,1872.7,21716.0,24996.0,-2.0790302771399585
20260106,EC2604,1223.8,10278.0,23930.0,0.9472135969929725
20260106,EC2606,1417.0,920.0,2326.0,0.49202540578687337
20260106,EC2608,1533.2,177.0,1192.0,-1.6745369162535875
20260106,EC2610,1105.3,1230.0,6184.0,1.1285623812539587
20260106,EC2612,1313.2,8.0,47.0,0.0
20260107,EC2602,1779.1,43604.0,21811.0,-2.0137147996177838
20260107,EC2604,1182.0,22083.0,26339.0,1.222842639593909
20260107,EC2606,1422.9,1686.0,2479.0,0.4642631246046802
20260107,EC2608,1533.0,253.0,1192.0,-1.6477495107632096
20260107,EC2610,1112.0,2276.0,6750.0,1.1665467625899284
20260107,EC2612,1328.2,12.0,54.0,0.0
20260108,EC2602,1706.0,27173.0,20008.0,-1.908675263774912
20260108,EC2604,1163.3,16470.0,27774.0,1.2982033869165308
20260108,EC2606,1415.0,929.0,2476.0,0.4766077738515899
20260108,EC2608,1527.4,225.0,1200.0,-1.658504648422155
20260108,EC2610,1105.2,1277.0,6619.0,1.2909880564603684
20260108,EC2612,1343.0,15.0,62.0,0.0
20260109,EC2602,1729.8,11327.0,17703.0,-2.030176899063475
20260109,EC2604,1144.5,13495.0,29021.0,1.4747051114023595
20260109,EC2606,1425.8,447.0,2505.0,0.420395567400758
20260109,EC2608,1525.7,75.0,1215.0,-1.6654650324441242
20260109,EC2610,1102.2,777.0,6662.0,1.3707131192161124
20260109,EC2612,1354.0,6.0,63.0,0.0
20260112,EC2602,1748.0,16668.0,13344.0,-1.6036613272311213
20260112,EC2604,1280.8,64695.0,37092.0,0.9570580886945663
20260112,EC2606,1485.1,3775.0,2936.0,0.3236145714093328
20260112,EC2608,1565.2,554.0,1451.0,-1.576284180935344
20260112,EC2610,1154.0,3191.0,7228.0,1.221317157712305
20260112,EC2612,1388.9,52.0,90.0,0.0
20260113,EC2602,1720.4,6210.0,11862.0,-1.8159730295280168
20260113,EC2604,1199.7,44098.0,38770.0,1.0692673168292064
20260113,EC2606,1413.5,2459.0,3264.0,0.49409267775026633
20260113,EC2608,1529.9,260.0,1359.0,-1.6569710438590757
20260113,EC2610,1107.4,1672.0,7446.0,1.4341701282282817
20260113,EC2612,1372.1,39.0,94.0,0.0
20260114,EC2602,1718.0,5642.0,10461.0,-1.7025611175785798
20260114,EC2604,1230.5,45075.0,40044.0,0.9440065014221859
20260114,EC2606,1424.1,1903.0,3130.0,0.45713081946492506
20260114,EC2608,1532.6,212.0,1306.0,-1.6231241028317889
20260114,EC2610,1118.0,1822.0,7625.0,1.246690518783542
20260114,EC2612,1350.3,21.0,99.0,0.0
20260115,EC2602,1719.0,2673.0,8878.0,-1.8020942408376963
20260115,EC2604,1202.7,40524.0,40832.0,1.093040658518333
20260115,EC2606,1421.8,2189.0,3048.0,0.435082290054861
20260115,EC2608,1524.9,153.0,1321.0,-1.6285658075939407
20260115,EC2610,1111.0,1331.0,7581.0,1.2961296129612956
20260115,EC2612,1351.0,42.0,104.0,0.0
20260116,EC2602,1710.5,2433.0,7578.0,-2.0678164279450453
20260116,EC2604,1121.0,49713.0,42632.0,1.0180196253345226
20260116,EC2606,1311.2,4137.0,3780.0,0.7065283709579004
20260116,EC2608,1465.6,448.0,1385.0,-1.6805403930131004
20260116,EC2610,1055.1,2150.0,7938.0,1.3357975547341496
20260116,EC2612,1290.0,65.0,120.0,0.0
20260119,EC2602,1714.3,1999.0,6439.0,-2.0373330222248147
20260119,EC2604,1132.2,30559.0,41888.0,0.9846316905140431
20260119,EC2606,1318.0,2329.0,4200.0,0.6418816388467374
20260119,EC2608,1459.0,121.0,1366.0,-1.6651130911583278
20260119,EC2610,1054.1,1410.0,8186.0,1.3996774499573106
20260119,EC2612,1300.0,40.0,122.0,0.0
20260120,EC2602,1710.0,1710.0,5575.0,-2.096140350877193
20260120,EC2604,1112.6,30586.0,41811.0,1.1044400503325553
20260120,EC2606,1317.4,2723.0,3927.0,0.6854410201912855
20260120,EC2608,1467.9,112.0,1351.0,-1.696300837931739
20260120,EC2610,1052.9,2144.0,8552.0,1.510684775382277
20260120,EC2612,1318.0,40.0,130.0,0.0
20260121,EC2602,1707.2,778.0,5106.0,-2.0296391752577323
20260121,EC2604,1129.7,22099.0,41299.0,1.318757192174914
20260121,EC2606,1378.0,3489.0,4057.0,0.470682148040638
20260121,EC2608,1486.1,161.0,1347.0,-1.660991857883049
20260121,EC2610,1074.7,1473.0,8347.0,1.4069042523494928
20260121,EC2612,1326.7,32.0,130.0,0.0
20260122,EC2602,1707.6,748.0,4681.0,-2.0024595924104003
20260122,EC2604,1137.7,19477.0,40770.0,1.3785708007383315
20260122,EC2606,1399.1,3227.0,4883.0,0.4258451861911232
20260122,EC2608,1498.4,128.0,1353.0,-1.6497597437266414
20260122,EC2610,1086.4,1037.0,8318.0,1.4558173784977897
20260122,EC2612,1350.0,33.0,128.0,0.0
20260123,EC2602,1717.7,532.0,4401.0,-2.0238691273214187
20260123,EC2604,1138.3,30781.0,41149.0,1.4474215936044983
20260123,EC2606,1412.9,4476.0,5791.0,0.35076792412768043
20260123,EC2608,1495.5,218.0,1343.0,-1.6148445336008024
20260123,EC2610,1093.0,1528.0,8370.0,1.347666971637695
20260123,EC2612,1338.5,53.0,121.0,0.0
20260126,EC2602,1726.7,565.0,4225.0,-1.829501360977587
20260126,EC2604,1200.2,43172.0,41690.0,1.2367938676887182
20260126,EC2606,1447.6,4483.0,7324.0,0.3166620613429125
20260126,EC2608,1524.0,614.0,1515.0,-1.6133858267716532
20260126,EC2610,1114.2,2148.0,8565.0,1.3963381798599883
20260126,EC2612,1373.5,38.0,124.0,0.0
20260127,EC2602,1717.5,984.0,3495.0,-1.8291703056768553
20260127,EC2604,1193.9,25043.0,38647.0,1.24784320294832
20260127,EC2606,1442.2,2566.0,7912.0,0.3586187768686724
20260127,EC2608,1528.4,248.0,1482.0,-1.634650615022246
20260127,EC2610,1112.0,1010.0,8511.0,1.417446043165468
20260127,EC2612,1374.7,23.0,123.0,0.0
20260128,EC2602,1719.0,370.0,3186.0,-1.710296684118674
20260128,EC2604,1229.0,38983.0,40146.0,1.2898291293734752
20260128,EC2606,1493.2,4954.0,9602.0,0.2716313956603269
20260128,EC2608,1560.8,577.0,1549.0,-1.6364684777037417
20260128,EC2610,1135.1,1747.0,8722.0,1.4166152761871205
20260128,EC2612,1403.1,129.0,135.0,0.0
20260129,EC2602,1717.5,432.0,2812.0,-1.6342358078602621
20260129,EC2604,1249.7,27481.0,39669.0,1.5666159878370802
20260129,EC2606,1576.0,6835.0,11306.0,0.2642131979695441
20260129,EC2608,1645.4,1154.0,1666.0,-1.802114987237146
20260129,EC2610,1151.2,2032.0,8933.0,1.3681375955524664
20260129,EC2612,1413.7,44.0,144.0,0.0
20260130,EC2602,1716.7,453.0,2551.0,-1.7115395817556944
20260130,EC2604,1227.0,25237.0,35881.0,1.5442542787286055
20260130,EC2606,1542.8,5606.0,12303.0,0.2496759139227378
20260130,EC2608,1607.0,694.0,1594.0,-1.808960796515246
20260130,EC2610,1122.5,2674.0,8134.0,1.6703786191536745
20260130,EC2612,1435.0,18.0,137.0,0.0
20260202,EC2602,1720.0,294.0,2339.0,-1.8676744186046514
20260202,EC2604,1184.6,32818.0,33806.0,1.6638527773087959
20260202,EC2606,1513.1,5944.0,12598.0,0.3759169916066356
20260202,EC2608,1607.9,1131.0,1450.0,-1.783319858200137
20260202,EC2610,1130.0,2504.0,7884.0,1.4601769911504427
20260202,EC2612,1405.0,40.0,121.0,0.0
20260203,EC2602,1737.8,612.0,1883.0,-1.7259753711589358
20260203,EC2604,1237.9,29296.0,34229.0,1.4337183940544462
20260203,EC2606,1533.7,3147.0,13458.0,0.25115733194236123
20260203,EC2608,1597.9,353.0,1479.0,-1.762187871581451
20260203,EC2610,1128.6,1355.0,7677.0,1.650186071238703
20260203,EC2612,1439.0,29.0,128.0,0.0
20260204,EC2602,1737.8,97.0,1826.0,-1.6924847508343885
20260204,EC2604,1247.6,24199.0,32761.0,1.3773645399166399
20260204,EC2606,1534.0,3370.0,14222.0,0.2761408083441981
20260204,EC2608,1604.6,396.0,1494.0,-1.753334164277701
20260204,EC2610,1135.7,1963.0,8185.0,1.4924716034163956
20260204,EC2612,1418.2,44.0,139.0,0.0
20260205,EC2602,1743.0,280.0,1602.0,-1.6344234079173836
20260205,EC2604,1268.2,43994.0,34661.0,1.419334489828103
20260205,EC2606,1568.2,5866.0,14888.0,0.2383624537686524
20260205,EC2608,1630.5,588.0,1440.0,-1.8351425942962285
20260205,EC2610,1131.8,1760.0,8150.0,1.5288920303940636
20260205,EC2612,1420.2,14.0,137.0,0.0
20260206,EC2602,1739.9,223.0,1429.0,-1.7542387493534113
20260206,EC2604,1231.2,29451.0,31427.0,1.4610136452241709
20260206,EC2606,1531.0,4900.0,14812.0,0.32214239059438254
20260206,EC2608,1613.2,482.0,1387.0,-1.8380857922142328
20260206,EC2610,1119.0,1114.0,7878.0,1.5871313672922254
20260206,EC2612,1415.0,12.0,139.0,0.0
20260209,EC2602,1756.0,124.0,1437.0,-1.7699316628701594
20260209,EC2604,1238.0,14384.0,31132.0,1.5266558966074317
20260209,EC2606,1553.0,2206.0,14726.0,0.23876368319381802
20260209,EC2608,1614.8,269.0,1414.0,-1.8158285855833542
20260209,EC2610,1126.1,615.0,7893.0,1.5952402095728622
20260209,EC2612,1425.5,7.0,138.0,0.0
20260210,EC2604,1179.0,29560.0,33899.0,0.9567430025445285
20260210,EC2605,1273.0,271.0,228.0,2.13794186959937
20260210,EC2606,1499.8,4155.0,14740.0,1.749833311108147
20260210,EC2607,1718.5,132.0,105.0,-0.9929589758510327
20260210,EC2608,1576.3,340.0,1416.0,-2.5982363763243037
20260210,EC2609,1235.0,203.0,127.0,-1.2058299595141686
20260210,EC2610,1110.9,1093.0,8071.0,1.4534161490683224
20260210,EC2612,1380.0,38.0,127.0,0.0
20260211,EC2604,1177.9,17204.0,33027.0,0.9922743866202541
20260211,EC2605,1275.3,84.0,214.0,2.1237355916255014
20260211,EC2606,1501.0,3655.0,14185.0,1.750033311125918
20260211,EC2607,1719.9,42.0,119.0,-0.9691261119832548
20260211,EC2608,1581.0,263.0,1371.0,-2.588235294117647
20260211,EC2609,1240.0,64.0,134.0,-1.306451612903226
20260211,EC2610,1105.0,954.0,8308.0,1.5746606334841626
20260211,EC2612,1395.0,9.0,125.0,0.0
20260212,EC2604,1258.9,36394.0,31021.0,0.429899118277862
20260212,EC2605,1304.0,138.0,194.0,2.411963190184048
20260212,EC2606,1566.1,4232.0,13387.0,1.355468999425324
20260212,EC2607,1743.0,48.0,132.0,-0.7641996557659212
20260212,EC2608,1632.0,452.0,1402.0,-2.9330882352941186
20260212,EC2609,1233.1,9.0,133.0,-0.9926202254480576
20260212,EC2610,1131.1,1230.0,8090.0,1.5611351781451694
20260212,EC2612,1425.4,15.0,122.0,0.0
20260213,EC2604,1269.8,25064.0,25845.0,0.6350606394707841
20260213,EC2605,1337.0,74.0,188.0,2.683620044876588
20260213,EC2606,1636.0,5648.0,13960.0,1.2469437652811743
20260213,EC2607,1806.0,131.0,185.0,-0.7441860465116279
20260213,EC2608,1694.0,957.0,1402.0,-3.1806375442739085
20260213,EC2609,1245.0,10.0,134.0,-1.0390361445783132
20260213,EC2610,1137.2,1729.0,7931.0,1.2836792120998939
20260213,EC2612,1380.5,10.0,123.0,0.0
20260224,EC2604,1320.6,50698.0,34505.0,1.4393457519309418
20260224,EC2605,1479.0,296.0,310.0,1.7249492900608514
20260224,EC2606,1691.6,8328.0,15857.0,1.1520454008039733
20260224,EC2607,1854.0,93.0,199.0,-0.7262135922330097
20260224,EC2608,1741.8,1101.0,1337.0,-2.9404064760592488
20260224,EC2609,1315.0,32.0,140.0,-1.3341444866920158
20260224,EC2610,1168.8,2792.0,8726.0,1.5405544147843946
20260224,EC2612,1468.9,34.0,128.0,0.0
20260225,EC2604,1278.6,33480.0,35355.0,1.4678554669169417
20260225,EC2605,1435.0,274.0,351.0,1.873170731707316
20260225,EC2606,1659.0,6533.0,16362.0,1.2289330922242314
20260225,EC2607,1828.9,65.0,207.0,-0.6469462518453724
20260225,EC2608,1730.3,483.0,1337.0,-2.8316476911518236
20260225,EC2609,1322.0,14.0,140.0,-1.4868381240544628
20260225,EC2610,1158.2,3244.0,9901.0,1.4831635296149193
20260225,EC2612,1444.5,28.0,131.0,0.0
20260226,EC2604,1236.0,28825.0,36174.0,1.735922330097086
20260226,EC2605,1414.8,178.0,395.0,1.749787955894826
20260226,EC2606,1621.1,5854.0,16649.0,1.413114551847512
20260226,EC2607,1812.0,41.0,225.0,-0.6423841059602649
20260226,EC2608,1715.0,384.0,1381.0,-2.728862973760933
20260226,EC2609,1325.0,6.0,142.0,-1.558641509433961
20260226,EC2610,1152.9,1509.0,10314.0,1.4681238615664842
20260226,EC2612,1435.0,19.0,134.0,0.0
20260227,EC2604,1224.4,32063.0,37245.0,1.770989872590655
20260227,EC2605,1405.1,160.0,414.0,1.9173012596968189
20260227,EC2606,1629.6,4540.0,17087.0,1.526509572901328
20260227,EC2607,1836.9,23.0,221.0,-0.7911154662747024
20260227,EC2608,1715.8,301.0,1379.0,-2.976570695885301
20260227,EC2609,1290.2,20.0,149.0,-1.2016741590451097
20260227,EC2610,1161.0,2305.0,10914.0,1.4677002583979326
20260227,EC2612,1445.0,14.0,137.0,0.0
20260302,EC2604,1429.2,81309.0,46243.0,1.7481108312342561
20260302,EC2605,1637.4,2063.0,1294.0,1.8153169659215829
20260302,EC2606,1885.1,16174.0,20767.0,1.3310699697628756
20260302,EC2607,2094.2,402.0,410.0,-0.6520867156909547
20260302,EC2608,1980.4,2610.0,2102.0,-2.92607554029489
20260302,EC2609,1497.5,326.0,239.0,-1.238864774624373
20260302,EC2610,1342.9,14322.0,13711.0,1.445826197036265
20260302,EC2612,1666.5,226.0,256.0,0.0
20260303,EC2604,1644.8,17836.0,44074.0,1.876459143968873
20260303,EC2605,1902.0,593.0,1160.0,1.7646687697160859
20260303,EC2606,2181.7,3269.0,20446.0,1.2887198056561404
20260303,EC2607,2416.0,233.0,382.0,-0.6874172185430463
20260303,EC2608,2277.6,844.0,2141.0,-3.0447839831401473
20260303,EC2609,1699.7,144.0,257.0,-1.6231099605812802
20260303,EC2610,1469.8,7755.0,12564.0,1.8108586202204382
20260303,EC2612,1913.4,197.0,330.0,0.0
20260304,EC2604,1909.5,129249.0,38618.0,1.2637863315003912
20260304,EC2605,2110.6,6942.0,1794.0,0.6726049464607229
20260304,EC2606,2228.9,45958.0,21637.0,0.6519807977029011
20260304,EC2607,2350.0,2567.0,699.0,-0.5565957446808509
20260304,EC2608,2241.0,8324.0,3077.0,-2.9847389558232935
20260304,EC2609,1683.6,2026.0,579.0,-1.280114041339985
20260304,EC2610,1504.0,28699.0,12019.0,1.4317819148936177
20260304,EC2612,1862.9,1250.0,463.0,0.0
20260305,EC2604,1768.0,153840.0,36679.0,0.2511312217194561
20260305,EC2605,1805.0,6155.0,1782.0,0.9646537396121886
20260305,EC2606,1950.1,30528.0,20170.0,0.7156556074047487
20260305,EC2607,2066.4,1091.0,771.0,-0.32752613240418116
20260305,EC2608,2010.0,4342.0,2964.0,-3.054925373134328
20260305,EC2609,1498.3,768.0,477.0,-0.8281385570313011
20260305,EC2610,1394.9,12355.0,11408.0,1.214710731952111
20260305,EC2612,1677.3,430.0,354.0,0.0
20260306,EC2604,1892.2,85170.0,33995.0,0.0012683648662932256
20260306,EC2605,1892.4,3440.0,2301.0,1.7057704502219408
20260306,EC2606,2161.4,17081.0,20319.0,0.6001665587119458
20260306,EC2607,2269.5,600.0,798.0,-0.47323198942498346
20260306,EC2608,2180.0,2527.0,3015.0,-3.2972477064220187
20260306,EC2609,1581.0,185.0,456.0,-0.9259962049335861
20260306,EC2610,1459.0,6952.0,11017.0,0.9762851267991781
20260306,EC2612,1696.4,181.0,334.0,0.0
20260309,EC2604,2236.4,62636.0,31202.0,0.11053478805222738
20260309,EC2605,2257.0,3291.0,2019.0,1.2600797518830307
20260309,EC2606,2494.0,19008.0,19423.0,0.46383319967923065
20260309,EC2607,2590.4,1154.0,693.0,-0.777331686226066
20260309,EC2608,2422.6,3608.0,3078.0,-3.3697680178320812
20260309,EC2609,1742.3,829.0,525.0,-0.861619698100212
20260309,EC2610,1617.2,10794.0,10068.0,0.9045263418253766
20260309,EC2612,1861.0,1652.0,527.0,0.0
20260310,EC2604,1848.9,60726.0,27805.0,0.38357942560441316
20260310,EC2605,1908.0,2409.0,1887.0,1.6477987421383649
20260310,EC2606,2170.0,17369.0,15447.0,0.5955760368663583
20260310,EC2607,2277.7,533.0,724.0,-0.6327435570970708
20260310,EC2608,2157.6,2079.0,2879.0,-3.172969966629589
20260310,EC2609,1587.1,431.0,531.0,-0.9670468149454976
20260310,EC2610,1459.2,7544.0,9546.0,1.331003289473684
20260310,EC2612,1782.9,347.0,422.0,0.0
20260311,EC2604,1992.7,66207.0,28602.0,0.34505946705475044
20260311,EC2605,2050.0,3113.0,2223.0,1.6355121951219527
20260311,EC2606,2329.4,16645.0,15615.0,0.5434875933716841
20260311,EC2607,2434.9,490.0,805.0,-0.6870097334592802
20260311,EC2608,2295.5,1655.0,3132.0,-3.1961664125462868
20260311,EC2609,1684.1,268.0,582.0,-1.0552817528650307
20260311,EC2610,1536.0,4582.0,9144.0,1.1816406250000004
20260311,EC2612,1838.5,171.0,386.0,0.0
20260312,EC2604,2020.1,61827.0,27408.0,1.1066778872333076
20260312,EC2605,2206.4,2824.0,2247.0,1.253625815808558
20260312,EC2606,2436.9,18920.0,14972.0,0.34026837375354013
20260312,EC2607,2506.0,496.0,806.0,-0.6081404628890663
20260312,EC2608,2379.0,2043.0,3138.0,-3.122320302648171
20260312,EC2609,1760.0,254.0,608.0,-1.2245454545454533
20260312,EC2610,1580.4,5339.0,8688.0,1.118451025056947
20260312,EC2612,1875.0,162.0,403.0,0.0
20260313,EC2604,1970.1,42818.0,25041.0,1.49474645957058
20260313,EC2605,2215.5,2668.0,2160.0,1.2159783344617479
20260313,EC2606,2440.0,13707.0,14285.0,0.40573770491803174
20260313,EC2607,2522.5,347.0,772.0,-0.734985133795838
20260313,EC2608,2368.0,1740.0,3048.0,-3.2427364864864874
20260313,EC2609,1728.1,65.0,582.0,-1.021468665007811
20260313,EC2610,1581.0,3681.0,8565.0,1.089943074003795
20260313,EC2612,1868.2,72.0,403.0,0.0
20260316,EC2604,1938.8,38449.0,24603.0,1.4619352176604101
20260316,EC2605,2175.0,2285.0,1957.0,1.2104827586206897
20260316,EC2606,2394.4,12680.0,14383.0,0.5322418977614429
20260316,EC2607,2500.6,255.0,775.0,-0.6027353435175549
20260316,EC2608,2375.0,1331.0,2868.0,-3.3256421052631575
20260316,EC2609,1716.8,59.0,576.0,-1.0400745573159358
20260316,EC2610,1568.0,3635.0,8472.0,0.9413265306122454
20260316,EC2612,1814.0,102.0,403.0,0.0
20260317,EC2604,2004.5,29117.0,23452.0,1.4152157645298082
20260317,EC2605,2240.9,1452.0,1928.0,1.1357936543353118
20260317,EC2606,2453.0,9112.0,14148.0,0.4735426008968613
20260317,EC2607,2549.8,171.0,781.0,-0.7002902188406943
20260317,EC2608,2401.0,605.0,2776.0,-3.244148271553519
20260317,EC2609,1751.9,56.0,534.0,-1.1774644671499526
20260317,EC2610,1580.0,2403.0,7955.0,0.8392405063291144
20260317,EC2612,1801.0,71.0,405.0,0.0
20260318,EC2604,1905.3,27129.0,21187.0,1.4592977483860805
20260318,EC2605,2137.0,1060.0,1847.0,1.151146467009827
20260318,EC2606,2342.0,10169.0,13686.0,0.681468830059778
20260318,EC2607,2475.0,393.0,841.0,-0.7709090909090905
20260318,EC2608,2316.0,1094.0,2770.0,-3.2264248704663214
20260318,EC2609,1693.3,127.0,542.0,-1.1898659422429563
20260318,EC2610,1525.4,2351.0,7808.0,0.7607185000655563
20260318,EC2612,1718.8,113.0,411.0,0.0
20260319,EC2604,1915.0,24435.0,19915.0,1.5853785900783297
20260319,EC2605,2168.0,1255.0,1844.0,1.2077490774907735
20260319,EC2606,2386.2,8991.0,13591.0,0.7231581594166476
20260319,EC2607,2530.0,282.0,877.0,-0.7778656126482208
20260319,EC2608,2366.0,555.0,2740.0,-3.3169907016060862
20260319,EC2609,1712.0,178.0,528.0,-1.0542056074766362
20260319,EC2610,1561.6,1996.0,7633.0,0.6962090163934431
20260319,EC2612,1742.8,63.0,414.0,0.0
20260320,EC2604,1944.0,27497.0,17770.0,1.5253086419753092
20260320,EC2605,2191.1,1292.0,1732.0,1.2662133175117525
20260320,EC2606,2422.3,11230.0,13836.0,0.7252611154687685
20260320,EC2607,2568.7,369.0,894.0,-0.8955502783509166
20260320,EC2608,2377.0,956.0,2814.0,-3.1729070256626
20260320,EC2609,1748.5,191.0,524.0,-1.2264226479839864
20260320,EC2610,1569.8,2498.0,7521.0,0.7220028029048287
20260320,EC2612,1758.7,146.0,436.0,0.0
20260323,EC2604,1957.4,36453.0,17696.0,2.58342699499336
20260323,EC2605,2378.8,2459.0,1814.0,1.5844963847317972
20260323,EC2606,2692.9,17737.0,14312.0,0.40150024137546936
20260323,EC2607,2783.0,618.0,992.0,-0.9443047071505566
20260323,EC2608,2564.0,1998.0,2945.0,-3.409984399375974
20260323,EC2609,1835.4,142.0,502.0,-1.2252370055573727
20260323,EC2610,1648.0,4102.0,7517.0,0.608009708737864
20260323,EC2612,1815.0,125.0,438.0,0.0
20260324,EC2604,1898.9,18908.0,15267.0,1.7650218547580154
20260324,EC2605,2178.2,1142.0,1569.0,1.4378844917822056
20260324,EC2606,2439.2,11832.0,13405.0,0.6287307313873409
20260324,EC2607,2567.0,318.0,913.0,-0.7301908843007388
20260324,EC2608,2410.8,1175.0,2828.0,-3.438526630164262
20260324,EC2609,1720.0,95.0,495.0,-1.0255813953488366
20260324,EC2610,1573.0,2309.0,7502.0,0.7666878575969491
20260324,EC2612,1774.0,70.0,448.0,0.0
20260325,EC2604,1803.0,18169.0,12060.0,1.8835274542429294
20260325,EC2605,2086.0,1146.0,1414.0,1.5998082454458284
20260325,EC2606,2364.1,12555.0,12845.0,0.5639355357218383
20260325,EC2607,2475.2,421.0,891.0,-0.5866192630898519
20260325,EC2608,2354.2,1120.0,2720.0,-3.5482117067368955
20260325,EC2609,1658.1,84.0,498.0,-0.6527953681925078
20260325,EC2610,1567.9,2222.0,7330.0,0.5694240704126536
20260325,EC2612,1716.7,143.0,503.0,0.0
20260326,EC2604,1771.4,12470.0,10730.0,1.843965225245566
20260326,EC2605,2043.6,1403.0,1847.0,2.194362889019379
20260326,EC2606,2417.3,11695.0,13831.0,0.5852810987465338
20260326,EC2607,2535.2,350.0,988.0,-0.5812559166929612
20260326,EC2608,2412.4,900.0,2797.0,-3.559111258497761
20260326,EC2609,1696.9,36.0,496.0,-0.8464847663386177
20260326,EC2610,1577.2,1935.0,7193.0,0.6573674866852643
20260326,EC2612,1750.0,34.0,501.0,0.0
20260327,EC2604,1735.0,9616.0,9262.0,1.7837463976945251
20260327,EC2605,1992.9,944.0,1822.0,2.360981484269155
20260327,EC2606,2385.0,11021.0,14153.0,0.7265408805031459
20260327,EC2607,2529.4,338.0,1044.0,-0.5996679054321192
20260327,EC2608,2403.0,809.0,2642.0,-3.457677902621723
20260327,EC2609,1710.6,45.0,493.0,-0.809540512101016
20260327,EC2610,1595.2,1148.0,7164.0,0.6300150451354067
20260327,EC2612,1762.7,25.0,501.0,0.0
20260330,EC2604,1719.7,8177.0,7029.0,1.9949991277548387
20260330,EC2605,2005.6,1460.0,2027.0,3.1513761467889916
20260330,EC2606,2532.3,26147.0,17711.0,0.4392844449709754
20260330,EC2607,2625.0,635.0,1231.0,-0.39314285714285724
20260330,EC2608,2539.0,1308.0,2808.0,-3.7115399763686483
20260330,EC2609,1753.7,111.0,541.0,-0.8738096595768954
20260330,EC2610,1626.0,3462.0,7135.0,0.7682656826568262
20260330,EC2612,1834.2,214.0,471.0,0.0
20260331,EC2604,1672.9,3813.0,5505.0,1.6670452507621496
20260331,EC2605,1905.3,1412.0,1622.0,3.0785703038891503
20260331,EC2606,2394.1,20444.0,16342.0,0.9628670481600592
20260331,EC2607,2586.2,463.0,1196.0,-0.6978578609542936
20260331,EC2608,2435.8,879.0,2639.0,-3.4825519336562936
20260331,EC2609,1728.9,42.0,535.0,-0.9446468853027947
20260331,EC2610,1592.8,1911.0,7088.0,0.7808890005022606
20260331,EC2612,1800.1,54.0,467.0,-0.013046894220162362
20260331,EC2703,1622.0,34.0,28.0,0.0
20260401,EC2604,1663.9,2120.0,4838.0,1.1618486687901912
20260401,EC2605,1825.0,1551.0,1719.0,1.8904109589041092
20260401,EC2606,2112.5,30525.0,16799.0,1.4098934911242589
20260401,EC2607,2360.7,921.0,1106.0,-0.7274113610369803
20260401,EC2608,2217.6,1567.0,2491.0,-3.0173160173160163
20260401,EC2609,1660.0,126.0,504.0,-1.0843373493975905
20260401,EC2610,1510.0,2759.0,6876.0,0.9615894039735098
20260401,EC2612,1752.0,133.0,435.0,-0.015580310100858042
20260401,EC2703,1545.0,20.0,42.0,0.0
20260402,EC2604,1687.8,1376.0,4172.0,1.480270174191256
20260402,EC2605,1896.0,1172.0,1742.0,1.8797468354430373
20260402,EC2606,2193.0,22763.0,16589.0,1.3953488372093021
20260402,EC2607,2448.0,476.0,1093.0,-0.7254901960784315
20260402,EC2608,2300.0,950.0,2531.0,-3.052695652173913
20260402,EC2609,1714.9,90.0,515.0,-0.9957431920228599
20260402,EC2610,1572.6,2188.0,6952.0,0.6844715757344533
20260402,EC2612,1752.0,64.0,458.0,-0.012945958151437606
20260402,EC2703,1580.0,14.0,50.0,0.0
20260403,EC2604,1680.0,850.0,3948.0,1.0549999999999997
20260403,EC2605,1827.7,891.0,1815.0,2.179132242709416
20260403,EC2606,2159.6,17571.0,16509.0,1.5858492313391386
20260403,EC2607,2445.0,207.0,1086.0,-0.7999999999999998
20260403,EC2608,2282.0,394.0,2439.0,-2.9978965819456613
20260403,EC2609,1711.9,23.0,520.0,-1.0977276710088213
20260403,EC2610,1555.3,1280.0,7006.0,0.832122420111876
20260403,EC2612,1771.0,22.0,454.0,-0.015718443047635592
20260403,EC2703,1559.9,7.0,49.0,0.0
20260407,EC2604,1651.9,899.0,3398.0,1.6570010291179855
20260407,EC2605,1880.0,1308.0,1972.0,1.9225531914893592
20260407,EC2606,2181.2,17440.0,16894.0,1.6878782321657821
20260407,EC2607,2488.0,279.0,1083.0,-0.8498392282958194
20260407,EC2608,2311.8,366.0,2428.0,-3.097845834414742
20260407,EC2609,1715.0,19.0,513.0,-0.8746355685131197
20260407,EC2610,1590.0,1391.0,6885.0,0.7169811320754715
20260407,EC2612,1780.0,30.0,456.0,-0.01629830843313989
20260407,EC2703,1560.0,8.0,52.0,0.0
20260408,EC2604,1636.8,760.0,2937.0,1.2595307917888565
20260408,EC2605,1808.6,1471.0,2059.0,1.3900254340373763
20260408,EC2606,2018.1,20604.0,17196.0,1.9027798424260443
20260408,EC2607,2338.1,505.0,1099.0,-0.7123732945554071
20260408,EC2608,2199.3,1155.0,2458.0,-3.051698267630611
20260408,EC2609,1640.0,57.0,514.0,-1.0507317073170728
20260408,EC2610,1496.4,2684.0,6964.0,0.7714514835605444
20260408,EC2612,1688.8,61.0,467.0,-0.01864644119499638
20260408,EC2703,1450.0,25.0,67.0,0.0
20260409,EC2604,1624.8,381.0,2790.0,1.3382570162481553
20260409,EC2605,1806.0,488.0,2036.0,1.5282392026578062
20260409,EC2606,2036.0,15917.0,16643.0,1.958546168958745
20260409,EC2607,2368.3,231.0,1120.0,-0.7716927754085212
20260409,EC2608,2216.0,535.0,2355.0,-2.8120938628158845
20260409,EC2609,1696.7,106.0,517.0,-0.9696469617492784
20260409,EC2610,1559.6,1630.0,6931.0,0.6170813028981792
20260409,EC2612,1720.0,82.0,483.0,-0.016713519039100434
20260409,EC2703,1502.0,28.0,75.0,0.0
20260410,EC2604,1616.8,409.0,2721.0,0.9463137060860971
20260410,EC2605,1744.3,515.0,1906.0,1.7446540159376251
20260410,EC2606,1997.9,15280.0,16884.0,2.083587767155513
20260410,EC2607,2344.8,266.0,1111.0,-0.7154554759467762
20260410,EC2608,2205.0,565.0,2370.0,-2.9219047619047624
20260410,EC2609,1668.1,38.0,514.0,-0.9215274863617284
20260410,EC2610,1540.0,1214.0,7019.0,0.6428571428571432
20260410,EC2612,1705.0,34.0,485.0,-0.017401952885823854
20260410,EC2703,1480.0,8.0,80.0,0.0
20260413,EC2604,1622.5,202.0,2653.0,1.2166409861325125
20260413,EC2605,1787.0,739.0,1776.0,1.7224398433128139
20260413,EC2606,2043.5,17411.0,17270.0,1.9384389527770969
20260413,EC2607,2373.6,289.0,1105.0,-0.7563195146612736
20260413,EC2608,2224.0,514.0,2309.0,-2.773381294964029
20260413,EC2609,1710.0,33.0,511.0,-1.2210526315789472
20260413,EC2610,1536.0,1544.0,7137.0,0.7929687499999996
20260413,EC2612,1739.0,36.0,487.0,-0.020929042205637946
20260413,EC2703,1463.0,9.0,85.0,0.0
20260414,EC2604,1632.1,332.0,2388.0,1.0300839409349933
20260414,EC2605,1772.2,416.0,1651.0,1.5282699469585834
20260414,EC2606,1997.9,9977.0,16684.0,2.0727764152359978
20260414,EC2607,2343.0,143.0,1089.0,-0.8087067861715749
20260414,EC2608,2185.1,393.0,2195.0,-2.627248180861287
20260414,EC2609,1706.7,35.0,505.0,-1.1488838108630697
20260414,EC2610,1543.3,1021.0,7014.0,0.6966889133674599
20260414,EC2612,1722.5,18.0,495.0,-0.017500757587840313
20260414,EC2703,1493.9,1.0,86.0,0.0
20260415,EC2604,1631.6,145.0,2265.0,0.5920568766854615
20260415,EC2605,1712.1,642.0,1428.0,1.8076046959873837
20260415,EC2606,1970.0,12832.0,17086.0,1.894416243654823
20260415,EC2607,2281.0,463.0,1006.0,-0.7707145988601485
20260415,EC2608,2134.5,761.0,1970.0,-2.8784258608573436
20260415,EC2609,1622.5,192.0,444.0,-0.8764252696456087
20260415,EC2610,1504.0,1997.0,6803.0,0.8481382978723406
20260415,EC2612,1716.6,58.0,477.0,-0.01825228249555408
20260415,EC2703,1479.0,5.0,87.0,0.0
20260416,EC2604,1630.1,110.0,2187.0,0.9054659223360542
20260416,EC2605,1753.1,318.0,1424.0,1.9960070731846447
20260416,EC2606,2044.7,15003.0,16869.0,1.6321220716975597
20260416,EC2607,2322.8,299.0,979.0,-0.8477699328396784
20260416,EC2608,2158.7,414.0,1932.0,-2.6610459999073512
20260416,EC2609,1680.0,25.0,443.0,-1.0407142857142855
20260416,EC2610,1534.3,1400.0,6804.0,0.7911099524212992
20260416,EC2612,1736.6,18.0,474.0,-0.02141357433307221
20260416,EC2703,1454.6,0.0,87.0,0.0
20260417,EC2604,1633.0,75.0,2135.0,1.1169626454378454
20260417,EC2605,1785.0,508.0,1416.0,2.334789915966388
20260417,EC2606,2132.3,21204.0,17669.0,1.3377104535009128
20260417,EC2607,2370.0,292.0,1031.0,-0.615696202531645
20260417,EC2608,2248.4,474.0,2062.0,-2.9082013876534423
20260417,EC2609,1703.5,15.0,440.0,-0.8889932491928381
20260417,EC2610,1577.3,1715.0,6647.0,0.7737272554365058
20260417,EC2612,1780.7,53.0,481.0,-0.022712391780735697
20260417,EC2703,1474.0,16.0,96.0,0.0
20260420,EC2604,1638.4,68.0,2112.0,0.97412109375
20260420,EC2605,1771.4,261.0,1377.0,2.247713672801172
20260420,EC2606,2103.2,15313.0,16666.0,1.5222518067706376
20260420,EC2607,2370.0,266.0,1048.0,-0.7620253164556958
20260420,EC2608,2219.5,365.0,2114.0,-2.804415408875873
20260420,EC2609,1700.8,22.0,425.0,-0.944026340545626
20260420,EC2610,1567.0,1099.0,6675.0,0.8653477983407787
20260420,EC2612,1793.0,34.0,489.0,-0.02449084657673615
20260420,EC2703,1460.0,3.0,99.0,0.0
20260421,EC2604,1629.7,263.0,1947.0,1.208320549794439
20260421,EC2605,1793.8,350.0,1366.0,2.338722265581448
20260421,EC2606,2143.4,10718.0,16237.0,1.4265186152841256
20260421,EC2607,2398.2,156.0,1075.0,-0.8521391043282449
20260421,EC2608,2227.9,304.0,2109.0,-2.7712195340903985
20260421,EC2609,1713.4,23.0,426.0,-0.9370841601494115
20260421,EC2610,1579.6,867.0,6681.0,0.8751582679159284
20260421,EC2612,1810.0,22.0,495.0,-0.02549207698378969
20260421,EC2703,1460.1,0.0,99.0,0.0
20260422,EC2604,1637.9,243.0,1844.0,1.1128884547286138
20260422,EC2605,1789.8,683.0,1288.0,2.5900100569896063
20260422,EC2606,2176.1,15924.0,16857.0,1.4056339322641422
20260422,EC2607,2431.0,346.0,1187.0,-0.7873303167420813
20260422,EC2608,2271.5,604.0,2262.0,-2.7962139555359893
20260422,EC2609,1742.2,51.0,431.0,-0.9863391114682587
20260422,EC2610,1599.0,1262.0,6821.0,0.8787992495309576
20260422,EC2612,1833.2,26.0,504.0,-0.022608637271521844
20260422,EC2703,1518.9,29.0,107.0,0.0
20260423,EC2604,1638.0,141.0,1726.0,1.0549450549450539
20260423,EC2605,1782.0,193.0,1251.0,2.8552188552188555
20260423,EC2606,2206.0,13689.0,17387.0,1.2728921124206707
20260423,EC2607,2440.0,285.0,1207.0,-0.7131147540983611
20260423,EC2608,2295.0,375.0,2261.0,-2.928104575163398
20260423,EC2609,1735.0,4.0,432.0,-0.9344092219020164
20260423,EC2610,1599.9,1302.0,6800.0,0.8816801050065628
20260423,EC2612,1835.0,23.0,496.0,-0.023858430397939934
20260423,EC2703,1503.0,5.0,107.0,0.0
20260424,EC2604,1637.5,144.0,1612.0,1.0098320610687033
20260424,EC2605,1775.3,243.0,1203.0,2.6814622880639885
20260424,EC2606,2172.0,8979.0,16259.0,1.397237569060775
20260424,EC2607,2424.9,367.0,1216.0,-0.8110849931955961
20260424,EC2608,2261.0,317.0,2247.0,-2.7916850950906675
20260424,EC2609,1735.0,8.0,431.0,-1.0167146974063406
20260424,EC2610,1588.0,1292.0,6630.0,0.8780856423173811
20260424,EC2612,1820.4,37.0,484.0,-0.02320948662412077
20260424,EC2703,1500.0,8.0,107.0,0.0
20260427,EC2604,1640.6,256.0,1423.0,0.9625746678044633
20260427,EC2605,1772.2,180.0,1199.0,3.024715043448822
20260427,EC2606,2218.9,9368.0,16649.0,1.1416467619090538
20260427,EC2607,2430.0,290.0,1320.0,-0.7209876543209881
20260427,EC2608,2284.0,232.0,2292.0,-2.8108581436077054
20260427,EC2609,1749.0,23.0,429.0,-0.9756432246998292
20260427,EC2610,1606.8,1147.0,6627.0,0.7886482449589249
20260427,EC2612,1818.0,18.0,487.0,-0.020258948971820255
20260427,EC2703,1538.7,16.0,113.0,0.0
20260428,EC2605,1784.8,304.0,1159.0,2.9683998207082034
20260428,EC2606,2226.3,14198.0,17232.0,1.2348740061986252
20260428,EC2607,2455.4,582.0,1556.0,-0.7985664250224005
20260428,EC2608,2292.0,542.0,2432.0,-2.8376963350785336
20260428,EC2609,1750.0,52.0,429.0,-1.005257142857142
20260428,EC2610,1603.4,1289.0,6736.0,0.8591742547087438
20260428,EC2612,1833.0,17.0,487.0,-0.02215787485836586
20260428,EC2703,1525.0,7.0,114.0,0.0
20260429,EC2605,1775.2,294.0,1103.0,3.4278954484001805
20260429,EC2606,2282.3,12192.0,18039.0,1.276081146212153
20260429,EC2607,2525.0,563.0,1644.0,-0.9181782178217817
20260429,EC2608,2331.8,373.0,2471.0,-2.6662664036366754
20260429,EC2609,1813.7,30.0,438.0,-1.1260958262116123
20260429,EC2610,1643.5,1253.0,6755.0,0.6888956495284457
20260429,EC2612,1832.2,3.0,486.0,-0.020742492961683002
20260429,EC2703,1544.0,2.0,112.0,0.0
20260430,EC2605,1780.3,174.0,1069.0,3.4962646744930623
20260430,EC2606,2299.0,8751.0,17207.0,1.2579382340147882
20260430,EC2607,2540.0,229.0,1673.0,-1.0228346456692914
20260430,EC2608,2323.5,218.0,2433.0,-2.4723047127178828
20260430,EC2609,1844.8,45.0,447.0,-1.1825672159583696
20260430,EC2610,1663.0,1097.0,6904.0,0.7728202044497894
20260430,EC2612,1877.2,20.0,493.0,-0.02333613541795941
20260430,EC2703,1545.0,6.0,112.0,0.0
20260506,EC2605,1799.0,171.0,1051.0,3.9561978877153967
20260506,EC2606,2392.1,10940.0,19080.0,1.2185109318172325
20260506,EC2607,2635.0,453.0,1791.0,-1.070208728652752
20260506,EC2608,2400.0,387.0,2569.0,-2.8949999999999996
20260506,EC2609,1821.0,56.0,471.0,-0.9429983525535408
20260506,EC2610,1677.9,1326.0,7112.0,0.7305560522081165
20260506,EC2612,1882.2,76.0,503.0,-0.02274868899032112
20260506,EC2703,1557.5,26.0,127.0,0.0
20260507,EC2605,1793.8,250.0,979.0,3.4298138030995666
20260507,EC2606,2306.5,17268.0,17940.0,1.3703880338174734
20260507,EC2607,2569.9,659.0,1896.0,-1.073037861395386
20260507,EC2608,2340.1,697.0,2548.0,-2.999871800350412
20260507,EC2609,1755.1,91.0,442.0,-0.9209731639222825
20260507,EC2610,1620.4,2462.0,7081.0,0.9097753641076269
20260507,EC2612,1866.1,75.0,494.0,-0.02544650034066464
20260507,EC2703,1506.0,12.0,132.0,0.0
20260508,EC2605,1797.0,111.0,975.0,3.86644407345576
20260508,EC2606,2376.0,15248.0,18977.0,1.224747474747475
20260508,EC2607,2618.5,613.0,2082.0,-1.1241550506014901
20260508,EC2608,2373.2,690.0,2700.0,-2.9994943536153715
20260508,EC2609,1780.0,39.0,448.0,-0.9539325842696633
20260508,EC2610,1638.5,1601.0,7146.0,0.9649069270674393
20260508,EC2612,1902.0,56.0,480.0,-0.02550698512843623
20260508,EC2703,1534.1,9.0,131.0,0.0
20260511,EC2605,1800.0,128.0,953.0,4.163333333333334
20260511,EC2606,2424.5,13336.0,18955.0,1.2225201072386067
20260511,EC2607,2671.5,639.0,2061.0,-1.09601347557552
20260511,EC2608,2427.5,627.0,2911.0,-3.0698249227600414
20260511,EC2609,1806.5,41.0,459.0,-0.9100470523110991
20260511,EC2610,1669.5,1734.0,7147.0,0.9074573225516627
20260511,EC2612,1922.0,31.0,484.0,-0.024836765731666884
20260511,EC2703,1560.0,10.0,132.0,0.0
20260512,EC2605,1820.0,250.0,776.0,4.302197802197803
20260512,EC2606,2472.5,9046.0,19639.0,1.1551061678463084
20260512,EC2607,2710.5,300.0,2160.0,-0.9850581073602656
20260512,EC2608,2488.0,735.0,3137.0,-3.0723472668810285
20260512,EC2609,1851.0,38.0,459.0,-1.008103727714749
20260512,EC2610,1695.5,1434.0,7393.0,0.9625479209672663
20260512,EC2612,1967.5,99.0,473.0,-0.027680578633564656
20260512,EC2703,1554.5,50.0,134.0,0.0
20260513,EC2605,1824.5,98.0,699.0,4.876952589750617
20260513,EC2606,2566.0,12114.0,20843.0,1.0428682774746685
20260513,EC2607,2789.0,579.0,2303.0,-0.910003585514521
20260513,EC2608,2577.5,726.0,3405.0,-3.1658583899127066
20260513,EC2609,1897.5,64.0,486.0,-0.9833992094861665
20260513,EC2610,1742.0,1988.0,7805.0,1.0470723306544198
20260513,EC2612,2046.0,76.0,463.0,-0.027198607843769138
20260513,EC2703,1624.0,16.0,145.0,0.0
20260514,EC2605,1830.0,157.0,627.0,4.052459016393443
20260514,EC2606,2448.0,13117.0,18647.0,1.3627450980392162
20260514,EC2607,2726.0,753.0,2264.0,-0.94424064563463
20260514,EC2608,2511.5,787.0,3362.0,-3.1630499701373687
20260514,EC2609,1849.5,101.0,500.0,-1.0089213300892137
20260514,EC2610,1694.0,1948.0,7943.0,1.0608028335301056
20260514,EC2612,1993.5,53.0,471.0,-0.028014122822249236
20260514,EC2703,1570.0,26.0,146.0,0.0
20260515,EC2605,1830.0,55.0,590.0,4.665573770491803
20260515,EC2606,2541.5,13589.0,20217.0,1.140271493212671
20260515,EC2607,2783.0,403.0,2390.0,-0.9270571325907295
20260515,EC2608,2568.0,753.0,3439.0,-3.2102803738317762
20260515,EC2609,1881.0,46.0,490.0,-0.9633173843700154
20260515,EC2610,1730.0,2346.0,8184.0,1.1843930635838147
20260515,EC2612,2071.5,76.0,451.0,-0.03141536233498579
20260515,EC2703,1578.0,33.0,151.0,0.0
20260518,EC2605,1830.0,48.0,573.0,5.049180327868853
20260518,EC2606,2600.0,11216.0,19843.0,1.123846153846153
20260518,EC2607,2843.5,448.0,2414.0,-0.9263231932477582
20260518,EC2608,2624.0,679.0,3538.0,-3.2195121951219514
20260518,EC2609,1920.0,105.0,530.0,-1.1187500000000004
20260518,EC2610,1741.0,2351.0,8781.0,1.1889718552556006
20260518,EC2612,2086.0,59.0,442.0,-0.027656906851537717
20260518,EC2703,1648.5,31.0,158.0,0.0
20260519,EC2605,1806.0,119.0,511.0,5.5249169435215935
20260519,EC2606,2637.5,10295.0,20732.0,1.0259715639810434
20260519,EC2607,2863.0,495.0,2485.0,-0.8760041914076138
20260519,EC2608,2654.0,602.0,3734.0,-3.373021853805576
20260519,EC2609,1908.0,99.0,564.0,-1.0188679245283017
20260519,EC2610,1746.0,1726.0,9081.0,1.2302405498281783
20260519,EC2612,2104.0,36.0,441.0,-0.028548447749968668
20260519,EC2703,1648.5,14.0,159.0,0.0
20260520,EC2605,1809.0,44.0,493.0,6.7960199004975115
20260520,EC2606,2833.5,22265.0,21439.0,1.1328745367919524
20260520,EC2607,3101.0,2588.0,3236.0,-1.104804901644631
20260520,EC2608,2815.5,2400.0,4468.0,-3.3095364944059664
20260520,EC2609,2039.0,196.0,620.0,-0.8710152035311434
20260520,EC2610,1891.0,5360.0,9970.0,1.0756213643574832
20260520,EC2612,2230.0,185.0,499.0,-0.030217316315971028
20260520,EC2703,1719.0,67.0,172.0,0.0
20260521,EC2605,1803.5,49.0,464.0,8.180759634044911
20260521,EC2606,3033.0,28163.0,21951.0,1.3630069238377835
20260521,EC2607,3377.5,4295.0,4457.0,-1.1333826794966688
20260521,EC2608,3058.5,3362.0,5262.0,-3.4232466895537033
20260521,EC2609,2186.0,329.0,634.0,-0.856358645928637
20260521,EC2610,2030.0,7647.0,10810.0,0.9945812807881778
20260521,EC2612,2366.5,215.0,514.0,-0.03209636338729937
20260521,EC2703,1790.5,94.0,194.0,0.0
20260522,EC2605,1800.5,34.0,457.0,7.99444598722577
20260522,EC2606,3000.0,31246.0,20675.0,1.5559999999999992
20260522,EC2607,3389.0,5578.0,5288.0,-1.294187075833579
20260522,EC2608,3023.5,3967.0,5322.0,-3.3061021994377375
20260522,EC2609,2190.5,449.0,695.0,-0.9915544396256561
20260522,EC2610,2009.5,7286.0,11010.0,0.9450111968151282
20260522,EC2612,2326.0,130.0,500.0,-0.03237175550159213
20260522,EC2703,1755.0,55.0,196.0,0.0
20260525,EC2605,1798.0,49.0,498.0,7.728587319243603
20260525,EC2606,2956.0,20030.0,18712.0,1.1630581867388363
20260525,EC2607,3242.5,5913.0,5602.0,-1.6801850424055518
20260525,EC2608,2788.5,3938.0,5188.0,-3.3394298009682624
20260525,EC2609,2012.5,494.0,670.0,-0.8795031055900622
20260525,EC2610,1865.0,6095.0,10495.0,1.0278820375335118
20260525,EC2612,2184.5,104.0,484.0,-0.03401588112048171
20260525,EC2703,1621.0,92.0,204.0,0.0
20260526,EC2606,2948.5,24092.0,16627.0,1.0398507715787693
20260526,EC2607,3204.0,8267.0,7370.0,-1.9063670411985019
20260526,EC2608,2695.0,5647.0,5528.0,-3.112430426716141
20260526,EC2609,1996.0,307.0,653.0,-0.847695390781563
20260526,EC2610,1855.0,6186.0,10410.0,0.6760107816711587
20260526,EC2611,1959.5,6.0,6.0,1.469762694564941
20260526,EC2612,2199.5,115.0,464.0,-0.03378390193575463
20260526,EC2703,1636.0,36.0,203.0,0.0
20260527,EC2606,2994.0,12711.0,15339.0,1.1583166332665318
20260527,EC2607,3283.0,6405.0,9693.0,-1.86414864453244
20260527,EC2608,2773.0,3716.0,6656.0,-3.059502344031735
20260527,EC2609,2066.0,155.0,653.0,-0.9060987415295263
20260527,EC2610,1910.0,4170.0,11350.0,0.4397905759162315
20260527,EC2611,1980.0,3.0,7.0,1.4060606060606071
20260527,EC2612,2212.0,48.0,476.0,-0.03290741807920832
20260527,EC2703,1660.0,35.0,222.0,0.0
20260528,EC2606,3029.5,12032.0,14125.0,1.4140947351048023
20260528,EC2607,3386.5,9227.0,12716.0,-1.704414587332053
20260528,EC2608,2905.5,4224.0,8449.0,-3.045947341249355
20260528,EC2609,2168.0,375.0,719.0,-1.0073800738007384
20260528,EC2610,1986.0,4901.0,12522.0,0.08459214501510548
20260528,EC2611,2000.0,1.0,8.0,1.62
20260528,EC2612,2270.0,30.0,483.0,-0.0327056203708186
20260528,EC2703,1707.0,30.0,212.0,0.0
20260529,EC2606,3046.5,10972.0,12229.0,2.176267848350566
20260529,EC2607,3599.0,14978.0,16582.0,-2.210614059460961
20260529,EC2608,2936.0,4514.0,9738.0,-2.963215258855586
20260529,EC2609,2211.0,248.0,744.0,-1.0854816824966083
20260529,EC2610,2011.0,4325.0,13311.0,0.39681750372948876
20260529,EC2611,2077.5,27.0,21.0,1.2274368231046928
20260529,EC2612,2290.0,64.0,493.0,-0.03273669561879169
20260529,EC2703,1721.5,29.0,219.0,0.0
20260601,EC2606,3030.5,7767.0,8747.0,3.4390364626299297
20260601,EC2607,3899.0,26698.0,21372.0,-2.120543729161323
20260601,EC2608,3210.0,7486.0,10999.0,-3.3757009345794398
20260601,EC2609,2307.0,733.0,865.0,-1.2951885565669707
20260601,EC2610,2058.0,6822.0,14009.0,0.7696793002915445
20260601,EC2611,2190.0,17.0,21.0,1.257534246575343
20260601,EC2612,2419.5,113.0,521.0,-0.03539919472963491
20260601,EC2703,1770.0,39.0,228.0,0.0
20260602,EC2606,3019.0,2829.0,7143.0,2.5756873136800262
20260602,EC2607,3667.0,27929.0,20501.0,-1.9552767930188164
20260602,EC2608,3069.5,9633.0,11746.0,-3.594722267470272
20260602,EC2609,2150.0,912.0,974.0,-1.4204651162790696
20260602,EC2610,1895.5,8167.0,13177.0,1.4560801899235036
20260602,EC2611,2125.5,4.0,20.0,0.8158080451658423
20260602,EC2612,2270.0,109.0,511.0,-0.03409982088396185
20260602,EC2703,1683.0,59.0,238.0,0.0
20260603,EC2606,3023.0,1613.0,6159.0,2.945418458484948
20260603,EC2607,3765.0,20721.0,21866.0,-2.0175298804780875
20260603,EC2608,3132.0,5434.0,12554.0,-3.7222222222222228
20260603,EC2609,2160.5,472.0,973.0,-1.505207127979634
20260603,EC2610,1889.5,5546.0,12984.0,1.5908970627150048
20260603,EC2611,2140.0,11.0,23.0,0.9420560747663558
20260603,EC2612,2308.0,124.0,521.0,-0.034738225379473214
20260603,EC2703,1700.0,22.0,244.0,0.0
20260604,EC2606,3026.0,982.0,5602.0,2.591539986781229
20260604,EC2607,3679.5,22335.0,21913.0,-2.2649816551161837
20260604,EC2608,2985.0,6241.0,12852.0,-3.6804020100502512
20260604,EC2609,2069.5,511.0,1045.0,-1.646774583232665
20260604,EC2610,1785.5,5090.0,12818.0,1.912069448333801
20260604,EC2611,2070.0,19.0,23.0,0.7942028985507239
20260604,EC2612,2207.0,84.0,514.0,-0.0314882217918013
20260604,EC2703,1680.0,52.0,261.0,0.0
20260605,EC2606,3046.0,821.0,5186.0,2.4130006565988174
20260605,EC2607,3658.5,14086.0,21014.0,-2.5682656826568264
20260605,EC2608,2875.5,5626.0,12471.0,-3.782994261867502
20260605,EC2609,1969.0,392.0,1033.0,-1.5601828339258512
20260605,EC2610,1713.0,4039.0,12618.0,1.9369527145359022
20260605,EC2611,1989.5,14.0,20.0,0.9077657702940449
20260605,EC2612,2140.0,109.0,514.0,-0.029054123446646814
20260605,EC2703,1668.5,34.0,261.0,0.0
20260608,EC2606,3134.0,1229.0,4737.0,3.3158902361199747
20260608,EC2607,4000.0,20785.0,23292.0,-2.3639999999999994
20260608,EC2608,3212.0,7867.0,12898.0,-4.033001245330012
20260608,EC2609,2132.5,446.0,1115.0,-1.4208675263774917
20260608,EC2610,1880.0,7179.0,12253.0,1.1074468085106375
20260608,EC2611,2053.5,11.0,17.0,1.1716581446311167
20260608,EC2612,2254.0,103.0,514.0,-0.03115340737346061
20260608,EC2703,1721.5,16.0,259.0,0.0
20260609,EC2606,3139.5,653.0,4483.0,3.1361681796464396
20260609,EC2607,3960.0,21090.0,23993.0,-2.421212121212122
20260609,EC2608,3161.0,7659.0,13495.0,-4.158810503005378
20260609,EC2609,2065.5,450.0,1103.0,-1.4204793028322444
20260609,EC2610,1821.0,5236.0,12449.0,1.1037891268533766
20260609,EC2611,1988.5,3.0,17.0,1.4272064370128241
20260609,EC2612,2225.0,73.0,520.0,-0.029811087788615874
20260609,EC2703,1722.0,40.0,275.0,0.0
20260610,EC2606,3141.0,415.0,4183.0,3.1747851002865337
20260610,EC2607,3972.0,18911.0,24542.0,-2.3262839879154074
20260610,EC2608,3202.0,8236.0,14350.0,-4.253591505309181
20260610,EC2609,2067.0,673.0,1228.0,-1.7358490566037732
20260610,EC2610,1768.0,5207.0,12501.0,1.503393665158371
20260610,EC2611,1989.5,2.0,18.0,1.384267403870318
20260610,EC2612,2219.0,94.0,578.0,-0.032922462845851756
20260610,EC2703,1665.0,31.0,284.0,0.0
20260611,EC2606,3139.0,309.0,4010.0,3.054475947754061
20260611,EC2607,3938.0,16357.0,24132.0,-2.0660233621127473
20260611,EC2608,3260.0,6845.0,14856.0,-4.332515337423313
20260611,EC2609,2083.0,318.0,1307.0,-1.6591454632741245
20260611,EC2610,1795.0,3169.0,11987.0,1.6378830083565452
20260611,EC2611,2040.0,5.0,13.0,1.2441176470588244
20260611,EC2612,2251.5,141.0,564.0,-0.031129430196718662
20260611,EC2703,1720.0,28.0,287.0,0.0
20260612,EC2606,3128.5,286.0,3859.0,3.076234617228703
20260612,EC2607,3930.5,12396.0,24010.0,-2.214985370817962
20260612,EC2608,3205.0,4322.0,14371.0,-4.2683307332293285
20260612,EC2609,2065.0,218.0,1302.0,-1.7840193704600487
20260612,EC2610,1758.0,2326.0,11730.0,2.068259385665529
20260612,EC2611,2061.0,0.0,13.0,0.925764192139737
20260612,EC2612,2220.0,57.0,561.0,-0.031897831897831894
20260612,EC2703,1683.0,30.0,296.0,0.0
20260615,EC2606,3139.0,227.0,3766.0,2.6989487097801845
20260615,EC2607,3845.0,26904.0,26086.0,-2.9024707412223667
20260615,EC2608,2915.0,10785.0,14430.0,-4.207204116638079
20260615,EC2609,1893.0,622.0,1323.0,-1.6038034865293191
20260615,EC2610,1640.0,5461.0,10956.0,2.0378048780487816
20260615,EC2611,1918.5,6.0,14.0,0.8100078186082875
20260615,EC2612,2048.0,226.0,594.0,-0.029200291895604396
20260615,EC2703,1594.5,107.0,325.0,0.0
20260616,EC2606,3168.0,200.0,3630.0,2.1647727272727275
20260616,EC2607,3739.5,20304.0,24897.0,-2.976333734456478
20260616,EC2608,2812.0,7653.0,14124.0,-3.9900426742532007
20260616,EC2609,1877.0,411.0,1350.0,-1.4416622269579116
20260616,EC2610,1651.5,4477.0,10697.0,1.3987284287011796
20260616,EC2611,1844.0,8.0,17.0,1.1681127982646426
20260616,EC2612,2023.5,159.0,619.0,-0.028576316196775788
20260616,EC2703,1585.0,52.0,345.0,0.0
20260617,EC2606,3160.0,614.0,3416.0,2.2348101265822784
20260617,EC2607,3748.5,16808.0,24365.0,-3.1004401760704288
20260617,EC2608,2780.0,8030.0,14673.0,-3.958273381294964
20260617,EC2609,1863.0,467.0,1424.0,-1.4589371980676327
20260617,EC2610,1636.5,3043.0,10499.0,1.2722273143904665
20260617,EC2611,1810.0,5.0,20.0,1.1801104972375684
20260617,EC2612,1988.0,216.0,648.0,-0.030048422402547147
20260617,EC2703,1535.0,48.0,360.0,0.0
20260618,EC2606,3160.0,141.0,3315.0,2.466455696202533
20260618,EC2607,3809.5,15025.0,24029.0,-3.131119569497309
20260618,EC2608,2815.5,6525.0,14800.0,-3.982951518380394
20260618,EC2609,1881.0,282.0,1433.0,-1.534290271132376
20260618,EC2610,1640.5,1826.0,10488.0,1.093569033831149
20260618,EC2611,1790.0,3.0,19.0,1.2067039106145252
20260618,EC2612,1970.0,75.0,657.0,-0.028950744686785303
20260618,EC2703,1537.5,29.0,363.0,0.0
20260622,EC2606,3155.5,165.0,3209.0,2.3083504991285064
20260622,EC2607,3762.5,15340.0,23440.0,-3.0681727574750832
20260622,EC2608,2800.5,7565.0,15076.0,-4.162828066416711
20260622,EC2609,1829.0,377.0,1374.0,-1.5680699835975949
20260622,EC2610,1590.0,2703.0,10652.0,1.3584905660377355
20260622,EC2611,1770.0,6.0,17.0,1.1627118644067789
20260622,EC2612,1941.5,136.0,699.0,-0.027134338749069634
20260622,EC2703,1542.0,35.0,374.0,0.0
20260623,EC2606,3079.5,338.0,2994.0,2.7296639064783257
20260623,EC2607,3780.0,20863.0,23885.0,-3.1428571428571423
20260623,EC2608,2790.0,9498.0,15775.0,-4.3139784946236555
20260623,EC2609,1787.0,656.0,1393.0,-1.3665360940123117
20260623,EC2610,1583.5,4563.0,10228.0,1.1935585727818125
20260623,EC2611,1741.0,18.0,20.0,1.4129810453762204
20260623,EC2612,1946.0,266.0,757.0,-0.030188721863953116
20260623,EC2703,1500.5,87.0,380.0,0.0
20260624,EC2606,3072.0,445.0,2753.0,2.746093749999999
20260624,EC2607,3775.0,9717.0,23118.0,-3.0421192052980133
20260624,EC2608,2818.0,7029.0,16386.0,-4.439318665720369
20260624,EC2609,1775.5,323.0,1477.0,-1.28414531117995
20260624,EC2610,1585.5,1945.0,10210.0,1.1087984862819296
20260624,EC2611,1732.0,2.0,19.0,1.4272517321016158
20260624,EC2612,1938.0,70.0,758.0,-0.02871431973599156
20260624,EC2703,1516.0,40.0,379.0,0.0
20260625,EC2606,3083.5,112.0,2701.0,2.389492459867034
20260625,EC2607,3697.5,22168.0,22831.0,-3.039350912778905
20260625,EC2608,2761.0,10024.0,17202.0,-4.244114451285766
20260625,EC2609,1784.5,586.0,1402.0,-1.6105351639114605
20260625,EC2610,1545.0,2522.0,9895.0,1.0485436893203879
20260625,EC2611,1680.0,8.0,24.0,1.9821428571428568
20260625,EC2612,1957.5,236.0,859.0,-0.031156582880720804
20260625,EC2703,1495.0,25.0,386.0,0.0
20260626,EC2606,3079.5,165.0,2651.0,2.540672187043352
20260626,EC2607,3731.5,11188.0,19837.0,-3.1209969181294386
20260626,EC2608,2761.0,6746.0,17047.0,-4.176747555233611
20260626,EC2609,1800.0,407.0,1527.0,-1.7433333333333327
20260626,EC2610,1538.5,1585.0,9837.0,1.3181670458238548
20260626,EC2611,1707.5,20.0,30.0,1.7042459736456799
20260626,EC2612,1950.0,118.0,842.0,-0.03164835164835165
20260626,EC2703,1482.0,28.0,390.0,0.0
