排名,会员简称,持仓量,比上交易增减,date,contract,position_type,symbol,成交量
1,中信期货,7180.0,-1702.0,2025-06-16,AP2510,成交量,AP,
2,东证期货,6492.0,-3190.0,2025-06-16,AP2510,成交量,AP,
3,国泰君安,5677.0,-322.0,2025-06-16,AP2510,成交量,AP,
4,广发期货,2974.0,-647.0,2025-06-16,AP2510,成交量,AP,
5,海通期货,2798.0,-876.0,2025-06-16,AP2510,成交量,AP,
6,光大期货,2132.0,-797.0,2025-06-16,AP2510,成交量,AP,
7,中泰期货,1889.0,-790.0,2025-06-16,AP2510,成交量,AP,
8,徽商期货,1799.0,-1007.0,2025-06-16,AP2510,成交量,AP,
9,浙商期货,1794.0,-470.0,2025-06-16,AP2510,成交量,AP,
10,华泰期货,1681.0,-332.0,2025-06-16,AP2510,成交量,AP,
11,东吴期货,1549.0,-354.0,2025-06-16,AP2510,成交量,AP,
12,银河期货,1522.0,-569.0,2025-06-16,AP2510,成交量,AP,
13,天富期货,1403.0,152.0,2025-06-16,AP2510,成交量,AP,
14,国元期货,1156.0,198.0,2025-06-16,AP2510,成交量,AP,
15,中信建投,1095.0,-175.0,2025-06-16,AP2510,成交量,AP,
16,东方财富,1091.0,-180.0,2025-06-16,AP2510,成交量,AP,
17,申银万国,1017.0,42.0,2025-06-16,AP2510,成交量,AP,
18,中辉期货,991.0,-329.0,2025-06-16,AP2510,成交量,AP,
19,国贸期货,972.0,-295.0,2025-06-16,AP2510,成交量,AP,
20,长安期货,963.0,61.0,2025-06-16,AP2510,成交量,AP,
1,中信期货,11461.0,4281.0,2025-06-17,AP2510,成交量,AP,
2,东证期货,9295.0,2803.0,2025-06-17,AP2510,成交量,AP,
3,国泰君安,8936.0,3259.0,2025-06-17,AP2510,成交量,AP,
4,海通期货,5312.0,2514.0,2025-06-17,AP2510,成交量,AP,
5,广发期货,4741.0,1767.0,2025-06-17,AP2510,成交量,AP,
6,中泰期货,3985.0,2096.0,2025-06-17,AP2510,成交量,AP,
7,浙商期货,3604.0,1810.0,2025-06-17,AP2510,成交量,AP,
8,光大期货,3104.0,972.0,2025-06-17,AP2510,成交量,AP,
9,银河期货,2966.0,1444.0,2025-06-17,AP2510,成交量,AP,
10,东吴期货,2937.0,1388.0,2025-06-17,AP2510,成交量,AP,
11,徽商期货,2867.0,1068.0,2025-06-17,AP2510,成交量,AP,
12,华泰期货,2287.0,606.0,2025-06-17,AP2510,成交量,AP,
13,国贸期货,2215.0,1243.0,2025-06-17,AP2510,成交量,AP,
14,国元期货,2170.0,1014.0,2025-06-17,AP2510,成交量,AP,
15,方正中期,1964.0,1105.0,2025-06-17,AP2510,成交量,AP,
16,中信建投,1782.0,687.0,2025-06-17,AP2510,成交量,AP,
17,渤海期货,1719.0,805.0,2025-06-17,AP2510,成交量,AP,
18,国信期货,1631.0,733.0,2025-06-17,AP2510,成交量,AP,
19,宝城期货,1596.0,996.0,2025-06-17,AP2510,成交量,AP,
20,东方财富,1442.0,351.0,2025-06-17,AP2510,成交量,AP,
1,中信期货,5291.0,-6170.0,2025-06-18,AP2510,成交量,AP,
2,东证期货,4855.0,-4440.0,2025-06-18,AP2510,成交量,AP,
3,国泰君安,4163.0,-4773.0,2025-06-18,AP2510,成交量,AP,
4,广发期货,2591.0,-2150.0,2025-06-18,AP2510,成交量,AP,
5,海通期货,2008.0,-3304.0,2025-06-18,AP2510,成交量,AP,
6,徽商期货,1475.0,-1392.0,2025-06-18,AP2510,成交量,AP,
7,银河期货,1362.0,-1604.0,2025-06-18,AP2510,成交量,AP,
8,中泰期货,1345.0,-2640.0,2025-06-18,AP2510,成交量,AP,
9,光大期货,1329.0,-1775.0,2025-06-18,AP2510,成交量,AP,
10,东吴期货,1195.0,-1742.0,2025-06-18,AP2510,成交量,AP,
11,华泰期货,1136.0,-1151.0,2025-06-18,AP2510,成交量,AP,
12,方正中期,1082.0,-882.0,2025-06-18,AP2510,成交量,AP,
13,中信建投,1001.0,-781.0,2025-06-18,AP2510,成交量,AP,
14,浙商期货,994.0,-2610.0,2025-06-18,AP2510,成交量,AP,
15,长安期货,789.0,-374.0,2025-06-18,AP2510,成交量,AP,
16,天富期货,728.0,-410.0,2025-06-18,AP2510,成交量,AP,
17,国信期货,722.0,-909.0,2025-06-18,AP2510,成交量,AP,
18,东方汇金期货,713.0,-92.0,2025-06-18,AP2510,成交量,AP,
19,创元期货,706.0,-645.0,2025-06-18,AP2510,成交量,AP,
20,宏源期货,699.0,-500.0,2025-06-18,AP2510,成交量,AP,
1,中信期货,10515.0,5224.0,2025-06-19,AP2510,成交量,AP,
2,东证期货,9053.0,4198.0,2025-06-19,AP2510,成交量,AP,
3,国泰君安,7297.0,3134.0,2025-06-19,AP2510,成交量,AP,
4,广发期货,4187.0,1596.0,2025-06-19,AP2510,成交量,AP,
5,海通期货,4145.0,2137.0,2025-06-19,AP2510,成交量,AP,
6,光大期货,3779.0,2450.0,2025-06-19,AP2510,成交量,AP,
7,浙商期货,3050.0,2056.0,2025-06-19,AP2510,成交量,AP,
8,徽商期货,2967.0,1492.0,2025-06-19,AP2510,成交量,AP,
9,中泰期货,2739.0,1394.0,2025-06-19,AP2510,成交量,AP,
10,银河期货,2639.0,1277.0,2025-06-19,AP2510,成交量,AP,
11,东吴期货,2119.0,924.0,2025-06-19,AP2510,成交量,AP,
12,五矿期货,2071.0,1553.0,2025-06-19,AP2510,成交量,AP,
13,国贸期货,2052.0,1364.0,2025-06-19,AP2510,成交量,AP,
14,华泰期货,2031.0,895.0,2025-06-19,AP2510,成交量,AP,
15,瑞达期货,1815.0,1394.0,2025-06-19,AP2510,成交量,AP,
16,中信建投,1777.0,776.0,2025-06-19,AP2510,成交量,AP,
17,招商期货,1621.0,1043.0,2025-06-19,AP2510,成交量,AP,
18,方正中期,1524.0,442.0,2025-06-19,AP2510,成交量,AP,
19,国信期货,1510.0,788.0,2025-06-19,AP2510,成交量,AP,
20,国元期货,1491.0,811.0,2025-06-19,AP2510,成交量,AP,
1,中信期货,24354.0,13839.0,2025-06-20,AP2510,成交量,AP,
2,国泰君安,19082.0,11785.0,2025-06-20,AP2510,成交量,AP,
3,东证期货,18876.0,9823.0,2025-06-20,AP2510,成交量,AP,
4,海通期货,9397.0,5252.0,2025-06-20,AP2510,成交量,AP,
5,光大期货,7257.0,3478.0,2025-06-20,AP2510,成交量,AP,
6,广发期货,7212.0,3025.0,2025-06-20,AP2510,成交量,AP,
7,中泰期货,6455.0,3716.0,2025-06-20,AP2510,成交量,AP,
8,银河期货,5959.0,3320.0,2025-06-20,AP2510,成交量,AP,
9,徽商期货,5909.0,2942.0,2025-06-20,AP2510,成交量,AP,
10,华泰期货,5666.0,3635.0,2025-06-20,AP2510,成交量,AP,
11,浙商期货,5533.0,2483.0,2025-06-20,AP2510,成交量,AP,
12,东吴期货,3929.0,1810.0,2025-06-20,AP2510,成交量,AP,
13,国信期货,3788.0,2278.0,2025-06-20,AP2510,成交量,AP,
14,宏源期货,3651.0,2211.0,2025-06-20,AP2510,成交量,AP,
15,宝城期货,3573.0,2678.0,2025-06-20,AP2510,成交量,AP,
16,方正中期,3480.0,1956.0,2025-06-20,AP2510,成交量,AP,
17,五矿期货,3385.0,1314.0,2025-06-20,AP2510,成交量,AP,
18,国贸期货,3369.0,1317.0,2025-06-20,AP2510,成交量,AP,
19,瑞达期货,3104.0,1289.0,2025-06-20,AP2510,成交量,AP,
20,中信建投,3093.0,1316.0,2025-06-20,AP2510,成交量,AP,
1,中信期货,16888.0,-7466.0,2025-06-23,AP2510,成交量,AP,
2,东证期货,13557.0,-5319.0,2025-06-23,AP2510,成交量,AP,
3,国泰君安,11643.0,-7439.0,2025-06-23,AP2510,成交量,AP,
4,海通期货,6854.0,-2543.0,2025-06-23,AP2510,成交量,AP,
5,浙商期货,5391.0,-142.0,2025-06-23,AP2510,成交量,AP,
6,光大期货,5383.0,-1874.0,2025-06-23,AP2510,成交量,AP,
7,广发期货,4727.0,-2485.0,2025-06-23,AP2510,成交量,AP,
8,中泰期货,4359.0,-2096.0,2025-06-23,AP2510,成交量,AP,
9,华泰期货,3941.0,-1725.0,2025-06-23,AP2510,成交量,AP,
10,银河期货,3753.0,-2206.0,2025-06-23,AP2510,成交量,AP,
11,徽商期货,3007.0,-2902.0,2025-06-23,AP2510,成交量,AP,
12,中财期货,2536.0,-259.0,2025-06-23,AP2510,成交量,AP,
13,中信建投,2483.0,-610.0,2025-06-23,AP2510,成交量,AP,
14,国贸期货,2334.0,-1035.0,2025-06-23,AP2510,成交量,AP,
15,国信期货,2314.0,-1474.0,2025-06-23,AP2510,成交量,AP,
16,五矿期货,2162.0,-1223.0,2025-06-23,AP2510,成交量,AP,
17,方正中期,1996.0,-1484.0,2025-06-23,AP2510,成交量,AP,
18,瑞达期货,1957.0,-1147.0,2025-06-23,AP2510,成交量,AP,
19,一德期货,1850.0,-1107.0,2025-06-23,AP2510,成交量,AP,
20,宏源期货,1785.0,-1866.0,2025-06-23,AP2510,成交量,AP,
1,中信期货,9457.0,-7431.0,2025-06-24,AP2510,成交量,AP,
2,东证期货,9089.0,-4468.0,2025-06-24,AP2510,成交量,AP,
3,国泰君安,6346.0,-5297.0,2025-06-24,AP2510,成交量,AP,
4,海通期货,4011.0,-2843.0,2025-06-24,AP2510,成交量,AP,
5,浙商期货,3813.0,-1578.0,2025-06-24,AP2510,成交量,AP,
6,光大期货,3700.0,-1683.0,2025-06-24,AP2510,成交量,AP,
7,广发期货,3455.0,-1272.0,2025-06-24,AP2510,成交量,AP,
8,徽商期货,3008.0,1.0,2025-06-24,AP2510,成交量,AP,
9,银河期货,2794.0,-959.0,2025-06-24,AP2510,成交量,AP,
10,中泰期货,2652.0,-1707.0,2025-06-24,AP2510,成交量,AP,
11,中信建投,1630.0,-853.0,2025-06-24,AP2510,成交量,AP,
12,方正中期,1586.0,-410.0,2025-06-24,AP2510,成交量,AP,
13,国信期货,1582.0,-732.0,2025-06-24,AP2510,成交量,AP,
14,瑞达期货,1567.0,-390.0,2025-06-24,AP2510,成交量,AP,
15,国贸期货,1525.0,-809.0,2025-06-24,AP2510,成交量,AP,
16,招商期货,1304.0,-351.0,2025-06-24,AP2510,成交量,AP,
17,五矿期货,1232.0,-930.0,2025-06-24,AP2510,成交量,AP,
18,宏源期货,1226.0,-559.0,2025-06-24,AP2510,成交量,AP,
19,华泰期货,1223.0,-2718.0,2025-06-24,AP2510,成交量,AP,
20,中粮期货,1211.0,265.0,2025-06-24,AP2510,成交量,AP,
1,中信期货,7390.0,-2067.0,2025-06-25,AP2510,成交量,AP,
2,东证期货,6250.0,-2839.0,2025-06-25,AP2510,成交量,AP,
3,国泰君安,4775.0,-1571.0,2025-06-25,AP2510,成交量,AP,
4,广发期货,3049.0,-406.0,2025-06-25,AP2510,成交量,AP,
5,海通期货,2820.0,-1191.0,2025-06-25,AP2510,成交量,AP,
6,徽商期货,2208.0,-800.0,2025-06-25,AP2510,成交量,AP,
7,光大期货,2189.0,-1511.0,2025-06-25,AP2510,成交量,AP,
8,浙商期货,1848.0,-1965.0,2025-06-25,AP2510,成交量,AP,
9,中泰期货,1793.0,-859.0,2025-06-25,AP2510,成交量,AP,
10,银河期货,1537.0,-1257.0,2025-06-25,AP2510,成交量,AP,
11,中信建投,1526.0,-104.0,2025-06-25,AP2510,成交量,AP,
12,东吴期货,1482.0,281.0,2025-06-25,AP2510,成交量,AP,
13,方正中期,1461.0,-125.0,2025-06-25,AP2510,成交量,AP,
14,国贸期货,1311.0,-214.0,2025-06-25,AP2510,成交量,AP,
15,瑞达期货,1294.0,-273.0,2025-06-25,AP2510,成交量,AP,
16,华泰期货,1168.0,-55.0,2025-06-25,AP2510,成交量,AP,
17,国信期货,1150.0,-432.0,2025-06-25,AP2510,成交量,AP,
18,东方财富,1029.0,4.0,2025-06-25,AP2510,成交量,AP,
19,鑫鼎盛期货,1003.0,785.0,2025-06-25,AP2510,成交量,AP,
20,国元期货,996.0,41.0,2025-06-25,AP2510,成交量,AP,
1,中信期货,8834.0,1444.0,2025-06-26,AP2510,成交量,AP,
2,东证期货,8357.0,2107.0,2025-06-26,AP2510,成交量,AP,
3,国泰君安,5666.0,891.0,2025-06-26,AP2510,成交量,AP,
4,广发期货,3961.0,912.0,2025-06-26,AP2510,成交量,AP,
5,海通期货,2952.0,132.0,2025-06-26,AP2510,成交量,AP,
6,光大期货,2679.0,490.0,2025-06-26,AP2510,成交量,AP,
7,银河期货,2230.0,693.0,2025-06-26,AP2510,成交量,AP,
8,浙商期货,2195.0,347.0,2025-06-26,AP2510,成交量,AP,
9,中泰期货,2182.0,389.0,2025-06-26,AP2510,成交量,AP,
10,徽商期货,1991.0,-217.0,2025-06-26,AP2510,成交量,AP,
11,国贸期货,1991.0,680.0,2025-06-26,AP2510,成交量,AP,
12,华泰期货,1841.0,673.0,2025-06-26,AP2510,成交量,AP,
13,冠通期货,1691.0,1386.0,2025-06-26,AP2510,成交量,AP,
14,方正中期,1497.0,36.0,2025-06-26,AP2510,成交量,AP,
15,东吴期货,1304.0,-178.0,2025-06-26,AP2510,成交量,AP,
16,中信建投,1240.0,-286.0,2025-06-26,AP2510,成交量,AP,
17,国信期货,1189.0,39.0,2025-06-26,AP2510,成交量,AP,
18,宏源期货,1133.0,200.0,2025-06-26,AP2510,成交量,AP,
19,渤海期货,1112.0,293.0,2025-06-26,AP2510,成交量,AP,
20,南华期货,1085.0,473.0,2025-06-26,AP2510,成交量,AP,
1,东证期货,6551.0,-1806.0,2025-06-27,AP2510,成交量,AP,
2,中信期货,6361.0,-2473.0,2025-06-27,AP2510,成交量,AP,
3,国泰君安,5361.0,-305.0,2025-06-27,AP2510,成交量,AP,
4,广发期货,3467.0,-494.0,2025-06-27,AP2510,成交量,AP,
5,海通期货,2610.0,-342.0,2025-06-27,AP2510,成交量,AP,
6,光大期货,2398.0,-281.0,2025-06-27,AP2510,成交量,AP,
7,徽商期货,2349.0,358.0,2025-06-27,AP2510,成交量,AP,
8,国元期货,2016.0,1001.0,2025-06-27,AP2510,成交量,AP,
9,浙商期货,1935.0,-260.0,2025-06-27,AP2510,成交量,AP,
10,中泰期货,1812.0,-370.0,2025-06-27,AP2510,成交量,AP,
11,银河期货,1795.0,-435.0,2025-06-27,AP2510,成交量,AP,
12,中信建投,1688.0,448.0,2025-06-27,AP2510,成交量,AP,
13,宏源期货,1647.0,514.0,2025-06-27,AP2510,成交量,AP,
14,国贸期货,1573.0,-418.0,2025-06-27,AP2510,成交量,AP,
15,中粮期货,1456.0,475.0,2025-06-27,AP2510,成交量,AP,
16,东吴期货,1290.0,-14.0,2025-06-27,AP2510,成交量,AP,
17,紫金天风,1283.0,1064.0,2025-06-27,AP2510,成交量,AP,
18,东方财富,1202.0,280.0,2025-06-27,AP2510,成交量,AP,
19,方正中期,1201.0,-296.0,2025-06-27,AP2510,成交量,AP,
20,招商期货,1145.0,75.0,2025-06-27,AP2510,成交量,AP,
1,东证期货,11358.0,4807.0,2025-06-30,AP2510,成交量,AP,
2,中信期货,9852.0,3491.0,2025-06-30,AP2510,成交量,AP,
3,国泰君安,7668.0,2307.0,2025-06-30,AP2510,成交量,AP,
4,中泰期货,4013.0,2201.0,2025-06-30,AP2510,成交量,AP,
5,广发期货,3990.0,523.0,2025-06-30,AP2510,成交量,AP,
6,海通期货,3520.0,910.0,2025-06-30,AP2510,成交量,AP,
7,光大期货,3455.0,1057.0,2025-06-30,AP2510,成交量,AP,
8,浙商期货,3198.0,1263.0,2025-06-30,AP2510,成交量,AP,
9,徽商期货,3196.0,847.0,2025-06-30,AP2510,成交量,AP,
10,银河期货,2704.0,909.0,2025-06-30,AP2510,成交量,AP,
11,招商期货,2116.0,971.0,2025-06-30,AP2510,成交量,AP,
12,方正中期,2107.0,906.0,2025-06-30,AP2510,成交量,AP,
13,国信期货,1945.0,988.0,2025-06-30,AP2510,成交量,AP,
14,国贸期货,1941.0,368.0,2025-06-30,AP2510,成交量,AP,
15,华泰期货,1921.0,929.0,2025-06-30,AP2510,成交量,AP,
16,宏源期货,1828.0,181.0,2025-06-30,AP2510,成交量,AP,
17,中信建投,1785.0,97.0,2025-06-30,AP2510,成交量,AP,
18,东吴期货,1683.0,393.0,2025-06-30,AP2510,成交量,AP,
19,中粮期货,1601.0,145.0,2025-06-30,AP2510,成交量,AP,
20,东方财富,1589.0,387.0,2025-06-30,AP2510,成交量,AP,
1,中信期货,8816.0,-1036.0,2025-07-01,AP2510,成交量,AP,
2,东证期货,7221.0,-4137.0,2025-07-01,AP2510,成交量,AP,
3,国泰君安,5364.0,-2304.0,2025-07-01,AP2510,成交量,AP,
4,广发期货,3417.0,-573.0,2025-07-01,AP2510,成交量,AP,
5,浙商期货,3285.0,87.0,2025-07-01,AP2510,成交量,AP,
6,海通期货,3061.0,-459.0,2025-07-01,AP2510,成交量,AP,
7,中泰期货,2716.0,-1297.0,2025-07-01,AP2510,成交量,AP,
8,光大期货,2550.0,-905.0,2025-07-01,AP2510,成交量,AP,
9,徽商期货,2250.0,-946.0,2025-07-01,AP2510,成交量,AP,
10,银河期货,2012.0,-692.0,2025-07-01,AP2510,成交量,AP,
11,中辉期货,1648.0,299.0,2025-07-01,AP2510,成交量,AP,
12,国元期货,1575.0,16.0,2025-07-01,AP2510,成交量,AP,
13,招商期货,1544.0,-572.0,2025-07-01,AP2510,成交量,AP,
14,国信期货,1508.0,-437.0,2025-07-01,AP2510,成交量,AP,
15,中信建投,1498.0,-287.0,2025-07-01,AP2510,成交量,AP,
16,华泰期货,1497.0,-424.0,2025-07-01,AP2510,成交量,AP,
17,方正中期,1415.0,-692.0,2025-07-01,AP2510,成交量,AP,
18,安粮期货,1228.0,77.0,2025-07-01,AP2510,成交量,AP,
19,宏源期货,1202.0,-626.0,2025-07-01,AP2510,成交量,AP,
20,渤海期货,1134.0,-46.0,2025-07-01,AP2510,成交量,AP,
1,中信期货,8568.0,-248.0,2025-07-02,AP2510,成交量,AP,
2,东证期货,6660.0,-561.0,2025-07-02,AP2510,成交量,AP,
3,国泰君安,5851.0,487.0,2025-07-02,AP2510,成交量,AP,
4,光大期货,3587.0,1037.0,2025-07-02,AP2510,成交量,AP,
5,广发期货,3540.0,123.0,2025-07-02,AP2510,成交量,AP,
6,海通期货,3075.0,14.0,2025-07-02,AP2510,成交量,AP,
7,银河期货,2456.0,444.0,2025-07-02,AP2510,成交量,AP,
8,中泰期货,2356.0,-360.0,2025-07-02,AP2510,成交量,AP,
9,浙商期货,2218.0,-1067.0,2025-07-02,AP2510,成交量,AP,
10,徽商期货,2130.0,-120.0,2025-07-02,AP2510,成交量,AP,
11,方正中期,1930.0,515.0,2025-07-02,AP2510,成交量,AP,
12,东吴期货,1848.0,737.0,2025-07-02,AP2510,成交量,AP,
13,招商期货,1762.0,218.0,2025-07-02,AP2510,成交量,AP,
14,中信建投,1616.0,118.0,2025-07-02,AP2510,成交量,AP,
15,国信期货,1574.0,66.0,2025-07-02,AP2510,成交量,AP,
16,宏源期货,1557.0,355.0,2025-07-02,AP2510,成交量,AP,
17,国元期货,1450.0,-125.0,2025-07-02,AP2510,成交量,AP,
18,华泰期货,1399.0,-98.0,2025-07-02,AP2510,成交量,AP,
19,华闻期货,1304.0,528.0,2025-07-02,AP2510,成交量,AP,
20,齐盛期货,1194.0,409.0,2025-07-02,AP2510,成交量,AP,
1,中信期货,6970.0,-1598.0,2025-07-03,AP2510,成交量,AP,
2,国泰君安,6069.0,218.0,2025-07-03,AP2510,成交量,AP,
3,东证期货,5240.0,-1420.0,2025-07-03,AP2510,成交量,AP,
4,广发期货,3051.0,-489.0,2025-07-03,AP2510,成交量,AP,
5,海通期货,2979.0,-96.0,2025-07-03,AP2510,成交量,AP,
6,光大期货,2937.0,-650.0,2025-07-03,AP2510,成交量,AP,
7,东吴期货,2406.0,558.0,2025-07-03,AP2510,成交量,AP,
8,浙商期货,2174.0,-44.0,2025-07-03,AP2510,成交量,AP,
9,银河期货,1937.0,-519.0,2025-07-03,AP2510,成交量,AP,
10,中泰期货,1900.0,-456.0,2025-07-03,AP2510,成交量,AP,
11,国信期货,1824.0,250.0,2025-07-03,AP2510,成交量,AP,
12,徽商期货,1786.0,-344.0,2025-07-03,AP2510,成交量,AP,
13,中信建投,1554.0,-62.0,2025-07-03,AP2510,成交量,AP,
14,华泰期货,1370.0,-29.0,2025-07-03,AP2510,成交量,AP,
15,方正中期,1342.0,-588.0,2025-07-03,AP2510,成交量,AP,
16,渤海期货,1219.0,428.0,2025-07-03,AP2510,成交量,AP,
17,中辉期货,1170.0,415.0,2025-07-03,AP2510,成交量,AP,
18,齐盛期货,1095.0,-99.0,2025-07-03,AP2510,成交量,AP,
19,永安期货,1088.0,526.0,2025-07-03,AP2510,成交量,AP,
20,长安期货,1052.0,-12.0,2025-07-03,AP2510,成交量,AP,
1,中信期货,10106.0,3136.0,2025-07-04,AP2510,成交量,AP,
2,东证期货,9768.0,4528.0,2025-07-04,AP2510,成交量,AP,
3,国泰君安,8603.0,2534.0,2025-07-04,AP2510,成交量,AP,
4,海通期货,4554.0,1575.0,2025-07-04,AP2510,成交量,AP,
5,浙商期货,4378.0,2204.0,2025-07-04,AP2510,成交量,AP,
6,光大期货,4043.0,1106.0,2025-07-04,AP2510,成交量,AP,
7,广发期货,3590.0,539.0,2025-07-04,AP2510,成交量,AP,
8,徽商期货,2837.0,1051.0,2025-07-04,AP2510,成交量,AP,
9,银河期货,2708.0,771.0,2025-07-04,AP2510,成交量,AP,
10,宝城期货,2619.0,1821.0,2025-07-04,AP2510,成交量,AP,
11,中泰期货,2408.0,508.0,2025-07-04,AP2510,成交量,AP,
12,东吴期货,2373.0,-33.0,2025-07-04,AP2510,成交量,AP,
13,华闻期货,2123.0,1199.0,2025-07-04,AP2510,成交量,AP,
14,渤海期货,1976.0,757.0,2025-07-04,AP2510,成交量,AP,
15,宏源期货,1955.0,1070.0,2025-07-04,AP2510,成交量,AP,
16,华泰期货,1821.0,451.0,2025-07-04,AP2510,成交量,AP,
17,华西期货,1794.0,1160.0,2025-07-04,AP2510,成交量,AP,
18,新湖期货,1688.0,1204.0,2025-07-04,AP2510,成交量,AP,
19,南华期货,1639.0,725.0,2025-07-04,AP2510,成交量,AP,
20,国信期货,1634.0,-190.0,2025-07-04,AP2510,成交量,AP,
1,中信期货,7113.0,-2993.0,2025-07-07,AP2510,成交量,AP,
2,东证期货,5357.0,-4411.0,2025-07-07,AP2510,成交量,AP,
3,国泰君安,4814.0,-3789.0,2025-07-07,AP2510,成交量,AP,
4,光大期货,2847.0,-1196.0,2025-07-07,AP2510,成交量,AP,
5,海通期货,2222.0,-2332.0,2025-07-07,AP2510,成交量,AP,
6,浙商期货,1887.0,-2491.0,2025-07-07,AP2510,成交量,AP,
7,徽商期货,1700.0,-1137.0,2025-07-07,AP2510,成交量,AP,
8,广发期货,1607.0,-1983.0,2025-07-07,AP2510,成交量,AP,
9,五矿期货,1551.0,866.0,2025-07-07,AP2510,成交量,AP,
10,中泰期货,1516.0,-892.0,2025-07-07,AP2510,成交量,AP,
11,银河期货,1509.0,-1199.0,2025-07-07,AP2510,成交量,AP,
12,方正中期,1387.0,-63.0,2025-07-07,AP2510,成交量,AP,
13,华泰期货,1218.0,-603.0,2025-07-07,AP2510,成交量,AP,
14,招商期货,1179.0,-63.0,2025-07-07,AP2510,成交量,AP,
15,宏源期货,1168.0,-787.0,2025-07-07,AP2510,成交量,AP,
16,华闻期货,1087.0,-1036.0,2025-07-07,AP2510,成交量,AP,
17,东吴期货,1037.0,-1336.0,2025-07-07,AP2510,成交量,AP,
18,中财期货,1028.0,-407.0,2025-07-07,AP2510,成交量,AP,
19,国信期货,994.0,-640.0,2025-07-07,AP2510,成交量,AP,
20,华西期货,934.0,-860.0,2025-07-07,AP2510,成交量,AP,
1,中信期货,13371.0,6258.0,2025-07-08,AP2510,成交量,AP,
2,东证期货,10621.0,5264.0,2025-07-08,AP2510,成交量,AP,
3,国泰君安,9292.0,4478.0,2025-07-08,AP2510,成交量,AP,
4,广发期货,5331.0,3724.0,2025-07-08,AP2510,成交量,AP,
5,光大期货,4689.0,1842.0,2025-07-08,AP2510,成交量,AP,
6,海通期货,4252.0,2030.0,2025-07-08,AP2510,成交量,AP,
7,银河期货,3389.0,1880.0,2025-07-08,AP2510,成交量,AP,
8,中泰期货,3260.0,1744.0,2025-07-08,AP2510,成交量,AP,
9,徽商期货,3252.0,1552.0,2025-07-08,AP2510,成交量,AP,
10,浙商期货,3093.0,1206.0,2025-07-08,AP2510,成交量,AP,
11,华泰期货,2425.0,1207.0,2025-07-08,AP2510,成交量,AP,
12,国信期货,2301.0,1307.0,2025-07-08,AP2510,成交量,AP,
13,齐盛期货,2207.0,1593.0,2025-07-08,AP2510,成交量,AP,
14,华闻期货,2154.0,1067.0,2025-07-08,AP2510,成交量,AP,
15,方正中期,2071.0,684.0,2025-07-08,AP2510,成交量,AP,
16,创元期货,2026.0,1260.0,2025-07-08,AP2510,成交量,AP,
17,中信建投,1970.0,1045.0,2025-07-08,AP2510,成交量,AP,
18,招商期货,1939.0,760.0,2025-07-08,AP2510,成交量,AP,
19,五矿期货,1854.0,303.0,2025-07-08,AP2510,成交量,AP,
20,宏源期货,1802.0,634.0,2025-07-08,AP2510,成交量,AP,
1,中信期货,16172.0,2801.0,2025-07-09,AP2510,成交量,AP,
2,东证期货,13625.0,3004.0,2025-07-09,AP2510,成交量,AP,
3,国泰君安,12675.0,3383.0,2025-07-09,AP2510,成交量,AP,
4,广发期货,6898.0,1567.0,2025-07-09,AP2510,成交量,AP,
5,光大期货,6515.0,1826.0,2025-07-09,AP2510,成交量,AP,
6,海通期货,6267.0,2015.0,2025-07-09,AP2510,成交量,AP,
7,中泰期货,4020.0,760.0,2025-07-09,AP2510,成交量,AP,
8,银河期货,3874.0,485.0,2025-07-09,AP2510,成交量,AP,
9,徽商期货,3734.0,482.0,2025-07-09,AP2510,成交量,AP,
10,浙商期货,3719.0,626.0,2025-07-09,AP2510,成交量,AP,
11,华泰期货,3613.0,1188.0,2025-07-09,AP2510,成交量,AP,
12,方正中期,3584.0,1513.0,2025-07-09,AP2510,成交量,AP,
13,中财期货,3137.0,1344.0,2025-07-09,AP2510,成交量,AP,
14,华闻期货,2772.0,618.0,2025-07-09,AP2510,成交量,AP,
15,齐盛期货,2541.0,334.0,2025-07-09,AP2510,成交量,AP,
16,招商期货,2467.0,528.0,2025-07-09,AP2510,成交量,AP,
17,宏源期货,2398.0,596.0,2025-07-09,AP2510,成交量,AP,
18,东吴期货,2389.0,690.0,2025-07-09,AP2510,成交量,AP,
19,中信建投,2352.0,382.0,2025-07-09,AP2510,成交量,AP,
20,国信期货,2324.0,23.0,2025-07-09,AP2510,成交量,AP,
1,中信期货,9651.0,-6521.0,2025-07-10,AP2510,成交量,AP,
2,国泰君安,6819.0,-5856.0,2025-07-10,AP2510,成交量,AP,
3,东证期货,6371.0,-7254.0,2025-07-10,AP2510,成交量,AP,
4,广发期货,3945.0,-2953.0,2025-07-10,AP2510,成交量,AP,
5,光大期货,3016.0,-3499.0,2025-07-10,AP2510,成交量,AP,
6,海通期货,2495.0,-3772.0,2025-07-10,AP2510,成交量,AP,
7,徽商期货,2095.0,-1639.0,2025-07-10,AP2510,成交量,AP,
8,中泰期货,2066.0,-1954.0,2025-07-10,AP2510,成交量,AP,
9,银河期货,1879.0,-1995.0,2025-07-10,AP2510,成交量,AP,
10,浙商期货,1876.0,-1843.0,2025-07-10,AP2510,成交量,AP,
11,方正中期,1617.0,-1967.0,2025-07-10,AP2510,成交量,AP,
12,华闻期货,1561.0,-1211.0,2025-07-10,AP2510,成交量,AP,
13,国信期货,1351.0,-973.0,2025-07-10,AP2510,成交量,AP,
14,东吴期货,1325.0,-1064.0,2025-07-10,AP2510,成交量,AP,
15,华泰期货,1314.0,-2299.0,2025-07-10,AP2510,成交量,AP,
16,南华期货,1309.0,-596.0,2025-07-10,AP2510,成交量,AP,
17,宏源期货,1190.0,-1208.0,2025-07-10,AP2510,成交量,AP,
18,瑞达期货,1165.0,-732.0,2025-07-10,AP2510,成交量,AP,
19,中信建投,1165.0,-1187.0,2025-07-10,AP2510,成交量,AP,
20,齐盛期货,1073.0,-1468.0,2025-07-10,AP2510,成交量,AP,
1,中信期货,12736.0,3085.0,2025-07-11,AP2510,成交量,AP,
2,国泰君安,11054.0,4235.0,2025-07-11,AP2510,成交量,AP,
3,东证期货,9352.0,2981.0,2025-07-11,AP2510,成交量,AP,
4,海通期货,5955.0,3460.0,2025-07-11,AP2510,成交量,AP,
5,光大期货,5614.0,2598.0,2025-07-11,AP2510,成交量,AP,
6,中泰期货,4000.0,1934.0,2025-07-11,AP2510,成交量,AP,
7,广发期货,3748.0,-197.0,2025-07-11,AP2510,成交量,AP,
8,银河期货,3400.0,1521.0,2025-07-11,AP2510,成交量,AP,
9,徽商期货,3038.0,943.0,2025-07-11,AP2510,成交量,AP,
10,浙商期货,2923.0,1047.0,2025-07-11,AP2510,成交量,AP,
11,中财期货,2812.0,2138.0,2025-07-11,AP2510,成交量,AP,
12,华闻期货,2811.0,1250.0,2025-07-11,AP2510,成交量,AP,
13,方正中期,2619.0,1002.0,2025-07-11,AP2510,成交量,AP,
14,华泰期货,2390.0,1076.0,2025-07-11,AP2510,成交量,AP,
15,宝城期货,2338.0,1534.0,2025-07-11,AP2510,成交量,AP,
16,五矿期货,2303.0,1332.0,2025-07-11,AP2510,成交量,AP,
17,齐盛期货,2255.0,1182.0,2025-07-11,AP2510,成交量,AP,
18,国元期货,2028.0,1012.0,2025-07-11,AP2510,成交量,AP,
19,瑞达期货,2001.0,836.0,2025-07-11,AP2510,成交量,AP,
20,南华期货,1939.0,630.0,2025-07-11,AP2510,成交量,AP,
1,中信期货,10053.0,-2683.0,2025-07-14,AP2510,成交量,AP,
2,东证期货,8609.0,-743.0,2025-07-14,AP2510,成交量,AP,
3,国泰君安,6160.0,-4894.0,2025-07-14,AP2510,成交量,AP,
4,光大期货,3800.0,-1814.0,2025-07-14,AP2510,成交量,AP,
5,海通期货,3139.0,-2816.0,2025-07-14,AP2510,成交量,AP,
6,浙商期货,3114.0,191.0,2025-07-14,AP2510,成交量,AP,
7,中泰期货,2743.0,-1257.0,2025-07-14,AP2510,成交量,AP,
8,广发期货,2431.0,-1317.0,2025-07-14,AP2510,成交量,AP,
9,徽商期货,2359.0,-679.0,2025-07-14,AP2510,成交量,AP,
10,长安期货,2175.0,253.0,2025-07-14,AP2510,成交量,AP,
11,华闻期货,1691.0,-1120.0,2025-07-14,AP2510,成交量,AP,
12,东吴期货,1616.0,141.0,2025-07-14,AP2510,成交量,AP,
13,华西期货,1599.0,-304.0,2025-07-14,AP2510,成交量,AP,
14,银河期货,1479.0,-1921.0,2025-07-14,AP2510,成交量,AP,
15,华泰期货,1346.0,-1044.0,2025-07-14,AP2510,成交量,AP,
16,中信建投,1263.0,-375.0,2025-07-14,AP2510,成交量,AP,
17,宝城期货,1196.0,-1142.0,2025-07-14,AP2510,成交量,AP,
18,方正中期,1162.0,-1457.0,2025-07-14,AP2510,成交量,AP,
19,五矿期货,1147.0,-1156.0,2025-07-14,AP2510,成交量,AP,
20,渤海期货,1044.0,-616.0,2025-07-14,AP2510,成交量,AP,
1,中信期货,7545.0,-2508.0,2025-07-15,AP2510,成交量,AP,
2,国泰君安,4932.0,-1228.0,2025-07-15,AP2510,成交量,AP,
3,东证期货,4627.0,-3982.0,2025-07-15,AP2510,成交量,AP,
4,光大期货,3003.0,-797.0,2025-07-15,AP2510,成交量,AP,
5,广发期货,2722.0,291.0,2025-07-15,AP2510,成交量,AP,
6,中泰期货,2603.0,-140.0,2025-07-15,AP2510,成交量,AP,
7,海通期货,2347.0,-792.0,2025-07-15,AP2510,成交量,AP,
8,银河期货,1931.0,452.0,2025-07-15,AP2510,成交量,AP,
9,浙商期货,1859.0,-1255.0,2025-07-15,AP2510,成交量,AP,
10,东吴期货,1814.0,198.0,2025-07-15,AP2510,成交量,AP,
11,徽商期货,1781.0,-578.0,2025-07-15,AP2510,成交量,AP,
12,华泰期货,1483.0,137.0,2025-07-15,AP2510,成交量,AP,
13,五矿期货,1247.0,100.0,2025-07-15,AP2510,成交量,AP,
14,瑞达期货,1221.0,399.0,2025-07-15,AP2510,成交量,AP,
15,招商期货,1155.0,137.0,2025-07-15,AP2510,成交量,AP,
16,华闻期货,1152.0,-539.0,2025-07-15,AP2510,成交量,AP,
17,中信建投,1115.0,-148.0,2025-07-15,AP2510,成交量,AP,
18,长安期货,1047.0,-1128.0,2025-07-15,AP2510,成交量,AP,
19,中财期货,1011.0,181.0,2025-07-15,AP2510,成交量,AP,
20,安粮期货,982.0,493.0,2025-07-15,AP2510,成交量,AP,
1,中信期货,7262.0,-283.0,2025-07-16,AP2510,成交量,AP,
2,东证期货,5842.0,1215.0,2025-07-16,AP2510,成交量,AP,
3,国泰君安,5065.0,133.0,2025-07-16,AP2510,成交量,AP,
4,广发期货,3467.0,745.0,2025-07-16,AP2510,成交量,AP,
5,光大期货,3046.0,43.0,2025-07-16,AP2510,成交量,AP,
6,海通期货,2650.0,303.0,2025-07-16,AP2510,成交量,AP,
7,徽商期货,2305.0,524.0,2025-07-16,AP2510,成交量,AP,
8,中泰期货,2184.0,-419.0,2025-07-16,AP2510,成交量,AP,
9,浙商期货,1807.0,-52.0,2025-07-16,AP2510,成交量,AP,
10,银河期货,1752.0,-179.0,2025-07-16,AP2510,成交量,AP,
11,五矿期货,1653.0,406.0,2025-07-16,AP2510,成交量,AP,
12,华闻期货,1550.0,398.0,2025-07-16,AP2510,成交量,AP,
13,中信建投,1354.0,239.0,2025-07-16,AP2510,成交量,AP,
14,渤海期货,1248.0,466.0,2025-07-16,AP2510,成交量,AP,
15,方正中期,1209.0,235.0,2025-07-16,AP2510,成交量,AP,
16,华泰期货,1193.0,-290.0,2025-07-16,AP2510,成交量,AP,
17,长安期货,1191.0,144.0,2025-07-16,AP2510,成交量,AP,
18,宝城期货,1109.0,164.0,2025-07-16,AP2510,成交量,AP,
19,中财期货,1100.0,89.0,2025-07-16,AP2510,成交量,AP,
20,创元期货,1084.0,368.0,2025-07-16,AP2510,成交量,AP,
1,中信期货,4665.0,-2597.0,2025-07-17,AP2510,成交量,AP,
2,东证期货,3911.0,-1931.0,2025-07-17,AP2510,成交量,AP,
3,国泰君安,3869.0,-1196.0,2025-07-17,AP2510,成交量,AP,
4,海通期货,1867.0,-783.0,2025-07-17,AP2510,成交量,AP,
5,光大期货,1839.0,-1207.0,2025-07-17,AP2510,成交量,AP,
6,中泰期货,1791.0,-393.0,2025-07-17,AP2510,成交量,AP,
7,广发期货,1775.0,-1692.0,2025-07-17,AP2510,成交量,AP,
8,浙商期货,1523.0,-284.0,2025-07-17,AP2510,成交量,AP,
9,银河期货,1169.0,-583.0,2025-07-17,AP2510,成交量,AP,
10,徽商期货,1086.0,-1219.0,2025-07-17,AP2510,成交量,AP,
11,方正中期,928.0,-281.0,2025-07-17,AP2510,成交量,AP,
12,华闻期货,874.0,-676.0,2025-07-17,AP2510,成交量,AP,
13,中信建投,813.0,-541.0,2025-07-17,AP2510,成交量,AP,
14,宏源期货,803.0,-57.0,2025-07-17,AP2510,成交量,AP,
15,五矿期货,716.0,-937.0,2025-07-17,AP2510,成交量,AP,
16,齐盛期货,677.0,66.0,2025-07-17,AP2510,成交量,AP,
17,华泰期货,675.0,-518.0,2025-07-17,AP2510,成交量,AP,
18,东吴期货,655.0,-252.0,2025-07-17,AP2510,成交量,AP,
19,招商期货,635.0,-283.0,2025-07-17,AP2510,成交量,AP,
20,国信期货,632.0,-301.0,2025-07-17,AP2510,成交量,AP,
1,中信期货,8399.0,3734.0,2025-07-18,AP2510,成交量,AP,
2,国泰君安,7665.0,3796.0,2025-07-18,AP2510,成交量,AP,
3,东证期货,7049.0,3138.0,2025-07-18,AP2510,成交量,AP,
4,光大期货,4707.0,2868.0,2025-07-18,AP2510,成交量,AP,
5,海通期货,3822.0,1955.0,2025-07-18,AP2510,成交量,AP,
6,中泰期货,3178.0,1387.0,2025-07-18,AP2510,成交量,AP,
7,浙商期货,2983.0,1460.0,2025-07-18,AP2510,成交量,AP,
8,广发期货,2561.0,786.0,2025-07-18,AP2510,成交量,AP,
9,徽商期货,2323.0,1237.0,2025-07-18,AP2510,成交量,AP,
10,中财期货,2028.0,1556.0,2025-07-18,AP2510,成交量,AP,
11,银河期货,1957.0,788.0,2025-07-18,AP2510,成交量,AP,
12,中信建投,1884.0,1071.0,2025-07-18,AP2510,成交量,AP,
13,华泰期货,1801.0,1126.0,2025-07-18,AP2510,成交量,AP,
14,华西期货,1796.0,1503.0,2025-07-18,AP2510,成交量,AP,
15,方正中期,1630.0,702.0,2025-07-18,AP2510,成交量,AP,
16,五矿期货,1623.0,907.0,2025-07-18,AP2510,成交量,AP,
17,渤海期货,1595.0,1389.0,2025-07-18,AP2510,成交量,AP,
18,东吴期货,1572.0,917.0,2025-07-18,AP2510,成交量,AP,
19,宝城期货,1554.0,1181.0,2025-07-18,AP2510,成交量,AP,
20,华闻期货,1485.0,611.0,2025-07-18,AP2510,成交量,AP,
1,东证期货,6590.0,-459.0,2025-07-21,AP2510,成交量,AP,
2,中信期货,6469.0,-1930.0,2025-07-21,AP2510,成交量,AP,
3,国泰君安,6164.0,-1501.0,2025-07-21,AP2510,成交量,AP,
4,光大期货,5049.0,342.0,2025-07-21,AP2510,成交量,AP,
5,中泰期货,3118.0,-60.0,2025-07-21,AP2510,成交量,AP,
6,中财期货,2703.0,675.0,2025-07-21,AP2510,成交量,AP,
7,浙商期货,2415.0,-568.0,2025-07-21,AP2510,成交量,AP,
8,徽商期货,2413.0,90.0,2025-07-21,AP2510,成交量,AP,
9,海通期货,2375.0,-1447.0,2025-07-21,AP2510,成交量,AP,
10,广发期货,2212.0,-349.0,2025-07-21,AP2510,成交量,AP,
11,银河期货,1745.0,-212.0,2025-07-21,AP2510,成交量,AP,
12,华西期货,1729.0,-67.0,2025-07-21,AP2510,成交量,AP,
13,中信建投,1571.0,-313.0,2025-07-21,AP2510,成交量,AP,
14,华闻期货,1480.0,-5.0,2025-07-21,AP2510,成交量,AP,
15,宝城期货,1440.0,-114.0,2025-07-21,AP2510,成交量,AP,
16,华泰期货,1365.0,-436.0,2025-07-21,AP2510,成交量,AP,
17,一德期货,1344.0,162.0,2025-07-21,AP2510,成交量,AP,
18,方正中期,1322.0,-308.0,2025-07-21,AP2510,成交量,AP,
19,齐盛期货,1309.0,109.0,2025-07-21,AP2510,成交量,AP,
20,国贸期货,1296.0,-46.0,2025-07-21,AP2510,成交量,AP,
1,东证期货,8743.0,2153.0,2025-07-22,AP2510,成交量,AP,
2,中信期货,7663.0,1194.0,2025-07-22,AP2510,成交量,AP,
3,国泰君安,6316.0,152.0,2025-07-22,AP2510,成交量,AP,
4,光大期货,3702.0,-1347.0,2025-07-22,AP2510,成交量,AP,
5,广发期货,2954.0,742.0,2025-07-22,AP2510,成交量,AP,
6,海通期货,2913.0,538.0,2025-07-22,AP2510,成交量,AP,
7,中财期货,2436.0,-267.0,2025-07-22,AP2510,成交量,AP,
8,浙商期货,2373.0,-42.0,2025-07-22,AP2510,成交量,AP,
9,中泰期货,2085.0,-1033.0,2025-07-22,AP2510,成交量,AP,
10,银河期货,1944.0,199.0,2025-07-22,AP2510,成交量,AP,
11,徽商期货,1918.0,-495.0,2025-07-22,AP2510,成交量,AP,
12,盛达期货,1788.0,677.0,2025-07-22,AP2510,成交量,AP,
13,华西期货,1765.0,36.0,2025-07-22,AP2510,成交量,AP,
14,一德期货,1684.0,340.0,2025-07-22,AP2510,成交量,AP,
15,方正中期,1683.0,361.0,2025-07-22,AP2510,成交量,AP,
16,华泰期货,1518.0,153.0,2025-07-22,AP2510,成交量,AP,
17,华闻期货,1422.0,-58.0,2025-07-22,AP2510,成交量,AP,
18,五矿期货,1377.0,113.0,2025-07-22,AP2510,成交量,AP,
19,国信期货,1332.0,312.0,2025-07-22,AP2510,成交量,AP,
20,南华期货,1301.0,577.0,2025-07-22,AP2510,成交量,AP,
1,东证期货,8779.0,36.0,2025-07-23,AP2510,成交量,AP,
2,国泰君安,7943.0,1627.0,2025-07-23,AP2510,成交量,AP,
3,中信期货,6435.0,-1228.0,2025-07-23,AP2510,成交量,AP,
4,光大期货,4611.0,909.0,2025-07-23,AP2510,成交量,AP,
5,浙商期货,3557.0,1184.0,2025-07-23,AP2510,成交量,AP,
6,海通期货,2522.0,-391.0,2025-07-23,AP2510,成交量,AP,
7,广发期货,2060.0,-894.0,2025-07-23,AP2510,成交量,AP,
8,华西期货,1909.0,144.0,2025-07-23,AP2510,成交量,AP,
9,中泰期货,1901.0,-184.0,2025-07-23,AP2510,成交量,AP,
10,华闻期货,1741.0,319.0,2025-07-23,AP2510,成交量,AP,
11,银河期货,1680.0,-264.0,2025-07-23,AP2510,成交量,AP,
12,宝城期货,1556.0,536.0,2025-07-23,AP2510,成交量,AP,
13,徽商期货,1555.0,-363.0,2025-07-23,AP2510,成交量,AP,
14,中信建投,1487.0,315.0,2025-07-23,AP2510,成交量,AP,
15,华泰期货,1307.0,-211.0,2025-07-23,AP2510,成交量,AP,
16,方正中期,1226.0,-457.0,2025-07-23,AP2510,成交量,AP,
17,国信期货,1186.0,-146.0,2025-07-23,AP2510,成交量,AP,
18,南华期货,1182.0,-119.0,2025-07-23,AP2510,成交量,AP,
19,上海东亚,1177.0,1017.0,2025-07-23,AP2510,成交量,AP,
20,长安期货,1163.0,114.0,2025-07-23,AP2510,成交量,AP,
1,中信期货,5254.0,-1181.0,2025-07-24,AP2510,成交量,AP,
2,国泰君安,4948.0,-2995.0,2025-07-24,AP2510,成交量,AP,
3,东证期货,4354.0,-4425.0,2025-07-24,AP2510,成交量,AP,
4,光大期货,3510.0,-1101.0,2025-07-24,AP2510,成交量,AP,
5,广发期货,2100.0,40.0,2025-07-24,AP2510,成交量,AP,
6,海通期货,1863.0,-659.0,2025-07-24,AP2510,成交量,AP,
7,中泰期货,1702.0,-199.0,2025-07-24,AP2510,成交量,AP,
8,浙商期货,1507.0,-2050.0,2025-07-24,AP2510,成交量,AP,
9,银河期货,1490.0,-190.0,2025-07-24,AP2510,成交量,AP,
10,徽商期货,1396.0,-159.0,2025-07-24,AP2510,成交量,AP,
11,华泰期货,1155.0,-152.0,2025-07-24,AP2510,成交量,AP,
12,中信建投,1129.0,-358.0,2025-07-24,AP2510,成交量,AP,
13,华闻期货,1119.0,-622.0,2025-07-24,AP2510,成交量,AP,
14,长安期货,1095.0,-68.0,2025-07-24,AP2510,成交量,AP,
15,宏源期货,1032.0,134.0,2025-07-24,AP2510,成交量,AP,
16,国信期货,909.0,-277.0,2025-07-24,AP2510,成交量,AP,
17,中财期货,880.0,-46.0,2025-07-24,AP2510,成交量,AP,
18,五矿期货,863.0,17.0,2025-07-24,AP2510,成交量,AP,
19,方正中期,815.0,-411.0,2025-07-24,AP2510,成交量,AP,
20,申银万国,801.0,-46.0,2025-07-24,AP2510,成交量,AP,
1,国泰君安,5690.0,742.0,2025-07-25,AP2510,成交量,AP,
2,中信期货,5607.0,353.0,2025-07-25,AP2510,成交量,AP,
3,东证期货,4847.0,493.0,2025-07-25,AP2510,成交量,AP,
4,光大期货,4370.0,860.0,2025-07-25,AP2510,成交量,AP,
5,广发期货,4329.0,2229.0,2025-07-25,AP2510,成交量,AP,
6,银河期货,1609.0,119.0,2025-07-25,AP2510,成交量,AP,
7,中泰期货,1516.0,-186.0,2025-07-25,AP2510,成交量,AP,
8,海通期货,1467.0,-396.0,2025-07-25,AP2510,成交量,AP,
9,徽商期货,1426.0,30.0,2025-07-25,AP2510,成交量,AP,
10,浙商期货,1379.0,-128.0,2025-07-25,AP2510,成交量,AP,
11,华泰期货,1248.0,93.0,2025-07-25,AP2510,成交量,AP,
12,南华期货,1109.0,503.0,2025-07-25,AP2510,成交量,AP,
13,宏源期货,993.0,-39.0,2025-07-25,AP2510,成交量,AP,
14,五矿期货,923.0,60.0,2025-07-25,AP2510,成交量,AP,
15,华闻期货,923.0,-196.0,2025-07-25,AP2510,成交量,AP,
16,东方财富,899.0,308.0,2025-07-25,AP2510,成交量,AP,
17,国信期货,872.0,-37.0,2025-07-25,AP2510,成交量,AP,
18,中信建投,871.0,-258.0,2025-07-25,AP2510,成交量,AP,
19,国元期货,868.0,237.0,2025-07-25,AP2510,成交量,AP,
20,方正中期,832.0,17.0,2025-07-25,AP2510,成交量,AP,
1,国泰君安,40101.0,34411.0,2025-07-28,AP2510,成交量,AP,
2,东证期货,31680.0,26833.0,2025-07-28,AP2510,成交量,AP,
3,中信期货,31090.0,25483.0,2025-07-28,AP2510,成交量,AP,
4,海通期货,23604.0,22137.0,2025-07-28,AP2510,成交量,AP,
5,徽商期货,13812.0,12386.0,2025-07-28,AP2510,成交量,AP,
6,方正中期,13763.0,12931.0,2025-07-28,AP2510,成交量,AP,
7,光大期货,12351.0,7981.0,2025-07-28,AP2510,成交量,AP,
8,广发期货,12307.0,7978.0,2025-07-28,AP2510,成交量,AP,
9,中泰期货,11655.0,10139.0,2025-07-28,AP2510,成交量,AP,
10,华闻期货,11564.0,10641.0,2025-07-28,AP2510,成交量,AP,
11,东方财富,9657.0,8758.0,2025-07-28,AP2510,成交量,AP,
12,中信建投,8922.0,8051.0,2025-07-28,AP2510,成交量,AP,
13,浙商期货,8765.0,7386.0,2025-07-28,AP2510,成交量,AP,
14,五矿期货,8618.0,7695.0,2025-07-28,AP2510,成交量,AP,
15,银河期货,8606.0,6997.0,2025-07-28,AP2510,成交量,AP,
16,宝城期货,8470.0,7859.0,2025-07-28,AP2510,成交量,AP,
17,东吴期货,7759.0,7296.0,2025-07-28,AP2510,成交量,AP,
18,创元期货,7676.0,6974.0,2025-07-28,AP2510,成交量,AP,
19,国信期货,7586.0,6714.0,2025-07-28,AP2510,成交量,AP,
20,渤海期货,7542.0,7041.0,2025-07-28,AP2510,成交量,AP,
1,国泰君安,15997.0,-24104.0,2025-07-29,AP2510,成交量,AP,
2,中信期货,13873.0,-17217.0,2025-07-29,AP2510,成交量,AP,
3,东证期货,13104.0,-18576.0,2025-07-29,AP2510,成交量,AP,
4,光大期货,8902.0,-3449.0,2025-07-29,AP2510,成交量,AP,
5,海通期货,6808.0,-16796.0,2025-07-29,AP2510,成交量,AP,
6,浙商期货,5821.0,-2944.0,2025-07-29,AP2510,成交量,AP,
7,广发期货,4821.0,-7486.0,2025-07-29,AP2510,成交量,AP,
8,中泰期货,4501.0,-7154.0,2025-07-29,AP2510,成交量,AP,
9,徽商期货,4449.0,-9363.0,2025-07-29,AP2510,成交量,AP,
10,银河期货,4407.0,-4199.0,2025-07-29,AP2510,成交量,AP,
11,方正中期,4332.0,-9431.0,2025-07-29,AP2510,成交量,AP,
12,国联期货,3920.0,-564.0,2025-07-29,AP2510,成交量,AP,
13,国贸期货,3764.0,-507.0,2025-07-29,AP2510,成交量,AP,
14,中信建投,3579.0,-5343.0,2025-07-29,AP2510,成交量,AP,
15,五矿期货,2882.0,-5736.0,2025-07-29,AP2510,成交量,AP,
16,华泰期货,2816.0,-4040.0,2025-07-29,AP2510,成交量,AP,
17,华闻期货,2804.0,-8760.0,2025-07-29,AP2510,成交量,AP,
18,东方财富,2711.0,-6946.0,2025-07-29,AP2510,成交量,AP,
19,国信期货,2628.0,-4958.0,2025-07-29,AP2510,成交量,AP,
20,国元期货,2524.0,-2247.0,2025-07-29,AP2510,成交量,AP,
1,中信期货,9402.0,-4471.0,2025-07-30,AP2510,成交量,AP,
2,国泰君安,9258.0,-6739.0,2025-07-30,AP2510,成交量,AP,
3,东证期货,7399.0,-5705.0,2025-07-30,AP2510,成交量,AP,
4,光大期货,4847.0,-4055.0,2025-07-30,AP2510,成交量,AP,
5,海通期货,4797.0,-2011.0,2025-07-30,AP2510,成交量,AP,
6,方正中期,2970.0,-1362.0,2025-07-30,AP2510,成交量,AP,
7,华闻期货,2618.0,-186.0,2025-07-30,AP2510,成交量,AP,
8,银河期货,2411.0,-1996.0,2025-07-30,AP2510,成交量,AP,
9,徽商期货,2192.0,-2257.0,2025-07-30,AP2510,成交量,AP,
10,五矿期货,1978.0,-904.0,2025-07-30,AP2510,成交量,AP,
11,中泰期货,1914.0,-2587.0,2025-07-30,AP2510,成交量,AP,
12,国贸期货,1816.0,-1948.0,2025-07-30,AP2510,成交量,AP,
13,中信建投,1791.0,-1788.0,2025-07-30,AP2510,成交量,AP,
14,华泰期货,1760.0,-1056.0,2025-07-30,AP2510,成交量,AP,
15,瑞达期货,1743.0,336.0,2025-07-30,AP2510,成交量,AP,
16,浙商期货,1676.0,-4145.0,2025-07-30,AP2510,成交量,AP,
17,东方财富,1485.0,-1226.0,2025-07-30,AP2510,成交量,AP,
18,国元期货,1479.0,-1045.0,2025-07-30,AP2510,成交量,AP,
19,国信期货,1348.0,-1280.0,2025-07-30,AP2510,成交量,AP,
20,国联期货,1346.0,-2574.0,2025-07-30,AP2510,成交量,AP,
1,国泰君安,11639.0,2381.0,2025-07-31,AP2510,成交量,AP,
2,中信期货,9589.0,187.0,2025-07-31,AP2510,成交量,AP,
3,东证期货,8586.0,1187.0,2025-07-31,AP2510,成交量,AP,
4,海通期货,7454.0,2657.0,2025-07-31,AP2510,成交量,AP,
5,光大期货,5083.0,236.0,2025-07-31,AP2510,成交量,AP,
6,银河期货,3063.0,652.0,2025-07-31,AP2510,成交量,AP,
7,方正中期,2913.0,-57.0,2025-07-31,AP2510,成交量,AP,
8,华闻期货,2781.0,163.0,2025-07-31,AP2510,成交量,AP,
9,徽商期货,2451.0,259.0,2025-07-31,AP2510,成交量,AP,
10,国贸期货,2230.0,414.0,2025-07-31,AP2510,成交量,AP,
11,广发期货,2155.0,1192.0,2025-07-31,AP2510,成交量,AP,
12,宏源期货,2135.0,1036.0,2025-07-31,AP2510,成交量,AP,
13,中泰期货,2132.0,218.0,2025-07-31,AP2510,成交量,AP,
14,华泰期货,2033.0,273.0,2025-07-31,AP2510,成交量,AP,
15,齐盛期货,1966.0,1351.0,2025-07-31,AP2510,成交量,AP,
16,中信建投,1859.0,68.0,2025-07-31,AP2510,成交量,AP,
17,浙商期货,1760.0,84.0,2025-07-31,AP2510,成交量,AP,
18,国元期货,1650.0,171.0,2025-07-31,AP2510,成交量,AP,
19,长安期货,1484.0,775.0,2025-07-31,AP2510,成交量,AP,
20,南华期货,1450.0,495.0,2025-07-31,AP2510,成交量,AP,
1,国泰君安,6867.0,-4772.0,2025-08-01,AP2510,成交量,AP,
2,东证期货,5493.0,-3093.0,2025-08-01,AP2510,成交量,AP,
3,中信期货,5079.0,-4510.0,2025-08-01,AP2510,成交量,AP,
4,光大期货,3313.0,-1770.0,2025-08-01,AP2510,成交量,AP,
5,海通期货,2598.0,-4856.0,2025-08-01,AP2510,成交量,AP,
6,银河期货,2196.0,-867.0,2025-08-01,AP2510,成交量,AP,
7,徽商期货,1914.0,-537.0,2025-08-01,AP2510,成交量,AP,
8,广发期货,1764.0,-391.0,2025-08-01,AP2510,成交量,AP,
9,中信建投,1663.0,-196.0,2025-08-01,AP2510,成交量,AP,
10,方正中期,1531.0,-1382.0,2025-08-01,AP2510,成交量,AP,
11,中泰期货,1361.0,-771.0,2025-08-01,AP2510,成交量,AP,
12,华闻期货,1361.0,-1420.0,2025-08-01,AP2510,成交量,AP,
13,华泰期货,1245.0,-788.0,2025-08-01,AP2510,成交量,AP,
14,融达期货,1245.0,72.0,2025-08-01,AP2510,成交量,AP,
15,宏源期货,1239.0,-896.0,2025-08-01,AP2510,成交量,AP,
16,一德期货,1142.0,-175.0,2025-08-01,AP2510,成交量,AP,
17,南华期货,1073.0,-377.0,2025-08-01,AP2510,成交量,AP,
18,国贸期货,1050.0,-1180.0,2025-08-01,AP2510,成交量,AP,
19,创元期货,1027.0,-257.0,2025-08-01,AP2510,成交量,AP,
20,国信期货,993.0,-320.0,2025-08-01,AP2510,成交量,AP,
1,国泰君安,8525.0,1658.0,2025-08-04,AP2510,成交量,AP,
2,东证期货,5437.0,-56.0,2025-08-04,AP2510,成交量,AP,
3,中信期货,5243.0,164.0,2025-08-04,AP2510,成交量,AP,
4,光大期货,3948.0,635.0,2025-08-04,AP2510,成交量,AP,
5,海通期货,2928.0,330.0,2025-08-04,AP2510,成交量,AP,
6,银河期货,1611.0,-585.0,2025-08-04,AP2510,成交量,AP,
7,方正中期,1561.0,30.0,2025-08-04,AP2510,成交量,AP,
8,南华期货,1476.0,403.0,2025-08-04,AP2510,成交量,AP,
9,华泰期货,1432.0,187.0,2025-08-04,AP2510,成交量,AP,
10,国贸期货,1414.0,364.0,2025-08-04,AP2510,成交量,AP,
11,徽商期货,1407.0,-507.0,2025-08-04,AP2510,成交量,AP,
12,中泰期货,1360.0,-1.0,2025-08-04,AP2510,成交量,AP,
13,创元期货,1306.0,279.0,2025-08-04,AP2510,成交量,AP,
14,东吴期货,1289.0,469.0,2025-08-04,AP2510,成交量,AP,
15,国信期货,1116.0,123.0,2025-08-04,AP2510,成交量,AP,
16,瑞达期货,1094.0,804.0,2025-08-04,AP2510,成交量,AP,
17,天富期货,1042.0,675.0,2025-08-04,AP2510,成交量,AP,
18,华闻期货,1038.0,-323.0,2025-08-04,AP2510,成交量,AP,
19,中信建投,1022.0,-641.0,2025-08-04,AP2510,成交量,AP,
20,宏源期货,949.0,-290.0,2025-08-04,AP2510,成交量,AP,
1,国泰君安,5276.0,-3249.0,2025-08-05,AP2510,成交量,AP,
2,中信期货,4394.0,-849.0,2025-08-05,AP2510,成交量,AP,
3,东证期货,4246.0,-1191.0,2025-08-05,AP2510,成交量,AP,
4,光大期货,2340.0,-1608.0,2025-08-05,AP2510,成交量,AP,
5,华西期货,1649.0,1445.0,2025-08-05,AP2510,成交量,AP,
6,银河期货,1413.0,-198.0,2025-08-05,AP2510,成交量,AP,
7,广发期货,1407.0,830.0,2025-08-05,AP2510,成交量,AP,
8,华泰期货,1383.0,-49.0,2025-08-05,AP2510,成交量,AP,
9,宏源期货,1302.0,353.0,2025-08-05,AP2510,成交量,AP,
10,海通期货,1295.0,-1633.0,2025-08-05,AP2510,成交量,AP,
11,华闻期货,1241.0,203.0,2025-08-05,AP2510,成交量,AP,
12,徽商期货,1209.0,-198.0,2025-08-05,AP2510,成交量,AP,
13,国贸期货,1162.0,-252.0,2025-08-05,AP2510,成交量,AP,
14,国联期货,1137.0,224.0,2025-08-05,AP2510,成交量,AP,
15,东吴期货,1008.0,-281.0,2025-08-05,AP2510,成交量,AP,
16,中信建投,990.0,-32.0,2025-08-05,AP2510,成交量,AP,
17,中泰期货,893.0,-467.0,2025-08-05,AP2510,成交量,AP,
18,瑞达期货,822.0,-272.0,2025-08-05,AP2510,成交量,AP,
19,国信期货,807.0,-309.0,2025-08-05,AP2510,成交量,AP,
20,南华期货,781.0,-695.0,2025-08-05,AP2510,成交量,AP,
1,国泰君安,7036.0,1760.0,2025-08-06,AP2510,成交量,AP,
2,中信期货,5190.0,796.0,2025-08-06,AP2510,成交量,AP,
3,东证期货,5073.0,827.0,2025-08-06,AP2510,成交量,AP,
4,光大期货,3524.0,1184.0,2025-08-06,AP2510,成交量,AP,
5,海通期货,2206.0,911.0,2025-08-06,AP2510,成交量,AP,
6,华西期货,2176.0,527.0,2025-08-06,AP2510,成交量,AP,
7,长安期货,1843.0,1277.0,2025-08-06,AP2510,成交量,AP,
8,银河期货,1729.0,316.0,2025-08-06,AP2510,成交量,AP,
9,国贸期货,1630.0,468.0,2025-08-06,AP2510,成交量,AP,
10,徽商期货,1628.0,419.0,2025-08-06,AP2510,成交量,AP,
11,中泰期货,1597.0,704.0,2025-08-06,AP2510,成交量,AP,
12,东吴期货,1557.0,549.0,2025-08-06,AP2510,成交量,AP,
13,广发期货,1534.0,127.0,2025-08-06,AP2510,成交量,AP,
14,华闻期货,1452.0,211.0,2025-08-06,AP2510,成交量,AP,
15,国信期货,1291.0,484.0,2025-08-06,AP2510,成交量,AP,
16,华泰期货,1262.0,-121.0,2025-08-06,AP2510,成交量,AP,
17,宏源期货,1249.0,-53.0,2025-08-06,AP2510,成交量,AP,
18,中信建投,1189.0,199.0,2025-08-06,AP2510,成交量,AP,
19,国联期货,1159.0,22.0,2025-08-06,AP2510,成交量,AP,
20,创元期货,1027.0,274.0,2025-08-06,AP2510,成交量,AP,
1,东证期货,5857.0,784.0,2025-08-07,AP2510,成交量,AP,
2,国泰君安,4690.0,-2346.0,2025-08-07,AP2510,成交量,AP,
3,中信期货,4262.0,-928.0,2025-08-07,AP2510,成交量,AP,
4,光大期货,2331.0,-1193.0,2025-08-07,AP2510,成交量,AP,
5,华西期货,1891.0,-285.0,2025-08-07,AP2510,成交量,AP,
6,银河期货,1802.0,73.0,2025-08-07,AP2510,成交量,AP,
7,海通期货,1605.0,-601.0,2025-08-07,AP2510,成交量,AP,
8,徽商期货,1548.0,-80.0,2025-08-07,AP2510,成交量,AP,
9,中泰期货,1517.0,-80.0,2025-08-07,AP2510,成交量,AP,
10,国联期货,1369.0,210.0,2025-08-07,AP2510,成交量,AP,
11,华闻期货,1194.0,-258.0,2025-08-07,AP2510,成交量,AP,
12,南华期货,1183.0,180.0,2025-08-07,AP2510,成交量,AP,
13,国贸期货,1071.0,-559.0,2025-08-07,AP2510,成交量,AP,
14,中信建投,1060.0,-129.0,2025-08-07,AP2510,成交量,AP,
15,国元期货,992.0,40.0,2025-08-07,AP2510,成交量,AP,
16,东吴期货,991.0,-566.0,2025-08-07,AP2510,成交量,AP,
17,华泰期货,957.0,-305.0,2025-08-07,AP2510,成交量,AP,
18,方正中期,929.0,-68.0,2025-08-07,AP2510,成交量,AP,
19,国信期货,920.0,-371.0,2025-08-07,AP2510,成交量,AP,
20,兴证期货,858.0,395.0,2025-08-07,AP2510,成交量,AP,
1,中信期货,7876.0,3614.0,2025-08-08,AP2510,成交量,AP,
2,东证期货,7674.0,1817.0,2025-08-08,AP2510,成交量,AP,
3,国泰君安,7308.0,2618.0,2025-08-08,AP2510,成交量,AP,
4,光大期货,5868.0,3537.0,2025-08-08,AP2510,成交量,AP,
5,海通期货,3693.0,2088.0,2025-08-08,AP2510,成交量,AP,
6,华西期货,3224.0,1333.0,2025-08-08,AP2510,成交量,AP,
7,徽商期货,2884.0,1336.0,2025-08-08,AP2510,成交量,AP,
8,银河期货,2802.0,1000.0,2025-08-08,AP2510,成交量,AP,
9,中泰期货,2574.0,1057.0,2025-08-08,AP2510,成交量,AP,
10,国贸期货,2299.0,1228.0,2025-08-08,AP2510,成交量,AP,
11,华泰期货,1983.0,1026.0,2025-08-08,AP2510,成交量,AP,
12,华闻期货,1935.0,741.0,2025-08-08,AP2510,成交量,AP,
13,国元期货,1910.0,918.0,2025-08-08,AP2510,成交量,AP,
14,国信期货,1883.0,963.0,2025-08-08,AP2510,成交量,AP,
15,融达期货,1693.0,843.0,2025-08-08,AP2510,成交量,AP,
16,南华期货,1689.0,506.0,2025-08-08,AP2510,成交量,AP,
17,东方财富,1659.0,980.0,2025-08-08,AP2510,成交量,AP,
18,方正中期,1647.0,718.0,2025-08-08,AP2510,成交量,AP,
19,国联期货,1604.0,235.0,2025-08-08,AP2510,成交量,AP,
20,浙商期货,1547.0,794.0,2025-08-08,AP2510,成交量,AP,
1,东证期货,10471.0,2797.0,2025-08-11,AP2510,成交量,AP,
2,中信期货,10217.0,2341.0,2025-08-11,AP2510,成交量,AP,
3,国泰君安,8326.0,1018.0,2025-08-11,AP2510,成交量,AP,
4,光大期货,6431.0,563.0,2025-08-11,AP2510,成交量,AP,
5,海通期货,5212.0,1519.0,2025-08-11,AP2510,成交量,AP,
6,华西期货,4158.0,934.0,2025-08-11,AP2510,成交量,AP,
7,南华期货,3466.0,1777.0,2025-08-11,AP2510,成交量,AP,
8,银河期货,3164.0,362.0,2025-08-11,AP2510,成交量,AP,
9,国贸期货,3099.0,800.0,2025-08-11,AP2510,成交量,AP,
10,徽商期货,2886.0,2.0,2025-08-11,AP2510,成交量,AP,
11,广发期货,2813.0,1630.0,2025-08-11,AP2510,成交量,AP,
12,国联期货,2508.0,904.0,2025-08-11,AP2510,成交量,AP,
13,华泰期货,2437.0,454.0,2025-08-11,AP2510,成交量,AP,
14,中泰期货,2231.0,-343.0,2025-08-11,AP2510,成交量,AP,
15,华闻期货,2115.0,180.0,2025-08-11,AP2510,成交量,AP,
16,中信建投,2047.0,669.0,2025-08-11,AP2510,成交量,AP,
17,东方财富,1946.0,287.0,2025-08-11,AP2510,成交量,AP,
18,东吴期货,1925.0,562.0,2025-08-11,AP2510,成交量,AP,
19,创元期货,1847.0,598.0,2025-08-11,AP2510,成交量,AP,
20,浙商期货,1795.0,248.0,2025-08-11,AP2510,成交量,AP,
1,中信期货,5502.0,-4715.0,2025-08-12,AP2510,成交量,AP,
2,国泰君安,5084.0,-3242.0,2025-08-12,AP2510,成交量,AP,
3,东证期货,4828.0,-5643.0,2025-08-12,AP2510,成交量,AP,
4,海通期货,3187.0,-2025.0,2025-08-12,AP2510,成交量,AP,
5,光大期货,3119.0,-3312.0,2025-08-12,AP2510,成交量,AP,
6,国联期货,2464.0,-44.0,2025-08-12,AP2510,成交量,AP,
7,华西期货,2231.0,-1927.0,2025-08-12,AP2510,成交量,AP,
8,国贸期货,2138.0,-961.0,2025-08-12,AP2510,成交量,AP,
9,银河期货,1934.0,-1230.0,2025-08-12,AP2510,成交量,AP,
10,徽商期货,1679.0,-1207.0,2025-08-12,AP2510,成交量,AP,
11,广发期货,1478.0,-1335.0,2025-08-12,AP2510,成交量,AP,
12,华泰期货,1444.0,-993.0,2025-08-12,AP2510,成交量,AP,
13,中信建投,1279.0,-768.0,2025-08-12,AP2510,成交量,AP,
14,华闻期货,1152.0,-963.0,2025-08-12,AP2510,成交量,AP,
15,南华期货,1130.0,-2336.0,2025-08-12,AP2510,成交量,AP,
16,兴证期货,1021.0,-401.0,2025-08-12,AP2510,成交量,AP,
17,新湖期货,1019.0,-223.0,2025-08-12,AP2510,成交量,AP,
18,中泰期货,998.0,-1233.0,2025-08-12,AP2510,成交量,AP,
19,国元期货,916.0,-692.0,2025-08-12,AP2510,成交量,AP,
20,浙商期货,878.0,-917.0,2025-08-12,AP2510,成交量,AP,
1,中信期货,7636.0,2134.0,2025-08-13,AP2510,成交量,AP,
2,东证期货,6682.0,1854.0,2025-08-13,AP2510,成交量,AP,
3,国泰君安,6403.0,1319.0,2025-08-13,AP2510,成交量,AP,
4,光大期货,5062.0,1943.0,2025-08-13,AP2510,成交量,AP,
5,海通期货,3681.0,494.0,2025-08-13,AP2510,成交量,AP,
6,广发期货,2771.0,1293.0,2025-08-13,AP2510,成交量,AP,
7,华西期货,2464.0,233.0,2025-08-13,AP2510,成交量,AP,
8,银河期货,2235.0,301.0,2025-08-13,AP2510,成交量,AP,
9,南华期货,2229.0,1099.0,2025-08-13,AP2510,成交量,AP,
10,国贸期货,2213.0,75.0,2025-08-13,AP2510,成交量,AP,
11,徽商期货,2048.0,369.0,2025-08-13,AP2510,成交量,AP,
12,中信建投,1996.0,717.0,2025-08-13,AP2510,成交量,AP,
13,浙商期货,1860.0,982.0,2025-08-13,AP2510,成交量,AP,
14,中泰期货,1777.0,779.0,2025-08-13,AP2510,成交量,AP,
15,方正中期,1641.0,766.0,2025-08-13,AP2510,成交量,AP,
16,华泰期货,1570.0,126.0,2025-08-13,AP2510,成交量,AP,
17,东方财富,1507.0,811.0,2025-08-13,AP2510,成交量,AP,
18,融达期货,1367.0,830.0,2025-08-13,AP2510,成交量,AP,
19,国联期货,1365.0,-1099.0,2025-08-13,AP2510,成交量,AP,
20,国信期货,1363.0,555.0,2025-08-13,AP2510,成交量,AP,
1,中信期货,7562.0,-74.0,2025-08-14,AP2510,成交量,AP,
2,国泰君安,6616.0,213.0,2025-08-14,AP2510,成交量,AP,
3,东证期货,6492.0,-190.0,2025-08-14,AP2510,成交量,AP,
4,光大期货,4892.0,-170.0,2025-08-14,AP2510,成交量,AP,
5,海通期货,3773.0,92.0,2025-08-14,AP2510,成交量,AP,
6,华西期货,3306.0,842.0,2025-08-14,AP2510,成交量,AP,
7,国贸期货,2241.0,28.0,2025-08-14,AP2510,成交量,AP,
8,国联期货,2004.0,639.0,2025-08-14,AP2510,成交量,AP,
9,南华期货,1930.0,-299.0,2025-08-14,AP2510,成交量,AP,
10,徽商期货,1917.0,-131.0,2025-08-14,AP2510,成交量,AP,
11,广发期货,1776.0,-995.0,2025-08-14,AP2510,成交量,AP,
12,银河期货,1751.0,-484.0,2025-08-14,AP2510,成交量,AP,
13,中泰期货,1634.0,-143.0,2025-08-14,AP2510,成交量,AP,
14,华泰期货,1628.0,58.0,2025-08-14,AP2510,成交量,AP,
15,五矿期货,1505.0,252.0,2025-08-14,AP2510,成交量,AP,
16,浙商期货,1472.0,-388.0,2025-08-14,AP2510,成交量,AP,
17,华闻期货,1443.0,81.0,2025-08-14,AP2510,成交量,AP,
18,方正中期,1362.0,-279.0,2025-08-14,AP2510,成交量,AP,
19,国信期货,1336.0,-27.0,2025-08-14,AP2510,成交量,AP,
20,中信建投,1318.0,-678.0,2025-08-14,AP2510,成交量,AP,
1,东证期货,10404.0,3912.0,2025-08-15,AP2510,成交量,AP,
2,中信期货,10391.0,2829.0,2025-08-15,AP2510,成交量,AP,
3,国泰君安,10277.0,3661.0,2025-08-15,AP2510,成交量,AP,
4,光大期货,6712.0,1820.0,2025-08-15,AP2510,成交量,AP,
5,海通期货,6134.0,2361.0,2025-08-15,AP2510,成交量,AP,
6,银河期货,4104.0,2353.0,2025-08-15,AP2510,成交量,AP,
7,徽商期货,3937.0,2020.0,2025-08-15,AP2510,成交量,AP,
8,广发期货,3729.0,1953.0,2025-08-15,AP2510,成交量,AP,
9,华西期货,3452.0,146.0,2025-08-15,AP2510,成交量,AP,
10,南华期货,3205.0,1275.0,2025-08-15,AP2510,成交量,AP,
11,方正中期,2939.0,1577.0,2025-08-15,AP2510,成交量,AP,
12,浙商期货,2609.0,1137.0,2025-08-15,AP2510,成交量,AP,
13,东方财富,2544.0,1731.0,2025-08-15,AP2510,成交量,AP,
14,宝城期货,2543.0,1659.0,2025-08-15,AP2510,成交量,AP,
15,中信建投,2424.0,1106.0,2025-08-15,AP2510,成交量,AP,
16,东吴期货,2411.0,1901.0,2025-08-15,AP2510,成交量,AP,
17,中泰期货,2336.0,702.0,2025-08-15,AP2510,成交量,AP,
18,华泰期货,2302.0,674.0,2025-08-15,AP2510,成交量,AP,
19,混沌天成期货,1870.0,1497.0,2025-08-15,AP2510,成交量,AP,
20,国贸期货,1842.0,-399.0,2025-08-15,AP2510,成交量,AP,
1,东证期货,,4353.0,20250825,AP2510,成交量,AP,9350.0
2,中信期货,,3863.0,20250825,AP2510,成交量,AP,8991.0
3,国泰君安,,3805.0,20250825,AP2510,成交量,AP,8569.0
4,海通期货,,4491.0,20250825,AP2510,成交量,AP,6797.0
5,光大期货,,2590.0,20250825,AP2510,成交量,AP,5529.0
6,广发期货,,1353.0,20250825,AP2510,成交量,AP,3596.0
7,银河期货,,928.0,20250825,AP2510,成交量,AP,2375.0
8,中泰期货,,1099.0,20250825,AP2510,成交量,AP,2142.0
9,华闻期货,,1133.0,20250825,AP2510,成交量,AP,2066.0
10,徽商期货,,860.0,20250825,AP2510,成交量,AP,1956.0
11,华西期货,,481.0,20250825,AP2510,成交量,AP,1803.0
12,浙商期货,,277.0,20250825,AP2510,成交量,AP,1770.0
13,华泰期货,,592.0,20250825,AP2510,成交量,AP,1768.0
14,中信建投,,848.0,20250825,AP2510,成交量,AP,1723.0
15,南华期货,,942.0,20250825,AP2510,成交量,AP,1703.0
16,国信期货,,435.0,20250825,AP2510,成交量,AP,1607.0
17,国贸期货,,872.0,20250825,AP2510,成交量,AP,1418.0
18,中融汇信,,1312.0,20250825,AP2510,成交量,AP,1410.0
19,宝城期货,,667.0,20250825,AP2510,成交量,AP,1257.0
20,国联期货,,594.0,20250825,AP2510,成交量,AP,1110.0
1,东证期货,,-3665.0,20250826,AP2510,成交量,AP,5685.0
2,国泰君安,,-3266.0,20250826,AP2510,成交量,AP,5303.0
3,中信期货,,-3807.0,20250826,AP2510,成交量,AP,5184.0
4,海通期货,,-2953.0,20250826,AP2510,成交量,AP,3844.0
5,广发期货,,-70.0,20250826,AP2510,成交量,AP,3526.0
6,光大期货,,-2345.0,20250826,AP2510,成交量,AP,3184.0
7,永安期货,,1413.0,20250826,AP2510,成交量,AP,1935.0
8,银河期货,,-603.0,20250826,AP2510,成交量,AP,1772.0
9,华闻期货,,-333.0,20250826,AP2510,成交量,AP,1733.0
10,徽商期货,,-289.0,20250826,AP2510,成交量,AP,1667.0
11,浙商期货,,-110.0,20250826,AP2510,成交量,AP,1660.0
12,华西期货,,-216.0,20250826,AP2510,成交量,AP,1587.0
13,华泰期货,,-191.0,20250826,AP2510,成交量,AP,1577.0
14,国联期货,,326.0,20250826,AP2510,成交量,AP,1436.0
15,中泰期货,,-900.0,20250826,AP2510,成交量,AP,1242.0
16,方正中期,,155.0,20250826,AP2510,成交量,AP,1057.0
17,宏源期货,,68.0,20250826,AP2510,成交量,AP,1022.0
18,中信建投,,-740.0,20250826,AP2510,成交量,AP,983.0
19,国贸期货,,-484.0,20250826,AP2510,成交量,AP,934.0
20,创元期货,,331.0,20250826,AP2510,成交量,AP,919.0
1,东证期货,,13679.0,20250827,AP2510,成交量,AP,19364.0
2,国泰君安,,10617.0,20250827,AP2510,成交量,AP,15920.0
3,中信期货,,9376.0,20250827,AP2510,成交量,AP,14560.0
4,海通期货,,7718.0,20250827,AP2510,成交量,AP,11562.0
5,光大期货,,5450.0,20250827,AP2510,成交量,AP,8634.0
6,广发期货,,3851.0,20250827,AP2510,成交量,AP,7377.0
7,浙商期货,,4862.0,20250827,AP2510,成交量,AP,6522.0
8,徽商期货,,3915.0,20250827,AP2510,成交量,AP,5582.0
9,银河期货,,3672.0,20250827,AP2510,成交量,AP,5444.0
10,华泰期货,,3773.0,20250827,AP2510,成交量,AP,5350.0
11,中泰期货,,3700.0,20250827,AP2510,成交量,AP,4942.0
12,中信建投,,3919.0,20250827,AP2510,成交量,AP,4902.0
13,华闻期货,,2059.0,20250827,AP2510,成交量,AP,3792.0
14,五矿期货,,2958.0,20250827,AP2510,成交量,AP,3534.0
15,国信期货,,2607.0,20250827,AP2510,成交量,AP,3377.0
16,东吴期货,,2598.0,20250827,AP2510,成交量,AP,3180.0
17,东方财富,,2217.0,20250827,AP2510,成交量,AP,2979.0
18,南华期货,,1891.0,20250827,AP2510,成交量,AP,2800.0
19,永安期货,,544.0,20250827,AP2510,成交量,AP,2479.0
20,宝城期货,,1976.0,20250827,AP2510,成交量,AP,2451.0
1,东证期货,,-2055.0,20250828,AP2510,成交量,AP,17309.0
2,中信期货,,2136.0,20250828,AP2510,成交量,AP,16696.0
3,国泰君安,,-563.0,20250828,AP2510,成交量,AP,15357.0
4,海通期货,,-3217.0,20250828,AP2510,成交量,AP,8345.0
5,广发期货,,902.0,20250828,AP2510,成交量,AP,8279.0
6,光大期货,,-738.0,20250828,AP2510,成交量,AP,7896.0
7,浙商期货,,578.0,20250828,AP2510,成交量,AP,7100.0
8,徽商期货,,1161.0,20250828,AP2510,成交量,AP,6743.0
9,银河期货,,1146.0,20250828,AP2510,成交量,AP,6590.0
10,中信建投,,110.0,20250828,AP2510,成交量,AP,5012.0
11,东方财富,,1947.0,20250828,AP2510,成交量,AP,4926.0
12,华泰期货,,-637.0,20250828,AP2510,成交量,AP,4713.0
13,方正中期,,2232.0,20250828,AP2510,成交量,AP,4472.0
14,中泰期货,,-687.0,20250828,AP2510,成交量,AP,4255.0
15,国信期货,,324.0,20250828,AP2510,成交量,AP,3701.0
16,华闻期货,,-496.0,20250828,AP2510,成交量,AP,3296.0
17,南华期货,,234.0,20250828,AP2510,成交量,AP,3034.0
18,东吴期货,,-242.0,20250828,AP2510,成交量,AP,2938.0
19,平安期货,,828.0,20250828,AP2510,成交量,AP,2869.0
20,国贸期货,,973.0,20250828,AP2510,成交量,AP,2726.0
1,中信期货,,-4741.0,20250829,AP2510,成交量,AP,11955.0
2,东证期货,,-7055.0,20250829,AP2510,成交量,AP,10254.0
3,国泰君安,,-5916.0,20250829,AP2510,成交量,AP,9441.0
4,光大期货,,15.0,20250829,AP2510,成交量,AP,7911.0
5,海通期货,,-2023.0,20250829,AP2510,成交量,AP,6322.0
6,浙商期货,,-1147.0,20250829,AP2510,成交量,AP,5953.0
7,广发期货,,-3096.0,20250829,AP2510,成交量,AP,5183.0
8,徽商期货,,-1767.0,20250829,AP2510,成交量,AP,4976.0
9,中泰期货,,-478.0,20250829,AP2510,成交量,AP,3777.0
10,银河期货,,-2948.0,20250829,AP2510,成交量,AP,3642.0
11,华泰期货,,-1616.0,20250829,AP2510,成交量,AP,3097.0
12,中信建投,,-1950.0,20250829,AP2510,成交量,AP,3062.0
13,东方财富,,-2126.0,20250829,AP2510,成交量,AP,2800.0
14,国信期货,,-1279.0,20250829,AP2510,成交量,AP,2422.0
15,南华期货,,-789.0,20250829,AP2510,成交量,AP,2245.0
16,方正中期,,-2373.0,20250829,AP2510,成交量,AP,2099.0
17,国联期货,,-340.0,20250829,AP2510,成交量,AP,1878.0
18,创元期货,,-562.0,20250829,AP2510,成交量,AP,1863.0
19,东吴期货,,-1093.0,20250829,AP2510,成交量,AP,1845.0
20,国贸期货,,-966.0,20250829,AP2510,成交量,AP,1760.0
1,中信期货,127307.0,35361.0,20250901,PS2511,成交量,AP,
2,国泰君安期货,95225.0,34403.0,20250901,PS2511,成交量,AP,
3,东证期货,46153.0,15017.0,20250901,PS2511,成交量,AP,
4,广发期货,38156.0,19954.0,20250901,PS2511,成交量,AP,
5,华闻期货,37805.0,22198.0,20250901,PS2511,成交量,AP,
6,徽商期货,34439.0,7464.0,20250901,PS2511,成交量,AP,
7,中信建投,33853.0,10046.0,20250901,PS2511,成交量,AP,
8,华泰期货,28616.0,6996.0,20250901,PS2511,成交量,AP,
9,五矿期货,28347.0,12997.0,20250901,PS2511,成交量,AP,
10,银河期货,26899.0,9595.0,20250901,PS2511,成交量,AP,
11,中泰期货,25728.0,9186.0,20250901,PS2511,成交量,AP,
12,宝城期货,21651.0,6145.0,20250901,PS2511,成交量,AP,
13,海通期货,21013.0,10378.0,20250901,PS2511,成交量,AP,
14,国信期货,20142.0,8213.0,20250901,PS2511,成交量,AP,
15,方正中期,19903.0,4970.0,20250901,PS2511,成交量,AP,
16,中辉期货,17779.0,9817.0,20250901,PS2511,成交量,AP,
17,渤海期货,17699.0,10534.0,20250901,PS2511,成交量,AP,
18,东吴期货,16899.0,6220.0,20250901,PS2511,成交量,AP,
19,东方财富期货,16257.0,2434.0,20250901,PS2511,成交量,AP,
20,民生期货,14600.0,2831.0,20250901,PS2511,成交量,AP,
1,中信期货,135690.0,8383.0,20250902,PS2511,成交量,AP,
2,国泰君安期货,81757.0,-13468.0,20250902,PS2511,成交量,AP,
3,华闻期货,47597.0,9792.0,20250902,PS2511,成交量,AP,
4,东证期货,46124.0,-29.0,20250902,PS2511,成交量,AP,
5,广发期货,44329.0,6173.0,20250902,PS2511,成交量,AP,
6,徽商期货,34107.0,-332.0,20250902,PS2511,成交量,AP,
7,中信建投,28978.0,-4875.0,20250902,PS2511,成交量,AP,
8,华泰期货,27896.0,-720.0,20250902,PS2511,成交量,AP,
9,银河期货,25528.0,-1371.0,20250902,PS2511,成交量,AP,
10,宝城期货,25508.0,3857.0,20250902,PS2511,成交量,AP,
11,中泰期货,22156.0,-3572.0,20250902,PS2511,成交量,AP,
12,方正中期,20886.0,983.0,20250902,PS2511,成交量,AP,
13,海通期货,18792.0,-2221.0,20250902,PS2511,成交量,AP,
14,国信期货,18472.0,-1670.0,20250902,PS2511,成交量,AP,
15,东方财富期货,17552.0,1295.0,20250902,PS2511,成交量,AP,
16,民生期货,16186.0,1586.0,20250902,PS2511,成交量,AP,
17,东吴期货,14344.0,-2555.0,20250902,PS2511,成交量,AP,
18,中辉期货,13264.0,-4515.0,20250902,PS2511,成交量,AP,
19,光大期货,13187.0,-13.0,20250902,PS2511,成交量,AP,
20,渤海期货,13038.0,-4661.0,20250902,PS2511,成交量,AP,
1,中信期货,97129.0,-38561.0,20250903,PS2511,成交量,AP,
2,国泰君安期货,63885.0,-17872.0,20250903,PS2511,成交量,AP,
3,东证期货,33611.0,-12513.0,20250903,PS2511,成交量,AP,
4,徽商期货,26433.0,-7674.0,20250903,PS2511,成交量,AP,
5,华闻期货,24838.0,-22759.0,20250903,PS2511,成交量,AP,
6,中信建投,21141.0,-7837.0,20250903,PS2511,成交量,AP,
7,广发期货,21014.0,-23315.0,20250903,PS2511,成交量,AP,
8,华泰期货,20149.0,-7747.0,20250903,PS2511,成交量,AP,
9,宝城期货,16922.0,-8586.0,20250903,PS2511,成交量,AP,
10,银河期货,15989.0,-9539.0,20250903,PS2511,成交量,AP,
11,中泰期货,15473.0,-6683.0,20250903,PS2511,成交量,AP,
12,方正中期,15360.0,-5526.0,20250903,PS2511,成交量,AP,
13,东方财富期货,12590.0,-4962.0,20250903,PS2511,成交量,AP,
14,民生期货,11827.0,-4359.0,20250903,PS2511,成交量,AP,
15,国信期货,11693.0,-6779.0,20250903,PS2511,成交量,AP,
16,五矿期货,11525.0,-1145.0,20250903,PS2511,成交量,AP,
17,海通期货,9397.0,-9395.0,20250903,PS2511,成交量,AP,
18,东吴期货,9206.0,-5138.0,20250903,PS2511,成交量,AP,
19,光大期货,8632.0,-4555.0,20250903,PS2511,成交量,AP,
20,华安期货,8305.0,-4557.0,20250903,PS2511,成交量,AP,
1,中信期货,77059.0,-20070.0,20250904,PS2511,成交量,AP,
2,国泰君安期货,51225.0,-12660.0,20250904,PS2511,成交量,AP,
3,东证期货,29104.0,-4507.0,20250904,PS2511,成交量,AP,
4,徽商期货,19013.0,-7420.0,20250904,PS2511,成交量,AP,
5,广发期货,14492.0,-6522.0,20250904,PS2511,成交量,AP,
6,中信建投,14350.0,-6791.0,20250904,PS2511,成交量,AP,
7,中泰期货,13714.0,-1759.0,20250904,PS2511,成交量,AP,
8,方正中期,12972.0,-2388.0,20250904,PS2511,成交量,AP,
9,华闻期货,12189.0,-12649.0,20250904,PS2511,成交量,AP,
10,银河期货,12063.0,-3926.0,20250904,PS2511,成交量,AP,
11,华泰期货,11183.0,-8966.0,20250904,PS2511,成交量,AP,
12,宝城期货,10978.0,-5944.0,20250904,PS2511,成交量,AP,
13,国信期货,9266.0,-2427.0,20250904,PS2511,成交量,AP,
14,东方财富期货,8276.0,-4314.0,20250904,PS2511,成交量,AP,
15,民生期货,8193.0,-3634.0,20250904,PS2511,成交量,AP,
16,五矿期货,7808.0,-3717.0,20250904,PS2511,成交量,AP,
17,海通期货,7535.0,-1862.0,20250904,PS2511,成交量,AP,
18,东吴期货,7115.0,-2091.0,20250904,PS2511,成交量,AP,
19,华安期货,6913.0,-1392.0,20250904,PS2511,成交量,AP,
20,南华期货,6686.0,-1040.0,20250904,PS2511,成交量,AP,
1,中信期货,156340.0,79281.0,20250905,PS2511,成交量,AP,
2,国泰君安期货,115820.0,64595.0,20250905,PS2511,成交量,AP,
3,东证期货,65897.0,36793.0,20250905,PS2511,成交量,AP,
4,广发期货,64592.0,50100.0,20250905,PS2511,成交量,AP,
5,徽商期货,44464.0,25451.0,20250905,PS2511,成交量,AP,
6,华闻期货,41419.0,29230.0,20250905,PS2511,成交量,AP,
7,中信建投,36861.0,22511.0,20250905,PS2511,成交量,AP,
8,华泰期货,35921.0,24738.0,20250905,PS2511,成交量,AP,
9,银河期货,34101.0,22038.0,20250905,PS2511,成交量,AP,
10,宝城期货,32739.0,21761.0,20250905,PS2511,成交量,AP,
11,渤海期货,26714.0,21053.0,20250905,PS2511,成交量,AP,
12,方正中期,26479.0,13507.0,20250905,PS2511,成交量,AP,
13,中泰期货,22438.0,8724.0,20250905,PS2511,成交量,AP,
14,五矿期货,21634.0,13826.0,20250905,PS2511,成交量,AP,
15,海通期货,20849.0,13314.0,20250905,PS2511,成交量,AP,
16,光大期货,20216.0,14138.0,20250905,PS2511,成交量,AP,
17,国信期货,19925.0,10659.0,20250905,PS2511,成交量,AP,
18,国联期货,19535.0,15649.0,20250905,PS2511,成交量,AP,
19,民生期货,18549.0,10356.0,20250905,PS2511,成交量,AP,
20,东方财富期货,18379.0,10103.0,20250905,PS2511,成交量,AP,
1,中信期货,122842.0,-33498.0,20250908,PS2511,成交量,AP,
2,国泰君安期货,88451.0,-27369.0,20250908,PS2511,成交量,AP,
3,东证期货,47279.0,-18618.0,20250908,PS2511,成交量,AP,
4,华闻期货,34554.0,-6865.0,20250908,PS2511,成交量,AP,
5,广发期货,32767.0,-31825.0,20250908,PS2511,成交量,AP,
6,徽商期货,27551.0,-16913.0,20250908,PS2511,成交量,AP,
7,华泰期货,24913.0,-11008.0,20250908,PS2511,成交量,AP,
8,宝城期货,24864.0,-7875.0,20250908,PS2511,成交量,AP,
9,中信建投,23855.0,-13006.0,20250908,PS2511,成交量,AP,
10,方正中期,23498.0,-2981.0,20250908,PS2511,成交量,AP,
11,银河期货,20474.0,-13627.0,20250908,PS2511,成交量,AP,
12,中泰期货,17986.0,-4452.0,20250908,PS2511,成交量,AP,
13,国信期货,15956.0,-3969.0,20250908,PS2511,成交量,AP,
14,东方财富期货,14280.0,-4099.0,20250908,PS2511,成交量,AP,
15,东吴期货,14203.0,-1960.0,20250908,PS2511,成交量,AP,
16,申银万国,12841.0,-3905.0,20250908,PS2511,成交量,AP,
17,渤海期货,12621.0,-14093.0,20250908,PS2511,成交量,AP,
18,浙商期货,12311.0,2634.0,20250908,PS2511,成交量,AP,
19,民生期货,12092.0,-6457.0,20250908,PS2511,成交量,AP,
20,海通期货,11376.0,-9473.0,20250908,PS2511,成交量,AP,
1,中信期货,147327.0,24485.0,20250909,PS2511,成交量,AP,
2,国泰君安期货,111170.0,22719.0,20250909,PS2511,成交量,AP,
3,东证期货,48798.0,1519.0,20250909,PS2511,成交量,AP,
4,广发期货,45517.0,12750.0,20250909,PS2511,成交量,AP,
5,徽商期货,40888.0,13337.0,20250909,PS2511,成交量,AP,
6,华闻期货,35536.0,982.0,20250909,PS2511,成交量,AP,
7,中信建投,32393.0,8538.0,20250909,PS2511,成交量,AP,
8,宝城期货,31036.0,6172.0,20250909,PS2511,成交量,AP,
9,华泰期货,28520.0,3607.0,20250909,PS2511,成交量,AP,
10,银河期货,25478.0,5004.0,20250909,PS2511,成交量,AP,
11,五矿期货,23754.0,14073.0,20250909,PS2511,成交量,AP,
12,海通期货,23264.0,11888.0,20250909,PS2511,成交量,AP,
13,方正中期,22965.0,-533.0,20250909,PS2511,成交量,AP,
14,中泰期货,21710.0,3724.0,20250909,PS2511,成交量,AP,
15,国信期货,20602.0,4646.0,20250909,PS2511,成交量,AP,
16,东吴期货,19179.0,4976.0,20250909,PS2511,成交量,AP,
17,渤海期货,17776.0,5155.0,20250909,PS2511,成交量,AP,
18,中辉期货,17217.0,8429.0,20250909,PS2511,成交量,AP,
19,申银万国,16834.0,3993.0,20250909,PS2511,成交量,AP,
20,东方财富期货,16610.0,2330.0,20250909,PS2511,成交量,AP,
1,中信期货,118354.0,-28973.0,20250910,PS2511,成交量,AP,
2,国泰君安期货,73757.0,-37413.0,20250910,PS2511,成交量,AP,
3,东证期货,37828.0,-10970.0,20250910,PS2511,成交量,AP,
4,广发期货,35104.0,-10413.0,20250910,PS2511,成交量,AP,
5,徽商期货,26674.0,-14214.0,20250910,PS2511,成交量,AP,
6,华闻期货,23515.0,-12021.0,20250910,PS2511,成交量,AP,
7,中信建投,22844.0,-9549.0,20250910,PS2511,成交量,AP,
8,银河期货,20973.0,-4505.0,20250910,PS2511,成交量,AP,
9,五矿期货,20605.0,-3149.0,20250910,PS2511,成交量,AP,
10,海通期货,19393.0,-3871.0,20250910,PS2511,成交量,AP,
11,华泰期货,18090.0,-10430.0,20250910,PS2511,成交量,AP,
12,宝城期货,17753.0,-13283.0,20250910,PS2511,成交量,AP,
13,中泰期货,16131.0,-5579.0,20250910,PS2511,成交量,AP,
14,方正中期,15290.0,-7675.0,20250910,PS2511,成交量,AP,
15,国信期货,14270.0,-6332.0,20250910,PS2511,成交量,AP,
16,光大期货,12448.0,-1423.0,20250910,PS2511,成交量,AP,
17,东方财富期货,12016.0,-4594.0,20250910,PS2511,成交量,AP,
18,东吴期货,11469.0,-7710.0,20250910,PS2511,成交量,AP,
19,民生期货,11458.0,-2456.0,20250910,PS2511,成交量,AP,
20,申银万国,11072.0,-5762.0,20250910,PS2511,成交量,AP,
1,东证期货,15369.0,-326.0,20250911,AP2601,成交量,AP,
2,中信期货,11902.0,-897.0,20250911,AP2601,成交量,AP,
3,国泰君安,10012.0,-1656.0,20250911,AP2601,成交量,AP,
4,海通期货,6762.0,33.0,20250911,AP2601,成交量,AP,
5,浙商期货,5243.0,2942.0,20250911,AP2601,成交量,AP,
6,广发期货,4904.0,422.0,20250911,AP2601,成交量,AP,
7,光大期货,4354.0,-400.0,20250911,AP2601,成交量,AP,
8,冠通期货,4330.0,3529.0,20250911,AP2601,成交量,AP,
9,徽商期货,4303.0,154.0,20250911,AP2601,成交量,AP,
10,中泰期货,3332.0,-932.0,20250911,AP2601,成交量,AP,
11,银河期货,3156.0,206.0,20250911,AP2601,成交量,AP,
12,金瑞期货,3100.0,664.0,20250911,AP2601,成交量,AP,
13,中信建投,2896.0,153.0,20250911,AP2601,成交量,AP,
14,南华期货,2812.0,-94.0,20250911,AP2601,成交量,AP,
15,方正中期,2631.0,132.0,20250911,AP2601,成交量,AP,
16,东吴期货,2561.0,1098.0,20250911,AP2601,成交量,AP,
17,华泰期货,2528.0,128.0,20250911,AP2601,成交量,AP,
18,东方财富,2524.0,530.0,20250911,AP2601,成交量,AP,
19,华闻期货,2432.0,343.0,20250911,AP2601,成交量,AP,
20,五矿期货,2197.0,883.0,20250911,AP2601,成交量,AP,
1,中信期货,10556.0,-1346.0,20250912,AP2601,成交量,AP,
2,东证期货,9886.0,-5483.0,20250912,AP2601,成交量,AP,
3,国泰君安,8462.0,-1550.0,20250912,AP2601,成交量,AP,
4,海通期货,5316.0,-1446.0,20250912,AP2601,成交量,AP,
5,广发期货,4477.0,-427.0,20250912,AP2601,成交量,AP,
6,金瑞期货,4008.0,908.0,20250912,AP2601,成交量,AP,
7,光大期货,3971.0,-383.0,20250912,AP2601,成交量,AP,
8,浙商期货,3566.0,-1677.0,20250912,AP2601,成交量,AP,
9,徽商期货,3163.0,-1140.0,20250912,AP2601,成交量,AP,
10,中泰期货,3035.0,-297.0,20250912,AP2601,成交量,AP,
11,中信建投,2731.0,-165.0,20250912,AP2601,成交量,AP,
12,方正中期,2535.0,-96.0,20250912,AP2601,成交量,AP,
13,银河期货,2277.0,-879.0,20250912,AP2601,成交量,AP,
14,南华期货,2260.0,-552.0,20250912,AP2601,成交量,AP,
15,华闻期货,2079.0,-353.0,20250912,AP2601,成交量,AP,
16,东方财富,2047.0,-477.0,20250912,AP2601,成交量,AP,
17,华泰期货,1800.0,-728.0,20250912,AP2601,成交量,AP,
18,中财期货,1667.0,229.0,20250912,AP2601,成交量,AP,
19,兴证期货,1639.0,37.0,20250912,AP2601,成交量,AP,
20,中辉期货,1629.0,-449.0,20250912,AP2601,成交量,AP,
1,东证期货,10998.0,1112.0,20250915,AP2601,成交量,AP,
2,国泰君安,9879.0,1417.0,20250915,AP2601,成交量,AP,
3,中信期货,9009.0,-1547.0,20250915,AP2601,成交量,AP,
4,海通期货,6391.0,1075.0,20250915,AP2601,成交量,AP,
5,广发期货,4918.0,441.0,20250915,AP2601,成交量,AP,
6,光大期货,4640.0,669.0,20250915,AP2601,成交量,AP,
7,徽商期货,4100.0,937.0,20250915,AP2601,成交量,AP,
8,浙商期货,3809.0,243.0,20250915,AP2601,成交量,AP,
9,中泰期货,3642.0,607.0,20250915,AP2601,成交量,AP,
10,银河期货,3046.0,769.0,20250915,AP2601,成交量,AP,
11,中信建投,2890.0,159.0,20250915,AP2601,成交量,AP,
12,华闻期货,2439.0,360.0,20250915,AP2601,成交量,AP,
13,方正中期,2383.0,-152.0,20250915,AP2601,成交量,AP,
14,华泰期货,2361.0,561.0,20250915,AP2601,成交量,AP,
15,东方财富,2173.0,126.0,20250915,AP2601,成交量,AP,
16,中财期货,2172.0,505.0,20250915,AP2601,成交量,AP,
17,国信期货,2071.0,670.0,20250915,AP2601,成交量,AP,
18,创元期货,1989.0,489.0,20250915,AP2601,成交量,AP,
19,南华期货,1939.0,-321.0,20250915,AP2601,成交量,AP,
20,平安期货,1684.0,545.0,20250915,AP2601,成交量,AP,
1,中信期货,7783.0,-1226.0,20250916,AP2601,成交量,AP,
2,东证期货,7622.0,-3376.0,20250916,AP2601,成交量,AP,
3,国泰君安,6705.0,-3174.0,20250916,AP2601,成交量,AP,
4,海通期货,5111.0,-1280.0,20250916,AP2601,成交量,AP,
5,光大期货,3529.0,-1111.0,20250916,AP2601,成交量,AP,
6,浙商期货,3150.0,-659.0,20250916,AP2601,成交量,AP,
7,广发期货,2927.0,-1991.0,20250916,AP2601,成交量,AP,
8,徽商期货,2198.0,-1902.0,20250916,AP2601,成交量,AP,
9,中泰期货,2163.0,-1479.0,20250916,AP2601,成交量,AP,
10,银河期货,1957.0,-1089.0,20250916,AP2601,成交量,AP,
11,长安期货,1889.0,319.0,20250916,AP2601,成交量,AP,
12,创元期货,1736.0,-253.0,20250916,AP2601,成交量,AP,
13,金瑞期货,1701.0,821.0,20250916,AP2601,成交量,AP,
14,东方财富,1701.0,-472.0,20250916,AP2601,成交量,AP,
15,华泰期货,1686.0,-675.0,20250916,AP2601,成交量,AP,
16,华闻期货,1598.0,-841.0,20250916,AP2601,成交量,AP,
17,平安期货,1521.0,-163.0,20250916,AP2601,成交量,AP,
18,五矿期货,1482.0,39.0,20250916,AP2601,成交量,AP,
19,南华期货,1438.0,-501.0,20250916,AP2601,成交量,AP,
20,方正中期,1424.0,-959.0,20250916,AP2601,成交量,AP,
1,东证期货,8078.0,456.0,20250917,AP2601,成交量,AP,
2,中信期货,6507.0,-1276.0,20250917,AP2601,成交量,AP,
3,国泰君安,6096.0,-609.0,20250917,AP2601,成交量,AP,
4,海通期货,5487.0,376.0,20250917,AP2601,成交量,AP,
5,光大期货,3627.0,98.0,20250917,AP2601,成交量,AP,
6,广发期货,3346.0,419.0,20250917,AP2601,成交量,AP,
7,中泰期货,2447.0,284.0,20250917,AP2601,成交量,AP,
8,徽商期货,2321.0,123.0,20250917,AP2601,成交量,AP,
9,浙商期货,2215.0,-935.0,20250917,AP2601,成交量,AP,
10,华闻期货,2170.0,572.0,20250917,AP2601,成交量,AP,
11,华泰期货,1817.0,131.0,20250917,AP2601,成交量,AP,
12,银河期货,1720.0,-237.0,20250917,AP2601,成交量,AP,
13,中信建投,1644.0,323.0,20250917,AP2601,成交量,AP,
14,金瑞期货,1471.0,-230.0,20250917,AP2601,成交量,AP,
15,五矿期货,1400.0,-82.0,20250917,AP2601,成交量,AP,
16,东方财富,1391.0,-310.0,20250917,AP2601,成交量,AP,
17,瑞达期货,1325.0,290.0,20250917,AP2601,成交量,AP,
18,平安期货,1281.0,-240.0,20250917,AP2601,成交量,AP,
19,南华期货,1277.0,-161.0,20250917,AP2601,成交量,AP,
20,东吴期货,1205.0,421.0,20250917,AP2601,成交量,AP,
1,东证期货,6926.0,-1152.0,20250918,AP2601,成交量,AP,
2,国泰君安,6814.0,718.0,20250918,AP2601,成交量,AP,
3,中信期货,5529.0,-978.0,20250918,AP2601,成交量,AP,
4,海通期货,4199.0,-1288.0,20250918,AP2601,成交量,AP,
5,光大期货,3161.0,-466.0,20250918,AP2601,成交量,AP,
6,广发期货,3123.0,-223.0,20250918,AP2601,成交量,AP,
7,浙商期货,3095.0,880.0,20250918,AP2601,成交量,AP,
8,徽商期货,2881.0,560.0,20250918,AP2601,成交量,AP,
9,中泰期货,2101.0,-346.0,20250918,AP2601,成交量,AP,
10,银河期货,2009.0,289.0,20250918,AP2601,成交量,AP,
11,华泰期货,1712.0,-105.0,20250918,AP2601,成交量,AP,
12,中信建投,1710.0,66.0,20250918,AP2601,成交量,AP,
13,华闻期货,1687.0,-483.0,20250918,AP2601,成交量,AP,
14,南华期货,1653.0,376.0,20250918,AP2601,成交量,AP,
15,创元期货,1457.0,481.0,20250918,AP2601,成交量,AP,
16,五矿期货,1291.0,-109.0,20250918,AP2601,成交量,AP,
17,东吴期货,1226.0,21.0,20250918,AP2601,成交量,AP,
18,东方财富,1139.0,-252.0,20250918,AP2601,成交量,AP,
19,中辉期货,1063.0,-133.0,20250918,AP2601,成交量,AP,
20,平安期货,1051.0,-230.0,20250918,AP2601,成交量,AP,
1,东证期货,7359.0,433.0,20250919,AP2601,成交量,AP,
2,国泰君安,6028.0,-786.0,20250919,AP2601,成交量,AP,
3,中信期货,5528.0,-1.0,20250919,AP2601,成交量,AP,
4,海通期货,3926.0,-273.0,20250919,AP2601,成交量,AP,
5,光大期货,2737.0,-424.0,20250919,AP2601,成交量,AP,
6,浙商期货,2734.0,-361.0,20250919,AP2601,成交量,AP,
7,广发期货,2635.0,-488.0,20250919,AP2601,成交量,AP,
8,徽商期货,2359.0,-522.0,20250919,AP2601,成交量,AP,
9,国信期货,2129.0,1211.0,20250919,AP2601,成交量,AP,
10,中泰期货,2092.0,-9.0,20250919,AP2601,成交量,AP,
11,华泰期货,1882.0,170.0,20250919,AP2601,成交量,AP,
12,银河期货,1723.0,-286.0,20250919,AP2601,成交量,AP,
13,华闻期货,1705.0,18.0,20250919,AP2601,成交量,AP,
14,国贸期货,1692.0,924.0,20250919,AP2601,成交量,AP,
15,东吴期货,1471.0,245.0,20250919,AP2601,成交量,AP,
16,东方财富,1378.0,239.0,20250919,AP2601,成交量,AP,
17,南华期货,1343.0,-310.0,20250919,AP2601,成交量,AP,
18,中信建投,1333.0,-377.0,20250919,AP2601,成交量,AP,
19,国元期货,1184.0,193.0,20250919,AP2601,成交量,AP,
20,创元期货,1155.0,-302.0,20250919,AP2601,成交量,AP,
